AS65 Assembler for R6502 [1.42].                                     Page    1
---------------------------------- bank2.s -----------------------------------

5843 lines read, no errors in pass 1.
c000 =                       _bank2_start=0xc000
                             	include "kernel\kernel.s"
                             ;************************************************
                             ;*
                             ;*	BBC-128 HOMEBREW COMPUTER
                             ;*	Hardware and software design by @6502Nerd (Dol
                             ;*	Copyright 2014-20
                             ;*  Free to use for any non-commercial purpose su
                             ;*  appropriate credit of my authorship please!
                             ;*
                             ;*  KERNEL.S
                             ;*	The 'kernel' routine includes code and data wh
                             ;* 	be in every ROM bank.  In the auto-generated 
                             ;*  files, the kernel is added before the bank sp
                             ;*	code.  See bank0.s as an example.
                             ;*
                             ;************************************************
                             
                             ;* Include all definition and code files in the r
                             	include "inc\includes.i"
                             ;************************************************
                             ;*
                             ;*	BBC-128 HOMEBREW COMPUTER
                             ;*	Hardware and software design by @6502Nerd (Dol
                             ;*	Copyright 2014-20
                             ;*  Free to use for any non-commercial purpose su
                             ;*  appropriate credit of my authorship please!
                             ;*
                             ;*  INCLUDES.S
                             ;*  Main include file for key definitions and mac
                             ;*  Many of the settings here are exremely machin
                             ;*  Defines : IO block addresses, VIA port usage,
                             ;*  settings, useful macros, sound chip registers
                             ;*  VDP registers, ACIA registers.
                             ;*
                             ;************************************************
                             
                             ;* The IO block is at 0x04000 and decodes up to
                             ;* eight IO addresses, at 0x0080 intervals
                             ;* All eight are not used at the present time:
                             ;* - 0 : VIA 1 (Keyboard)
                             ;* - 1 : VIA 2 (Sound and SD card interface)
                             ;* - 2 : VDP (Video)
                             ;* - 3 : ACIA (Serial)
                             ;* - 4 : RTC (DS12887 real time clock + RAM)
0400 =                       IO_0		= 0x0400
0480 =                       IO_1		= 0x0480
0500 =                       IO_2		= 0x0500
0580 =                       IO_3		= 0x0580
0600 =                       IO_4		= 0x0600
0680 =                       IO_5		= 0x0680
0700 =                       IO_6		= 0x0700
0780 =                       IO_7		= 0x0780
                             
                             ;* VDP is accessed through IO_2
0500 =                       VDP_MODE0		= IO_2
0501 =                       VDP_MODE1		= IO_2+1
0501 =                       VDP_STATUS		= IO_2+1
0501 =                       VDP_ADDR		= IO_2+1
0500 =                       VDP_VRAM		= IO_2
0001 =                       VDP_SHORTDELAY	= 1
AS65 Assembler for R6502 [1.42].                                     Page    2
---------------------------------- bank2.s -----------------------------------

0003 =                       VDP_LONGDELAY 	= 3
0010 =                       VDP_FLASH		= 0x10				;* Must be a power of 2 *
                             
                             ;* This structure defines the key information
                             ;* kept about the VDP current mode
0000 =                       	struct vdp_addr_struct
0000 =                       	dw vdp_addr_nme				;* Address of name table
0002 =                       	dw vdp_addr_col				;* Address of colour table
0004 =                       	dw vdp_addr_pat				;* Address of pattern table
0006 =                       	dw vdp_addr_spa				;* Address of sprite pattern 
0008 =                       	dw vdp_addr_spp				;* Address of sprite position
000a =                       	db vdp_bord_col				;* Value of border colour
000b =                       	db vdp_gmode				;* Graphics mode 0,1,2 or 0x80 (
                             	end struct
                             
                             ;* Standard definitions of 6522 registers
                             ;* As found in the datasheets
0000 =                       PRB			= 0x00
0001 =                       PRA			= 0x01
0002 =                       DDRB		= 0x02
0003 =                       DDRA		= 0x03
0004 =                       T1CL		= 0x04
0005 =                       T1CH		= 0x05
0006 =                       T1LL		= 0x06
0007 =                       T1LH		= 0x07
0008 =                       T2CL		= 0x08
0009 =                       T2CH		= 0x09
000a =                       SR			= 0x0a
000b =                       ACR			= 0x0b
000c =                       PCR			= 0x0c
000d =                       IFR			= 0x0d
000e =                       IER			= 0x0e
000f =                       PRAH		= 0x0f
                             
0001 =                       IFR_CA2		= 0x01
0002 =                       IFR_CA1		= 0x02
                             
                             ;* AY-3-8910 definitions
                             ;* The sound chip is accessed through VIA 2
0481 =                       SND_ADBUS	= IO_1+PRA
0480 =                       SND_MODE	= IO_1+PRB
                             
0040 =                       SND_SELREAD			= 0x40
0002 =                       SND_SELWRITE		= 0x02
0042 =                       SND_SELSETADDR		= (SND_SELREAD|SND_SELWRITE)
00bd =                       SND_DESELECT_MASK	= (0xff-SND_SELREAD-SND_SELWRIT
                             
0000 =                       SND_REG_CHAPL	= 0x00
0001 =                       SND_REG_CHAPH	= 0x01
0002 =                       SND_REG_CHBPL	= 0x02
0003 =                       SND_REG_CHBPH	= 0x03
0004 =                       SND_REG_CHCPL	= 0x04
0005 =                       SND_REG_CHCPH	= 0x05
0006 =                       SND_REG_CHNP	= 0x06
0007 =                       SND_REG_CTL		= 0x07
0008 =                       SND_REG_CHAVOL	= 0x08
0009 =                       SND_REG_CHBVOL	= 0x09
000a =                       SND_REG_CHBVOL	= 0x0a
000b =                       SND_REG_ENVPL	= 0x0b
000c =                       SND_REG_ENVPH	= 0x0c
000d =                       SND_REG_ENVCYC	= 0x0d
                             
AS65 Assembler for R6502 [1.42].                                     Page    3
---------------------------------- bank2.s -----------------------------------

000e =                       SND_REG_IOA	= 0x0e
000f =                       SND_REG_IOB	= 0x0f
                             
                             ;* 6551 ACIA definitions
                             ;* As found in the datasheets
0580 =                       SER_DATA	= (IO_3+0)
0581 =                       SER_STATUS	= (IO_3+1)
0581 =                       SER_RESET	= (IO_3+1)
0582 =                       SER_CMD		= (IO_3+2)
0583 =                       SER_CTL		= (IO_3+3)
                             
0080 =                       SER_IRQ		= 0x80
0040 =                       SER_DSRB	= 0x40
0020 =                       SER_DCDB	= 0x20
0010 =                       SER_TDRE	= 0x10
0008 =                       SER_RDRF	= 0x08
0004 =                       SER_OVRN	= 0x04
0002 =                       SER_FE		= 0x02
0001 =                       SER_PE		= 0x01
0080 =                       SER_SBN		= 0x80
0040 =                       SER_WL1		= 0x40
0020 =                       SER_WL0		= 0x20
0060 =                       SER_WL		= (SER_WL1|SER_WL0)
0010 =                       SER_RCS		= 0x10
0008 =                       SER_SBR3	= 0x08
0004 =                       SER_SBR2	= 0x04
0002 =                       SER_SBR1	= 0x02
0001 =                       SER_SBR0	= 0x01
000f =                       SER_SBR		= (SER_SBR3|SER_SBR2|SER_SBR1|SER_SBR0)
000f =                       SER_19200B	= (SER_SBR3|SER_SBR2|SER_SBR1|SER_SBR0
000e =                       SER_9600B	= (SER_SBR3|SER_SBR2|SER_SBR1)
0080 =                       SER_PMC1	= 0x80
0040 =                       SER_PMC0	= 0x40
00c0 =                       SER_PMC		= (SER_PMC1|SER_PMC0)
0020 =                       SER_PME		= 0x20
0010 =                       SER_REM		= 0x10
0008 =                       SER_TIC1	= 0x08
0004 =                       SER_TIC0	= 0x04
000c =                       SER_TIC		= (SER_TIC1|SER_TIC0)
0002 =                       SER_IRD		= 0x02
0001 =                       SER_DTR		= 0x01
                             
                             ;* BBC keyboard definitions
                             ;* The keyboard is accessed through VIA 1
                             ;* Port A - all output
0001 =                       KB_ROWA		= 0x01
0002 =                       KB_ROWB		= 0x02
0004 =                       KB_ROWC		= 0x04
0008 =                       KB_COLA		= 0x08
0010 =                       KB_COLB		= 0x10
0020 =                       KB_COLC		= 0x20
0040 =                       KB_COLD		= 0x40
0080 =                       KB_EN		= 0x80
                             ;* Port B
0001 =                       KB_W		= 0x01			; Input - BBC keyboard hardware se
0002 =                       KB_LED0		= 0x02			; Output - led 0
0004 =                       KB_LED1		= 0x04			; Output - led 1
0008 =                       KB_LED2		= 0x08			; Output - led 2
0001 =                       KB_CAPSLK	= 0x01			; Id of Caps Lock - maps to Le
0002 =                       KB_SHIFTLK	= 0x02			; Id of Shift lock - maps to 
                             
0003 =                       KB_REP_TIM	= 3				; Number of VB periods for the 
AS65 Assembler for R6502 [1.42].                                     Page    4
---------------------------------- bank2.s -----------------------------------

0014 =                       KB_REP_DEL	= 20			; Number of VB periods before r
0002 =                       KB_DEBOUNCE	= 2				; Number of VB periods before 
                             
0001 =                       UTF_SOH		= 0x01
0003 =                       UTF_ETX		= 0x03			; Break character
0007 =                       UTF_BEL		= 0x07
0008 =                       CRSR_LEFT	= 0x08
0009 =                       CRSR_RIGHT	= 0x09
000a =                       CRSR_DOWN	= 0x0a
000b =                       CRSR_UP		= 0x0b
0006 =                       UTF_ACK		= 0x06			; Used for the copy key in this
000c =                       UTF_FF		= 0x0c
000d =                       UTF_CR		= 0x0d
0015 =                       UTF_NACK	= 0x15
0017 =                       UTF_ETB		= 0x17
001a =                       UTF_BRK		= 0x1a			; Debug - drop in to monitor
007f =                       UTF_DEL		= 0x7f
0020 =                       UTF_SPECIAL = 0x20
                             
                             ;* SD Card interface definitions
                             ;* The card is accessed through port B of VIA 2
0001 =                       SD_CLK		= 0x01			; Clock output to SD card
0004 =                       SD_CD		= 0x04			; Card detect input
0008 =                       SD_CS		= 0x08			; Card select output
0010 =                       SD_DI		= 0x10			; Data output from VIA to SD Card
0080 =                       SD_DO		= 0x80			; Data input to VIA from SD card
                             
0010 =                       SD_MOSI		= SD_DI
0080 =                       SD_MISO		= SD_DO
0480 =                       SD_REG		= IO_1+PRB
                             
0000 =                       CMD_ERR_NOERROR			= 0x00
0001 =                       CMD_ERR_NOTFOUND		= 0x01
0002 =                       CMD_ERR_PARM			= 0x02
0003 =                       CMD_ERR_VAL				= 0x03
                             
                             ;* Memory management definitions
                             ;* Y1,Y0 = ROM bank selection CIA1 PORTB
0080 =                       MM_Y1					= 0x80
0040 =                       MM_Y0					= 0x40
                             ;* X1,X0 = RAM bank selection CIA1 PORTB
0020 =                       MM_X1					= 0x20
0010 =                       MM_X0					= 0x10
                             ;* DIS = ROM disable *CIA2* PORTB
0020 =                       MM_DIS					= 0x20
                             
                             ;* Number formats for conversion routines
0000 =                       NUM_ANY		= 0x00
0001 =                       NUM_DEC		= 0x01
0002 =                       NUM_HEX		= 0x02
0003 =                       NUM_BIN		= 0x03
                             
                             	
                             ;* SD Card Master Boot Record (MBR) definitions
                             ;* The MBR contains the essential information
                             ;* needed to access the data on the card
                             ;* MBR is usually sector 0, but not always
                             ;* however the card I am using does work ok.
0000 =                       MBR_Code				=	0x0000
0003 =                       MBR_OEMName				=	0x0003
000b =                       MBR_BytesPerSect		=	0x000b
000d =                       MBR_SectPerClust		=	0x000d
AS65 Assembler for R6502 [1.42].                                     Page    5
---------------------------------- bank2.s -----------------------------------

000e =                       MBR_ResvSect			=	0x000e
0010 =                       MBR_FATCopies			=	0x0010
0011 =                       MBR_RootEntries			=	0x0011
0013 =                       MBR_SmlSect				=	0x0013
0015 =                       MBR_MediaDesc			=	0x0015
0016 =                       MBR_SectPerFAT			=	0x0016
0018 =                       MBR_SectPerTrk			=	0x0018
001a =                       MBR_NumHeads			=	0x001a
001c =                       MBR_NumHidSect			=	0x001c
0020 =                       MBR_NumSect				=	0x0020
0024 =                       MBR_DrvNum				=	0x0024
0026 =                       MBR_ExtSig				=	0x0026
0027 =                       MBR_SerNo				=	0x0027
002b =                       MBR_VolName				=	0x002b
0036 =                       MBR_FATName				=	0x0036
003e =                       MBR_ExeCode				=	0x003e
01c6 =                       MBR_BootPart1			=	(0x01be+0x08)
01fe =                       MBR_ExeMark				=	0x01fe
                             
                             ;* FAT16 definitions - these are offsets
                             ;* in to a FAT table entry which is
                             ;* 32 bytes in length.
0000 =                       	struct FATFileDesc
0000 =                       	ds FAT_Name,8
0008 =                       	ds FAT_Ext,3
000b =                       	ds FAT_Attr,1
000c =                       	ds FAT_Resv,1
000d =                       	ds FAT_Createms,1
000e =                       	ds FAT_CreateTime,2
0010 =                       	ds FAT_CreateDate,2
0012 =                       	ds FAT_AccessDate,2
0014 =                       	ds FAT_EAIndex,2
0016 =                       	ds FAT_ModTime,2
0018 =                       	ds FAT_ModDate,2
001a =                       	ds FAT_FirstClust,2
001c =                       	ds FAT_FileSize,4
                             	end struct
                             
                             ;* Flag to mark file as a directory
0010 =                       FAT_Attr_Dir			=	0x10
                             
                             ;* The FileHandle stucture is key to
                             ;* accessing the file system
0000 =                       	struct FileHandle
0000 =                       	ds FH_Name, 13				; 8 name, 3 extension, 1 separ
000d =                       	ds FH_Attr, 1				; What kind of file ** keep str
000e =                       	ds FH_Size, 4				; File size
0012 =                       	ds FH_CurrClust, 2			; Current cluster
0014 =                       	ds FH_SectCounter, 1		; Sector counter to know w
0015 =                       	ds FH_CurrSec, 4			; Current sector
0019 =                        	ds FH_Pointer, 4			; Pointer in to file for nex
001d =                       	ds FH_DirSect, 4			; Parent directory sector
0021 =                       	ds FH_DirOffset, 2			; Offset of this entry in t
0023 =                       	ds FH_FirstClust, 2			; First cluster of file da
0025 =                       	ds FH_LastClust, 2			; Last cluster accessed
0027 =                       	ds FH_TimeDate, 5			; Time-Date created (ms, tim
002c =                       	ds FH_FileMode, 1			; File mode (0=read, else wr
002d =                       	ds FH_FSpecPtr, 2			; Pointer to file spec being
                             	end struct
                             
0001 =                       FS_BLK_FLG_LOAD		 	= 	0x01		; On next byte, load 
0002 =                       FS_BLK_FLG_FLUSH		=	0x02		; Block has changed, ne
AS65 Assembler for R6502 [1.42].                                     Page    6
---------------------------------- bank2.s -----------------------------------

                             	
0001 =                       FS_ERR_EOF				=	0x01
                             
                             
                             ;* USEFUL MACROS HERE
                             
                             ;* Software break to throw errors
                             ;* use like this : SWBRK XX
                             ;* Where XX is the error code
                             SWBRK macro sig
                             	brk
                             	db sig
                             	endm
                             
                             _pushAXY macro
                             	pha
                             	phx
                             	phy
                             	endm
                             
                             _pullAXY macro
                             	ply
                             	plx
                             	pla
                             	endm
                             
                             _println macro msg
                             	_pushAXY
                             	ldx #lo(msg)
                             	lda #hi(msg)
                             	jsr io_print_line
                             	_pullAXY
                             	endm
                             
                             _println_low macro msg
                             	ldx #lo(msg)
                             	lda #hi(msg)
                             	jsr io_print_line
                             	endm
                             
                             _printmsgA macro msg
                             	phx
                             	phy
                             	pha
                             	ldx #lo(msg)
                             	lda #hi(msg)
                             	jsr io_print_line
                             	pla
                             	pha
                             	jsr str_a_to_x
                             	jsr _put_byte
                             	txa
                             	jsr _put_byte
                             	lda #UTF_CR
                             	jsr _put_byte
                             	pla
                             	ply
                             	plx
                             	endm
                             
                             _printA macro
                             	phx
AS65 Assembler for R6502 [1.42].                                     Page    7
---------------------------------- bank2.s -----------------------------------

                             	phy
                             	pha
                             	jsr str_a_to_x
                             	jsr _put_byte
                             	txa
                             	jsr _put_byte
                             	pla
                             	ply
                             	plx
                             	endm
                             
                             _printCRLF macro
                             	pha
                             	lda #UTF_CR
                             	jsr _put_byte
                             	pla
                             	endm
                             
                             _printC macro ch
                             	pha
                             	lda #ch
                             	jsr _put_byte
                             	pla
                             	endm
                             
                             _printCA macro
                             	pha
                             	jsr _put_byte
                             	pla
                             	endm
                             
                             _sendcmd macro cmd
                             	_pushAXY
                             	ldx #lo(cmd)
                             	lda #hi(cmd)
                             	jsr sd_sendcmd
                             	_pullAXY
                             	endm
                             
                             _incZPWord macro wordp
                             	inc wordp
                             	db	0xd0, 0x02
                             	inc wordp+1
                             	endm
                             
                             _decZPWord macro wordp
                             	pha
                             	sec
                             	lda wordp
                             	sbc #1
                             	sta wordp
                             	lda wordp+1
                             	sbc #0
                             	sta wordp+1
                             	pla
                             	endm
                             
                             _decZPWordA macro wordp
                             	sec
                             	lda wordp
                             	sbc #1
                             	sta wordp
AS65 Assembler for R6502 [1.42].                                     Page    8
---------------------------------- bank2.s -----------------------------------

                             	lda wordp+1
                             	sbc #0
                             	sta wordp+1
                             	endm
                             
                             _cpyZPWord macro worda,wordb
                             	lda worda
                             	sta wordb
                             	lda worda+1
                             	sta wordb+1
                             	endm
                             	
                             _addZPWord macro worda, wordb
                             	clc
                             	lda worda
                             	adc wordb
                             	sta worda
                             	lda worda+1
                             	adc wordb+1
                             	sta worda+1
                             	endm
                             
                             _subZPWord macro worda, wordb
                             	sec
                             	lda worda
                             	sbc wordb
                             	sta worda
                             	lda worda+1
                             	sbc wordb+1
                             	sta worda+1
                             	endm
                             	
                             _adcZPWord macro worda,const
                             	clc
                             	lda worda
                             	adc #const
                             	sta worda
                             	lda worda+1
                             	adc #0
                             	sta worda+1
                             	endm
                             
                             _adcZPByte macro worda, byte
                             	clc
                             	lda worda
                             	adc byte
                             	sta worda
                             	db 0x90, 0x02		; bcc 2
                             	inc worda+1
                             	endm
                             
                             _sbcZPByte macro worda, byte
                             	sec
                             	lda worda
                             	sbc byte
                             	sta worda
                             	db 0xb0, 0x02		; bcs 2
                             	inc worda+1
                             	endm
                             
                             _bcc macro skip
                             	db 0x90, skip
AS65 Assembler for R6502 [1.42].                                     Page    9
---------------------------------- bank2.s -----------------------------------

                             	endm
                             
                             _bcs macro skip
                             	db 0xb0, skip
                             	endm
                             
                             _df_ost_peekType macro
                             	ldy df_parmtop
                             	lda df_rtstck-1,y
                             	endm
                             
                             	include "inc\graph.i"
                             ;************************************************
                             ;*
                             ;*	BBC-128 HOMEBREW COMPUTER
                             ;*	Hardware and software design by @6502Nerd (Dol
                             ;*	Copyright 2014-20
                             ;*  Free to use for any non-commercial purpose su
                             ;*  appropriate credit of my authorship please!
                             ;*
                             ;*  GRAPH.I
                             ;*  This is the definition file for graphics, spe
                             ;*  The graphics screen handling module.  It is j
                             ;*  structure definition - but this structure is 
                             ;*  record the important attributes of a text scr
                             ;*  Needed because there is both a 40 and 32 colu
                             ;*  supported by the VDP, and the screens are not
                             ;*  same location.
                             ;*
                             ;************************************************
                             
0000 =                       	struct gr_screen
0000 =                       	dw gr_screen_start			; Start of screen memory in
0002 =                       	dw gr_screen_size			; Number of bytes screen occ
0004 =                       	db gr_screen_w				; Number of columns
0005 =                       	db gr_screen_h				; Number of rows
0006 =                       	db gr_cur_off				; Y offset of cursor image from
0007 =                       	db gr_cur_x					; Current X position of cursor
0008 =                       	db gr_cur_y					; Current Y position of cursor
0009 =                       	dw gr_cur_ptr				; VDP address of cursor
000b =                       	db gr_pixmode				; Pixel plot mode (0=Erase, 1=P
000c =                       	db gr_pixmask				; Pixel plot mask
000d =                       	db gr_pixcol				; Pixel colour
000e =                       	dw gr_geom_tmp				; One word of temp storage for
                             	end struct
                             	include "io\io.i"
                             ;************************************************
                             ;*
                             ;*	BBC-128 HOMEBREW COMPUTER
                             ;*	Hardware and software design by @6502Nerd (Dol
                             ;*	Copyright 2014-20
                             ;*  Free to use for any non-commercial purpose su
                             ;*  appropriate credit of my authorship please!
                             ;*
                             ;*  IO.I
                             ;*  Definitions file for the IO module.  The key 
                             ;*  used by the IO system is defined here.
                             ;*
                             ;************************************************
                             
                             ;* General IO structure allows the system to swap
                             ;* different IO devices by using indirect calls t
AS65 Assembler for R6502 [1.42].                                     Page   10
---------------------------------- bank2.s -----------------------------------

                             ;* the appropriate routines.
0000 =                       	struct io_struct
0000 =                       	ds	io_get_byte,	2			;* Address of get byte
0002 =                       	ds	io_put_byte,	2			;* Address of put byte
0004 =                       	ds	io_open_r,		2			;* Address of open file for r
0006 =                       	ds	io_open_w,		2			;* Address of open file for w
0008 =                       	ds	io_close_f,		2			;* Address of close file
000a =                       	ds	io_del_f,		2			;* Address of delete file
000c =                       	ds	io_ext1,		2			;* Address of extended function
000e =                       	ds	io_ext2,		2			;* Address of extended function
                             	end struct
                             	include "rtc\rtc.i"
                             ;************************************************
                             ;*
                             ;*	BBC-128 HOMEBREW COMPUTER
                             ;*	Hardware and software design by @6502Nerd (Dol
                             ;*	Copyright 2014-20
                             ;*  Free to use for any non-commercial purpose su
                             ;*  appropriate credit of my authorship please!
                             ;*
                             ;*  RTC.I
                             ;*  Definitions file for the RTC module.  The key
                             ;*  used by the real time clock is defined here.
                             ;*  It is a DS1288
                             ;*
                             ;************************************************
                             
0000 =                       RTC_SEC		= 0x00
0001 =                       RTC_SECA	= 0x01
0002 =                       RTC_MIN		= 0x02
0003 =                       RTC_MINA	= 0x03
0004 =                       RTC_HR		= 0x04
0005 =                       RTC_HRA		= 0x05
0006 =                       RTC_DOW		= 0x06
0007 =                       RTC_DAY		= 0x07
0008 =                       RTC_MTH		= 0x08
0009 =                       RTC_YR		= 0x09
000a =                       RTC_REGA	= 0x0a
000b =                       RTC_REGB	= 0x0b
000c =                       RTC_REGC	= 0x0c
000d =                       RTC_REGD	= 0x0d
                             
0080 =                       RTC_UIP		= 0x80
0040 =                       RTC_DV2		= 0x40
0020 =                       RTC_DV1		= 0x20
0010 =                       RTC_DV0		= 0x10
0080 =                       RTC_RS3		= 0x80
0040 =                       RTC_RS2		= 0x40
0020 =                       RTC_RS1		= 0x20
0010 =                       RTC_RS0		= 0x10
                             
0080 =                       RTC_SET		= 0x80
0040 =                       RTC_PIE		= 0x40
0020 =                       RTC_AIE		= 0x20
0010 =                       RTC_UIE		= 0x10
0080 =                       RTC_SQWE	= 0x80
0004 =                       RTC_DM		= 0x04
0002 =                       RTC_2412	= 0x02
0001 =                       RTC_DSE		= 0x01
                             
0080 =                       RTC_IRQF	= 0x80
0040 =                       RTC_PF		= 0x40
AS65 Assembler for R6502 [1.42].                                     Page   11
---------------------------------- bank2.s -----------------------------------

0020 =                       RTC_AF		= 0x20
0010 =                       RTC_UF		= 0x10
                             
0080 =                       RTC_VRT		= 0x80
                             
0600 =                       RTC_ADDR	= 0x600
0601 =                       RTC_DATA	= 0x601
                             
000e =                       NV_MODE     = 0x0e          ; Default boot up scr
000f =                       NV_COLOUR   = 0x0f          ; Default boot up col
                             
003f =                       NV_RAMSZ    = 63            ; Checksum byte in NV
                             	include "dflat\dflat.i"
                             ;************************************************
                             ;*
                             ;*	BBC-128 HOMEBREW COMPUTER
                             ;*	Hardware and software design by @6502Nerd (Dol
                             ;*	Copyright 2014-20
                             ;*  Free to use for any non-commercial purpose su
                             ;*  appropriate credit of my authorship please!
                             ;*
                             ;*  DFLAT.I
                             ;*  This is the main definitions file for dflat. 
                             ;*  definitions are in here to access the data st
                             ;*  used by dflat.
                             ;*
                             ;************************************************
                             
                             ;* Start dflat program memory
0cb6 =                       DF_PROGSTART=	mem_start
                             ;* This is the top of usable dflat memory plus 1
c000 =                       DF_MEMTOP	=	0xc000
                             
                             ;* Offset in to tokenised line of length and line
0000 =                       DFTK_LINLEN	=	0x00
0001 =                       DFTK_LINNUM	=	0x01
                             
                             ;* Flags for token, escape value for data types a
0080 =                       DFTK_TOKEN	=	0x80
0020 =                       DFTK_ESCVAL	=	0x20
0000 =                       DFTK_EOL	=	0x00
                             
                             ;* Numeric constants are encoded based on size an
                             ;* user representation.
                             ;* For example the decimal value 16 will be encod
                             ;* DFTK_INTDEC followed by the bytes 0 and 16 to 
                             ;* The same value in binary will be encoded as DF
                             ;* followed by the same 0 and 16 bytes.  This is 
                             ;* tokenised value to be displayed in original re
                             ;* So in the two examples, they will be shown as 
                             ;* '0x0010' respectively.
0000 =                       DFTK_CHR	=	0x00
0001 =                       DFTK_RESV1	=	0x01
0002 =                       DFTK_RESV2	=	0x02
0003 =                       DFTK_RESV3	=	0x03
0004 =                       DFTK_RESV4	=	0x04
0005 =                       DFTK_BYTDEC	=	0x05
0006 =                       DFTK_BYTHEX = 	0x06
0007 =                       DFTK_BYTBIN =	0x07
0008 =                       DFTK_RESV8	=	0x08
0009 =                       DFTK_INTDEC	=	0x09
000a =                       DFTK_INTHEX =	0x0a
AS65 Assembler for R6502 [1.42].                                     Page   12
---------------------------------- bank2.s -----------------------------------

000b =                       DFTK_INTBIN	=	0x0b
000c =                       DFTK_RESVC	=	0x0c
000d =                       DFTK_RESVD	=	0x0d
000e =                       DFTK_RESVE	=	0x0e
000f =                       DFTK_RESVF	=	0x0f
                             
                             ;* String constant, variable and procedure tokens
0010 =                       DFTK_STRLIT	=	0x10
0011 =                       DFTK_VAR	=	0x11
0012 =                       DFTK_PROC	=	0x12
001f =                       DFTK_STEND	=	0x1f
                             
                             ;* Qualifier for non-local parameters passed to a
0026 =                       DFTK_VARPARM=	'&'
                             
                             ;* Variable Value Table (VVT) definitions
                             ;* The VVT records the values of variables define
                             ;* the Variable Name Table (VNT).  When a variabl
                             ;* used, it is added to the VNT, and the position
                             ;* VNT is used as an index in to the VVT.
                             ;* Every VVT entry is 8 bytes - so the VNT index 
                             ;* shifted left 3 bits to get the VVT offset.
                             ;* The VNT grows from top of memory down, the VVT
                             ;* grows from start of VNT down.
                             
                             ;* Index in to each entry of the VVT
0000 =                       DFVVT_TYPE	=	0x00
0001 =                       DFVVT_LO	=	0x01
0002 =                       DFVVT_HI	=	0x02
0003 =                       DFVVT_DIM1	=	0x03
0004 =                       DFVVT_DIM2	=	0x04
0008 =                       DFVVT_SZ	=	0x08	;VVT is aligned to 8 byte blocks
                             
                             ;* The meaning of the DFVVT_TYPE entry
0001 =                       DFVVT_INT	=	0x01
0002 =                       DFVVT_BYT	=	0x02
0004 =                       DFVVT_STR	=	0x04
0008 =                       DFVVT_FLT	=	0x08
0040 =                       DFVVT_PROC	=	0x40
0080 =                       DFVVT_PTR	=	0x80
                             
                             ;* Flags indicating the meaning of a token
                             ;* A token has the top bit set (0x80), then the
                             ;* remaining bits indicate what it represents.
0001 =                       DFTK_KW		=	0x01
0002 =                       DFTK_FN		=	0x02
0004 =                       DFTK_STROP	=	0x04
0008 =                       DFTK_OP		=	0x08
0010 =                       DFTK_INT	=	0x10
0020 =                       DFTK_BYT	=	0x20
0040 =                       DFTK_STR	=	0x40
0080 =                       DFTK_FLT	=	0x80
0007 =                       DFTK_OPMSK	=	0x07
00f8 =                       DFTK_RTMSK	= 	0xf8
                             
                             ;* Defines what type of value is on the parameter
                             ;* All numerics are stored as INT, all STR
                             ;* are pointers to the actual string, thus
                             ;* all entries in the parmeter stack are 3 bytes
0003 =                       DFST_INT	=	DFVVT_INT|DFVVT_BYT
0004 =                       DFST_STR	=	DFVVT_STR
00ff =                       DFST_PTR	=	0xff
AS65 Assembler for R6502 [1.42].                                     Page   13
---------------------------------- bank2.s -----------------------------------

                             
                             ;* Token values of specific commands, used during
                             ;* command processing.
                             ;* ANY CHANGE TO THE ORDER OF KEYWORDS NEEDS TO R
0086 =                       DFRT_DEF	=	0x86
0087 =                       DFRT_ENDDEF	=	0x87
0088 =                       DFRT_RETURN	=	0x88
0089 =                       DFRT_ABORT	=	0x89
008c =                       DFRT_REPEAT	=	0x8c
008e =                       DFRT_FOR	=	0x8e
008f =                       DFRT_NEXT	=	0x8f
0090 =                       DFRT_WHILE	=	0x90
0091 =                       DFRT_WEND	=	0x91
0092 =                       DFRT_IF		=	0x92
0093 =                       DFRT_ELSE	=	0x93
0094 =                       DFRT_ENDIF	=	0x94
0095 =                       DFRT_ELSEIF	=	0x95
0096 =                       DFRT_DATA	=	0x96
0097 =                       DFRT_ASM	=	0x97
                             
                             _PushTrueJmp macro
                             	ldx #0xff
                             	txa
                             	jmp df_ost_pushInt
                             	endm
                             
                             _PushFalseJmp macro
                             	ldx #0x00
                             	txa
                             	jmp df_ost_pushInt
                             	endm
                             
                             	include "dflat\dflat.i"
                             ;************************************************
                             ;*
                             ;*	BBC-128 HOMEBREW COMPUTER
                             ;*	Hardware and software design by @6502Nerd (Dol
                             ;*	Copyright 2014-20
                             ;*  Free to use for any non-commercial purpose su
                             ;*  appropriate credit of my authorship please!
                             ;*
                             ;*  DFLAT.I
                             ;*  This is the main definitions file for dflat. 
                             ;*  definitions are in here to access the data st
                             ;*  used by dflat.
                             ;*
                             ;************************************************
                             
                             ;* Start dflat program memory
0cb6 =                       DF_PROGSTART=	mem_start
                             ;* This is the top of usable dflat memory plus 1
c000 =                       DF_MEMTOP	=	0xc000
                             
                             ;* Offset in to tokenised line of length and line
0000 =                       DFTK_LINLEN	=	0x00
0001 =                       DFTK_LINNUM	=	0x01
                             
                             ;* Flags for token, escape value for data types a
0080 =                       DFTK_TOKEN	=	0x80
0020 =                       DFTK_ESCVAL	=	0x20
0000 =                       DFTK_EOL	=	0x00
                             
AS65 Assembler for R6502 [1.42].                                     Page   14
---------------------------------- bank2.s -----------------------------------

                             ;* Numeric constants are encoded based on size an
                             ;* user representation.
                             ;* For example the decimal value 16 will be encod
                             ;* DFTK_INTDEC followed by the bytes 0 and 16 to 
                             ;* The same value in binary will be encoded as DF
                             ;* followed by the same 0 and 16 bytes.  This is 
                             ;* tokenised value to be displayed in original re
                             ;* So in the two examples, they will be shown as 
                             ;* '0x0010' respectively.
0000 =                       DFTK_CHR	=	0x00
0001 =                       DFTK_RESV1	=	0x01
0002 =                       DFTK_RESV2	=	0x02
0003 =                       DFTK_RESV3	=	0x03
0004 =                       DFTK_RESV4	=	0x04
0005 =                       DFTK_BYTDEC	=	0x05
0006 =                       DFTK_BYTHEX = 	0x06
0007 =                       DFTK_BYTBIN =	0x07
0008 =                       DFTK_RESV8	=	0x08
0009 =                       DFTK_INTDEC	=	0x09
000a =                       DFTK_INTHEX =	0x0a
000b =                       DFTK_INTBIN	=	0x0b
000c =                       DFTK_RESVC	=	0x0c
000d =                       DFTK_RESVD	=	0x0d
000e =                       DFTK_RESVE	=	0x0e
000f =                       DFTK_RESVF	=	0x0f
                             
                             ;* String constant, variable and procedure tokens
0010 =                       DFTK_STRLIT	=	0x10
0011 =                       DFTK_VAR	=	0x11
0012 =                       DFTK_PROC	=	0x12
001f =                       DFTK_STEND	=	0x1f
                             
                             ;* Qualifier for non-local parameters passed to a
0026 =                       DFTK_VARPARM=	'&'
                             
                             ;* Variable Value Table (VVT) definitions
                             ;* The VVT records the values of variables define
                             ;* the Variable Name Table (VNT).  When a variabl
                             ;* used, it is added to the VNT, and the position
                             ;* VNT is used as an index in to the VVT.
                             ;* Every VVT entry is 8 bytes - so the VNT index 
                             ;* shifted left 3 bits to get the VVT offset.
                             ;* The VNT grows from top of memory down, the VVT
                             ;* grows from start of VNT down.
                             
                             ;* Index in to each entry of the VVT
0000 =                       DFVVT_TYPE	=	0x00
0001 =                       DFVVT_LO	=	0x01
0002 =                       DFVVT_HI	=	0x02
0003 =                       DFVVT_DIM1	=	0x03
0004 =                       DFVVT_DIM2	=	0x04
0008 =                       DFVVT_SZ	=	0x08	;VVT is aligned to 8 byte blocks
                             
                             ;* The meaning of the DFVVT_TYPE entry
0001 =                       DFVVT_INT	=	0x01
0002 =                       DFVVT_BYT	=	0x02
0004 =                       DFVVT_STR	=	0x04
0008 =                       DFVVT_FLT	=	0x08
0040 =                       DFVVT_PROC	=	0x40
0080 =                       DFVVT_PTR	=	0x80
                             
                             ;* Flags indicating the meaning of a token
AS65 Assembler for R6502 [1.42].                                     Page   15
---------------------------------- bank2.s -----------------------------------

                             ;* A token has the top bit set (0x80), then the
                             ;* remaining bits indicate what it represents.
0001 =                       DFTK_KW		=	0x01
0002 =                       DFTK_FN		=	0x02
0004 =                       DFTK_STROP	=	0x04
0008 =                       DFTK_OP		=	0x08
0010 =                       DFTK_INT	=	0x10
0020 =                       DFTK_BYT	=	0x20
0040 =                       DFTK_STR	=	0x40
0080 =                       DFTK_FLT	=	0x80
0007 =                       DFTK_OPMSK	=	0x07
00f8 =                       DFTK_RTMSK	= 	0xf8
                             
                             ;* Defines what type of value is on the parameter
                             ;* All numerics are stored as INT, all STR
                             ;* are pointers to the actual string, thus
                             ;* all entries in the parmeter stack are 3 bytes
0003 =                       DFST_INT	=	DFVVT_INT|DFVVT_BYT
0004 =                       DFST_STR	=	DFVVT_STR
00ff =                       DFST_PTR	=	0xff
                             
                             ;* Token values of specific commands, used during
                             ;* command processing.
                             ;* ANY CHANGE TO THE ORDER OF KEYWORDS NEEDS TO R
0086 =                       DFRT_DEF	=	0x86
0087 =                       DFRT_ENDDEF	=	0x87
0088 =                       DFRT_RETURN	=	0x88
0089 =                       DFRT_ABORT	=	0x89
008c =                       DFRT_REPEAT	=	0x8c
008e =                       DFRT_FOR	=	0x8e
008f =                       DFRT_NEXT	=	0x8f
0090 =                       DFRT_WHILE	=	0x90
0091 =                       DFRT_WEND	=	0x91
0092 =                       DFRT_IF		=	0x92
0093 =                       DFRT_ELSE	=	0x93
0094 =                       DFRT_ENDIF	=	0x94
0095 =                       DFRT_ELSEIF	=	0x95
0096 =                       DFRT_DATA	=	0x96
0097 =                       DFRT_ASM	=	0x97
                             
                             _PushTrueJmp macro
                             	ldx #0xff
                             	txa
                             	jmp df_ost_pushInt
                             	endm
                             
                             _PushFalseJmp macro
                             	ldx #0x00
                             	txa
                             	jmp df_ost_pushInt
                             	endm
                             
                             	include "dflat\error.i"
                             ;************************************************
                             ;*
                             ;*	BBC128
                             ;*	Dolo Miah (@6502Nerd)
                             ;*	Copyright (c) 2020
                             ;*  Free to use for any non-commercial purpose su
                             ;*  credit of original my authorship please!
                             ;*
                             ;*  ERROR.I
AS65 Assembler for R6502 [1.42].                                     Page   16
---------------------------------- bank2.s -----------------------------------

                             ;*  Error definitions file.
                             ;*  The macro to throw an error is elswhere, but 
                             ;*  It issues a 6502 BRK commmand with the next b
                             ;*  the error code.  The BRK handler then picks u
                             ;*  code and shows the appropriate message plus a
                             ;*  number if a program was running.
                             ;*
                             ;************************************************
                             
                             	; ROM code
                             	code  
                             
                             ; Error message numbers
0000 =                       DFERR_OK		=	0
0001 =                       DFERR_SYNTAX	=	1
0002 =                       DFERR_TYPEMISM	=	2
0003 =                       DFERR_DIM		=	3
0004 =                       DFERR_UNTIL		=	4
0005 =                       DFERR_NOPROC	=	5
0006 =                       DFERR_PROCPARM	=	6
0007 =                       DFERR_IMMEDIATE	=	7
0008 =                       DFERR_UNCLOSEDIF=	8
0009 =                       DFERR_NOIF		=	9
000a =                       DFERR_NEXTFOR	=	10
000b =                       DFERR_FNAME		=	11
000c =                       DFERR_STRLONG	=	12
000d =                       DFERR_BREAK		=	13
000e =                       DFERR_NODATA	=	14
000f =                       DFERR_WEND		=	15
0010 =                       DFERR_NOLINE	=	16
0011 =                       DFERR_RETURN	=	17
0012 =                       DFERR_ABORT		=	18
0013 =                       DFERR_QUANTITY	=	19
0014 =                       DFERR_NOORG		=	20
                             
                             
                             
                             	include "bank\bank.i"
c000 =                       bankjsr_nul_addr	=	0xc000
0000 =                       bankjsr_nul_bank	=	0x00
003f =                       ROM_ZMASK			=	0x3f
00cf =                       RAM_ZMASK			=	0xcf
                             
                             _bankjsr	macro	addr,bank
                             	; Save A
                             	sta tmp_bank1
                             	
                             	; Save current bank
                             	lda bank_num
                             	pha
                             	
                             	; Switch to new bank
                             	lda IO_0+PRB
                             	and #ROM_ZMASK
                             	ora #(bank^3) << 6			; Shift left 6 bits
                             	sta IO_0+PRB
                             
                             	; Restore A
                             	lda tmp_bank1
                             	; JSR to the routine
                             	jsr addr
                             	
AS65 Assembler for R6502 [1.42].                                     Page   17
---------------------------------- bank2.s -----------------------------------

                             	jmp _restore_bank
                             	; 62 clock cycles inc restore vs 6 for a near js
                             
                             	endm
                             	
                             _bankram macro bank
                             	pha
                             	lda IO_0+PRB
                             	and #RAM_ZMASK
                             	ora #bank << 4
                             	sta IO_0+PRB
                             	pla
                             	endm
                             	
                             _bankram_fast macro bank
                             	lda IO_0+PRB
                             	and #RAM_ZMASK
                             	ora #bank << 4
                             	sta IO_0+PRB
                             	endm
                             	
                             
                             	include "kernel\zeropage.i"
                             ;************************************************
                             ;*
                             ;*	BBC-128 HOMEBREW COMPUTER
                             ;*	Hardware and software design by @6502Nerd (Dol
                             ;*	Copyright 2014-20
                             ;*  Free to use for any non-commercial purpose su
                             ;*  appropriate credit of my authorship please!
                             ;*
                             ;*  ZEROPAGE.I
                             ;*  This module name is misleading it is not only
                             ;*  allocations, but also page 2, 3, 4, 5, 6, 7 a
                             ;*  Basically, this module defines:
                             ;*  - All zero page variables for system and dfla
                             ;*  - Page 1 is stack so no need to worry about t
                             ;*  - Page 2 is the serial IO buffer for the 6551
                             ;*  - Page 3 and 4 is a 512 buffer for SD card se
                             ;*  - Page 5 onwards is mainly for dflat working 
                             ;*    but also non-zero page storage for general 
                             ;*    system and scratch usage.
                             ;*  memstart is a handy label that indicates the 
                             ;*  location that we can store dflat programs fro
                             ;*  Zero page is a valuable asset as the 6502 can
                             ;*  this page one cycle quicker than the rest of 
                             ;*  and infact some addressing modes can only use
                             ;*  Due to the value of zero page, a lot of syste
                             ;*  dflat variables are put here.  But we don't h
                             ;*  luxury for single use variables - so you will
                             ;*  see a lot of temporary sounding names which a
                             ;*  have multiple used across the code base.
                             ;*
                             ;************************************************
                             
                             	; Zero page declarations
                             	bss
0000 =                       	org 0x0000
                             
0000 =                       tmp_bank1	ds	1		; Temp storage ONLY FOR USE BY BA
0001 =                       tmp_bank2	ds	1		; Temp storage ONLY FOR USE BY BA
                             
AS65 Assembler for R6502 [1.42].                                     Page   18
---------------------------------- bank2.s -----------------------------------

                             ; Serial FIFO buffer pointers
0002 =                       ser_first	ds	1		; Pointer to first byte in buffer
0003 =                       ser_last	ds	1		; Pointer to last byte in buffer
                             ; VDP parameters
0004 =                       vdp_int_cnt	ds  2		; VDP interrupt counter
0006 =                       vdp_curoff	ds	1		; Cursor off (0 = On)
0007 =                       vdp_curstat	ds	1		; Cursor status
0008 =                       vdp_curval	ds	1		; Cursor value on screen
0009 =                       vdp_blank	ds	1		; Screen blank value normally 32
000a =                       vdp_delay	ds	1		; Delay counter for VRAM access
                             
                             ; vdp settings
000b =                       vdp_base	ds	vdp_addr_struct
                             
                             ; Screen geometry
0017 =                       gr_scrngeom	ds	gr_screen
                             
                             ;Keyboard parameters
0027 =                       kb_raw  	ds	1		; Raw keyboard code
0028 =                       kb_last		ds	1		; Raw code of last key
0029 =                       kb_code 	ds	1		; Converted keyboard code
002a =                       kb_stat		ds	1		; Keyboard status for caps and shi
002b =                       kb_deb		ds	1		; VB periods since last KB spike
002c =                       kb_rep		ds	1		; Keyboard repeat timer
002d =                       kb_rep_tim 	ds	1		; Default repeat speed
002e =                       kb_rep_del 	ds	1		; Default repeat delay timing
002f =                       kb_debounce ds	1		; Default repeat debounce
0030 =                       kb_pressed	ds	1		; Set by the interrupt handler i
                             
0031 =                       tmp_c		ds	2		; Temp address c
0033 =                       tmp_v1		ds	2		; VDP temp addresses
0035 =                       tmp_a		ds	2		; Temp storage a
0037 =                       tmp_b 		ds	2		; Temp address b
0039 =                       tmp_d		ds	2		; Temp storage d
                             
                             ; Raw input/output parameters
003b =                       buf_adr		ds	2		; Line buffer address
003d =                       buf_sz		ds	1		; Buffer size
003e =                       buf_ef		ds	1		; End file / line marker
                             
                             ; SD card driver parameters
003f =                       sd_status	ds	1		; SD card status
0040 =                       sd_slo		ds	1		; Sector pointer low
0041 =                       sd_shi		ds	1		; Sector pointer high
0042 =                       sd_sect		ds	4		; SD Card sector address
0046 =                       sd_addr		ds	4		; SD Card byte address
                             
                             ; File system zp parameters
004a =                       fh_handle	ds	FileHandle ; File handle parameters
                             
                             ; ** Integer function storage **
0079 =                       ztmp_16					; Start of 16 byte scratch area (all 
0079 =                       num_a		ds	4		; 4 byte primary accumulator
007d =                       num_b		ds	4		; 4 byte secondary accumulator
0081 =                       num_x		ds	4		; 4 byte x register
0085 =                       num_tmp		ds	4		; 4 byte temp space
0089 =                       num_buf		ds	8		; 8 byte string buffer
                             
                             ;
                             ; **** INTERPRETER ZERO PAGE ****
                             ;
0091 =                       dflat_zp_s
AS65 Assembler for R6502 [1.42].                                     Page   19
---------------------------------- bank2.s -----------------------------------

0091 =                       dflat_zp_save_s			; ZP save dflat from here
0091 =                       df_checkkey	ds	1		; Key check interval counter
0092 =                       df_checkmsk	ds	1		; Mask for check key
0093 =                       errno		ds	1		; General error condition status
0094 =                       df_immed	ds	1		; Immediate mode (0 = not immediat
0095 =                       df_sp		ds	1		; Stack pointer after error to resto
0096 =                       df_pc		ds	2		; PC after error to return to
0098 =                       df_brkpc	ds	2		; PC pushed on the stack for BRK
009a =                       df_brkval	ds	1		; Byte after BRK instruction
009b =                       df_prgstrt	ds	2		; Start of program code
009d =                       df_prgend	ds	2		; End of program code
009f =                       df_vntstrt	ds	2		; Variable name table start
00a1 =                       df_vntend	ds	2		; Variable name table end
00a3 =                       df_vvtstrt	ds	2		; Variable value table start
00a5 =                       df_vvtend	ds	2		; Variable value table end
00a7 =                       df_varcnt	ds	1		; Variable counter
00a8 =                       df_starstrt	ds	2		; String and array table start
00aa =                       df_starend	ds	2		; String and array table end
00ac =                       df_rtstop	ds	1		; Runtime stack pointer
00ad =                       df_parmtop	ds	1		; Top of parameter stack (grows 
00ae =                       df_strbuff	ds	1		; String expression buffer
00af =                       df_stridx	ds	1		; Top of string buffer (grows dow
00b0 =                       df_sevalptr	ds	2		; Pointer to next free char in 
                             
00b2 =                       df_linoff	ds	1		; Offset in to line buffer
00b3 =                       df_tokoff	ds	1		; Offset in to tokenised buffer
00b4 =                       df_eolidx	ds	1		; End of line index (i.e length)
00b5 =                       df_nxtstidx	ds	1		; Offset to the next statement 
00b6 =                       df_curstidx	ds	1		; Offset to the start of curren
00b7 =                       df_symtab	ds	2		; Pointer to next free symtab ent
00b9 =                       df_symoff	ds	1		; Offset in to token table
00ba =                       df_symini	ds	2		; Start of symtab
00bc =                       df_currlin	ds	2		; Execution current line pointer
00be =                       df_exeoff	ds	1		; Execution line buffer offset
00bf =                       df_nextlin	ds	2		; Next line to execute
00c1 =                       df_procmode	ds	1		; Only used during tokenisation
00c2 =                       df_procargs	ds	1		; Only used during tokenisation
00c3 =                       df_procloc	ds	1		; Counts the number of local par
00c4 =                       df_procptr	ds	2		; Pointer to proc vvt slot
00c6 =                       df_lineptr	ds	2		; Pointer to line during searche
00c8 =                       df_lineidx	ds	1		; Pointer to line index during s
00c9 =                       df_ifnest	ds	1		; Global nested if counter
00ca =                       df_currdat	ds	2		; Data current line pointer
00cc =                       df_datoff	ds	1		; Data line buffer offset
00cd =                       df_rnd		ds	2		; Random number seed
                             
00cf =                       df_asmpc	ds	2		; Assembler program counter
00d1 =                       df_asmopt	ds	1		; Assembler current option
00d2 =                       df_asmadmd	ds	1		; Addressing mode
00d3 =                       df_asmopcde	ds	1		; Current opcode
00d4 =                       df_asmoprnd	ds	2		; Current operand
00d6 =                       df_asmlen	ds	1		; Instruction length
                             
00d7 =                       dflat_zp_save_e			; Save up to this place
                             
                             ; Temp space for dflat
00d7 =                       df_tmpptra	ds	2		; Temp pointer a
00d9 =                       df_tmpptrb	ds	2		; Temp pointer b
00db =                       df_tmpptrc	ds	2		; Temp pointer c
00dd =                       df_tmpptrd	ds	2		; Temp pointer d
00df =                       df_tmpptre	ds	2		; Temp pointer e
                             
AS65 Assembler for R6502 [1.42].                                     Page   20
---------------------------------- bank2.s -----------------------------------

                             
                             ;***** END OF ZERO PAGE *****
00e1 =                       _end_zero_page
                             
                             ;***** Page 1 is CPU stack ****
0100 =                       	org 0x0100
0100 =                       _cpu_stack
0100 =                       			ds	256		; All of page 1
                             
                             ;***** Page 2 and 3 is SD card buffer
0200 =                       	org 0x0200			; SD Card data buffer 512 bytes
0200 =                       sd_buf		ds	512
                             
                             ;***** Page 4,5,6,7 is IO space
0400 =                       	org 0x0400
0400 =                       			ds	1024	; 1 k area divided in to 8x128 byte de
                             
                             
                             ;***** Page 8 is serial buffer *****
0800 =                       	org 0x0800
0800 =                       ser_buf		ds	256		; Serial input / output line buf
                             
                             ;***** Scratch area, used by many things - do not
                             ; string and numeric expression evaluation, scree
0900 =                       	org 0x0900
0900 =                       scratch		ds	256
                             
                             ;***** Dflat space *****
0a00 =                       	org 0x0a00			; Page 9 = dflat space
0a00 =                       df_linbuff
0a00 =                       df_raw		ds	128		; untokenised input line
0a80 =                       df_tokbuff
0a80 =                       df_tok		ds 	128		; tokenised output line
                             
0b00 =                       	org 0x0b00			; Page 10 = fixed space for runtime
0b00 =                       df_rtstck				; operator stack grows up, runtime g
0b00 =                       df_rtspace	ds	256
                             
                             ;***** NON-ZERO PAGE VARIABLES *****
                             
0c00 =                       	org 0x0c00			; Page 11 = non-zero page variables
                             ; Interrupt routine addresses
0c00 =                       int_nmi		 ds 2		; Master NMI handler
0c02 =                       int_irq		 ds	2		; Master IRQ handler
0c04 =                       int_brk		 ds	2		; Master BRK handler
0c06 =                       int_uservdp	 ds	2		; Where to jump for VDP interr
0c08 =                       int_usercia0 ds	2		; Where to jump for CIA0 inter
0c0a =                       int_usercia1 ds	2		; Where to jump for CIA1 inter
                             
                             ; Self-modifying code or code that needs to run w
0c0c =                       ram_code	ds  64		; 64 bytes of RAM code space
0c4c =                       pt3_int		ds	1		; =1 when PT3 interrupt routine is
                             
                             
                             ; Active IO device settings
0c4d =                       io_default	ds	1		; The default device number - es
                             ; Copy of jump tables to active device io routine
0c4e =                       io_block	ds	io_struct
                             
                             ; Copy of FAT16 directory
0c5e =                       fs_direntry	ds	FATFileDesc ; copy of dir entry - 
                             
AS65 Assembler for R6502 [1.42].                                     Page   21
---------------------------------- bank2.s -----------------------------------

                             ; Filesystem parameters
0c7e =                       fs_bootsect	ds	4		; Start of partition (usually 0
0c82 =                       fs_fatsect	ds	4		; Start of FAT tables
0c86 =                       fs_rootsect	ds	4		; Start of Root Directory
0c8a =                       fs_datasect	ds	4		; Start of Data Area
0c8e =                       fs_dirsect	ds	4		; Current directory sector numbe
0c92 =                       fs_dirclust	ds	2		; Current directory cluster num
                             
                             ; Working and scratch for filesystem - some data 
0c94 =                       fs_scratch	ds	32		; 32 bytes should be more than 
                             
                             ; Dflat top of memory+1 - normally initialised to
0cb4 =                       df_memtop	ds	2
                             
                             ;***** THIS IS THE START OF FREE SPACE for DFLAT 
0cb6 =                       mem_start
                             
                             
                             
                             
                             ;****************************************
                             ;*	Set 6502 default vectors	*
                             ;****************************************
                             	data				; Set vectors
fffa =                       	org 0xfffa			; Vectors lie at addresses
fffa : 4ac7                  	fcw call_nmi_master	; 0xfffa : NMI Vector
fffc : 67cb                  	fcw init			; 0xfffc : Reset Vector
fffe : 87c7                  	fcw call_irq_master	; 0xfffe : IRQ Vector
                             	
                             	; ROM code
                             	code				;  
c000 =                       	org 0xc000			; Start of ROM
                             
                             	; The bank number is hardwired and aligned to PB
c000 :                       bank_num
                             	if BANK0
                             	  db 192
                             	endif
                             	if BANK1
                             	  db 128
                             	endif
                             	if BANK2
c000 : 40                    	  db 64
                             	endif
                             	if BANK3
                             	  db 0
                             	endif
                             
c001 :                       _code_start
                             	; Restore current bank always at address c001
c001 :                       _OSVectors
                             	include "kernel\osvec.s"
                             ;************************************************
                             ;*
                             ;*	BBC-128 HOMEBREW COMPUTER
                             ;*	Hardware and software design by @6502Nerd (Dol
                             ;*	Copyright 2014-20
                             ;*  Free to use for any non-commercial purpose su
                             ;*  appropriate credit of my authorship please!
                             ;*
                             ;*  OSVEC.S
                             ;*  Simply this is a bunch of JMP XXXX the order 
AS65 Assembler for R6502 [1.42].                                     Page   22
---------------------------------- bank2.s -----------------------------------

                             ;*  will always be maintained.  This is to allow 
                             ;*  code programs to be able to rely on fixed loc
                             ;*  some key low-level functions.
                             ;*  Only low level functions are needed, the idea
                             ;*  as the assembler is part of the BASIC, one ca
                             ;*  level slow stuff using BASIC then switch to M
                             ;*  speed up.
                             ;*  This code goes straight after the bank number
                             ;*  Each JMP is at 0xc001+3*(vector #)
                             ;*
                             ;************************************************
                             
c001 : 4c93c5           [ 3] 	jmp	io_put_ch			; Vec 0
c004 : 4c90c5           [ 3] 	jmp io_get_ch			; Vec 1
c007 : 4c23c6           [ 3] 	jmp vdp_wr_reg			; Vec 2
c00a : 4c5dc6           [ 3] 	jmp vdp_poke			; Vec 3
c00d : 4c6ac6           [ 3] 	jmp vdp_peek			; Vec 4
c010 : 4cccc6           [ 3] 	jmp snd_get_joy0		; Vec 5
c013 : 4c74c6           [ 3] 	jmp snd_set				; Vec 6
c016 : 4c30c6           [ 3] 	jmp vdp_wr_addr			; Vec 7
c019 : 4c48c6           [ 3] 	jmp	vdp_rd_addr			; Vec 8
c01c : 4c9bc6           [ 3] 	jmp snd_get				; Vec 9
c01f :                       _restore_bank
                             	; Save A
c01f : 8500             [ 3] 	sta tmp_bank1
                             	; Get old bank from stack
c021 : 68               [ 4] 	pla
c022 : 8501             [ 3] 	sta tmp_bank2
c024 : ad0004           [ 4] 	lda IO_0+PRB
c027 : 293f             [ 2] 	and #ROM_ZMASK
c029 : 0501             [ 3] 	ora tmp_bank2
c02b : 8d0004           [ 4] 	sta IO_0+PRB
                             	
                             	; Restore A
c02e : a500             [ 3] 	lda tmp_bank1
                             
c030 : 60               [ 6] 	rts
                             
                             	; include cross-bank functions (see extern.mak)
                             	include "bank\autogen.s"	
                             ;
c031 :                       mod_sz_autogen_s
c031 :                       _df_init
                              _bankjsr $f330, 1
                             
c049 :                       _df_pg_dflat
                              _bankjsr $d85c, 1
                             
c061 :                       _fs_chdir_w
                              _bankjsr $d5ca, 2
                             
c079 :                       _fs_mkdir_w
                              _bankjsr $d65d, 2
                             
c091 :                       _fs_delete_w
                              _bankjsr $d566, 2
                             
c0a9 :                       _fs_close_w
                              _bankjsr $d525, 2
                             
c0c1 :                       _fs_get_byte_w
                              _bankjsr $d242, 2
AS65 Assembler for R6502 [1.42].                                     Page   23
---------------------------------- bank2.s -----------------------------------

                             
c0d9 :                       _fs_open_read_w
                              _bankjsr $d411, 2
                             
c0f1 :                       _fs_open_write_w
                              _bankjsr $d4d5, 2
                             
c109 :                       _fs_put_byte_w
                              _bankjsr $d39e, 2
                             
c121 :                       _fs_dir_find_entry_w
                              _bankjsr $d085, 2
                             
c139 :                       _fs_dir_entry_next_w
                              _bankjsr $d0bb, 2
                             
c151 :                       _fs_dir_root_start_w
                              _bankjsr $d040, 2
                             
c169 :                       _ser_get_byte
                              _bankjsr $d26f, 0
                             
c181 :                       _ser_put_byte
                              _bankjsr $d284, 0
                             
c199 :                       _gr_get_key
                              _bankjsr $e390, 0
                             
c1b1 :                       _gr_put_byte
                              _bankjsr $e39d, 0
                             
c1c9 :                       _gr_init_screen
                              _bankjsr $de59, 0
                             
c1e1 :                       _init_acia
                              _bankjsr $d291, 0
                             
c1f9 :                       _init_cia0
                              _bankjsr $d21c, 0
                             
c211 :                       _init_cia1
                              _bankjsr $d24d, 0
                             
c229 :                       _init_fs
                              _bankjsr $cf1d, 2
                             
c241 :                       _init_sdcard
                              _bankjsr $cc17, 2
                             
c259 :                       _init_snd
                              _bankjsr $d65f, 0
                             
c271 :                       _init_keyboard
                              _bankjsr $d2a8, 0
                             
c289 :                       _kb_read_raw
                              _bankjsr $d2b7, 0
                             
c2a1 :                       _kb_read_dip
                              _bankjsr $d322, 0
                             
c2b9 :                       _command_line
AS65 Assembler for R6502 [1.42].                                     Page   24
---------------------------------- bank2.s -----------------------------------

                              _bankjsr $cc20, 0
                             
c2d1 :                       _gr_cls
                              _bankjsr $de6c, 0
                             
c2e9 :                       _gr_init_hires
                              _bankjsr $de16, 0
                             
c301 :                       _gr_line
                              _bankjsr $e1ca, 0
                             
c319 :                       _gr_box
                              _bankjsr $e00a, 0
                             
c331 :                       _gr_circle
                              _bankjsr $e115, 0
                             
c349 :                       _gr_plot
                              _bankjsr $ded7, 0
                             
c361 :                       _gr_hchar
                              _bankjsr $df15, 0
                             
c379 :                       _gr_point
                              _bankjsr $dfbb, 0
                             
c391 :                       _gr_get
                              _bankjsr $def2, 0
                             
c3a9 :                       _gr_set_cur
                              _bankjsr $defa, 0
                             
c3c1 :                       _snd_get_note
                              _bankjsr $d658, 0
                             
c3d9 :                       _vdp_peek
                              _bankjsr $c66a, 0
                             
c3f1 :                       _vdp_poke
                              _bankjsr $c65d, 0
                             
c409 :                       _vdp_init
                              _bankjsr $dc00, 0
                             
c421 :                       _rtc_init
                              _bankjsr $d47e, 0
                             
c439 :                       _rtc_gettimedate
                              _bankjsr $d5e4, 0
                             
c451 :                       _rtc_setdatetime
                              _bankjsr $d535, 0
                             
c469 :                       _rtc_nvread
                              _bankjsr $d64f, 0
                             
c481 :                       _rtc_nvwrite
                              _bankjsr $d637, 0
                             
c499 :                       _fs_dir_fhandle_str
                              _bankjsr $d671, 2
                             
AS65 Assembler for R6502 [1.42].                                     Page   25
---------------------------------- bank2.s -----------------------------------

c4b1 :                       _sd_sendcmd17
                              _bankjsr $cdef, 2
                             
c4c9 :                       _sd_sendcmd24
                              _bankjsr $ce68, 2
                             
c4e1 :                       _cmd_immediate
                              _bankjsr $cc17, 0
                             
c4f9 :                       _PT3INIT
                              _bankjsr $cc20, 3
                             
c511 :                       _PT3START
                              _bankjsr $cc17, 3
                             
c529 :                       _PT3PAUSE
                              _bankjsr $cc1a, 3
                             
c541 :                       _PT3RESUME
                              _bankjsr $cc1d, 3
                             
c559 :                       mod_sz_autogen_e
                             
                             	
c559 :                       mod_sz_kernel_s
                             
                             ;* Include all common code in the right order
                             	include "io\io.s"
                             ;************************************************
                             ;*
                             ;*	BBC-128 HOMEBREW COMPUTER
                             ;*	Hardware and software design by @6502Nerd (Dol
                             ;*	Copyright 2014-20
                             ;*  Free to use for any non-commercial purpose su
                             ;*  appropriate credit of my authorship please!
                             ;*
                             ;*  IO.S
                             ;*  General IO module.  Allows different IO devic
                             ;*  utilised transparently by the rest of the cod
                             ;*  Other code should use "io_" commands so that 
                             ;*  do not need to know what specific device is p
                             ;*  input and output capabilities.  On startup, t
                             ;*  examines the BBC DIP switch to decide whether
                             ;*  initialise the IO to serial through the ACIA 
                             ;*  the BBC keyboard for input with the VDP for o
                             ;*  Loading and saving files from the SD card is 
                             ;*  achieved by pointing to SD card get and put b
                             ;*  routines.
                             ;*
                             ;************************************************
                             
                             	; ROM code
                             	code
                             
c559 :                       mod_sz_io_s
                             
                             ;****************************************
                             ;* io_init
                             ;* Initialise the default device and make active
                             ;* No keys pressed = serial (default)
                             ;* F0 pressed = KB/VDP
                             ;* F1 pressed = Serial
AS65 Assembler for R6502 [1.42].                                     Page   26
---------------------------------- bank2.s -----------------------------------

                             ;* Keyboard and screen or serial port
                             ;* Output : None
                             ;* Regs affected : P, A
                             ;****************************************
c559 :                       io_init
c559 : a900             [ 2] 	lda #0				; Assume it's serial
c55b : 48               [ 3] 	pha
c55c : 20a1c2           [ 6] 	jsr _kb_read_dip	; Check DIPs if 0xff then assum
c55f : 2910             [ 2] 	and #0x10
c561 : d00b             [ 3] 	bne io_init_set_default
c563 : 2089c2           [ 6] 	jsr _kb_read_raw	; Check pressed key
c566 : e081             [ 2] 	cpx #0x81			; f1 key pressed (i.e. boot up in se
c568 : f004             [ 3] 	beq io_init_set_default
                             	; Else set to KB/screen for IO
c56a : 68               [ 4] 	pla
c56b : a901             [ 2] 	lda #1
c56d : 48               [ 3] 	pha
c56e :                       io_init_set_default
c56e : 68               [ 4] 	pla
c56f : 8d4d0c           [ 4] 	sta io_default
c572 : 4c75c5           [ 3] 	jmp io_set_default	; Activate the default device
                             
                             ;****************************************
                             ;* io_set_default, io_active_device
                             ;* Activate device based on default or A
                             ;* Input : A = Device number
                             ;* Output : None
                             ;* Regs affected : P, A
                             ;****************************************
c575 :                       io_set_default			; Entry point for default
c575 : ad4d0c           [ 4] 	lda io_default
c578 :                       io_active_device		; Entry point for A set
c578 : 0a               [ 2] 	asl	a				; x16 the Block number
c579 : 0a               [ 2] 	asl a
c57a : 0a               [ 2] 	asl a
c57b : 0a               [ 2] 	asl a
c57c : a8               [ 2] 	tay
c57d : a200             [ 2] 	ldx #0
                             	; Copy device settings to io block
c57f :                       io_copy_data
c57f : b9f3c5           [ 4] 	lda io_devices,y
c582 : 9d4e0c           [ 5] 	sta io_block,x
c585 : c8               [ 2] 	iny
c586 : e8               [ 2] 	inx
c587 : e010             [ 2] 	cpx #io_struct
c589 : d0f4             [ 3] 	bne io_copy_data
                             	
c58b : a90d             [ 2] 	lda #UTF_CR		; Line terminator is CR
c58d : 853e             [ 3] 	sta buf_ef
c58f : 60               [ 6] 	rts
                             
                             ;****************************************
                             ;* io_get_ch
                             ;* Get a char (wait forever or just check)
                             ;* Input : C = 1 for synchronous, 0 for async
                             ;* Output : A = Byte code, C = 0 means A is inval
                             ;* Regs affected : P, A
                             ;****************************************
c590 :                       io_get_ch
c590 : 6c4e0c           [ 6] 	jmp (io_block+io_get_byte)
                             	
                             
AS65 Assembler for R6502 [1.42].                                     Page   27
---------------------------------- bank2.s -----------------------------------

                             ;****************************************
                             ;* io_put_ch
                             ;* Put a char
                             ;* Input : A = char
                             ;* Regs affected : P, A
                             ;****************************************
c593 :                       io_put_ch
c593 : 6c500c           [ 6] 	jmp (io_block+io_put_byte)
                             	
                             ;****************************************
                             ;* io_open_read
                             ;* Open for reading
                             ;* Input : X,A = pointer to filename (zero termin
                             ;* Output : C=0 success
                             ;* Regs affected : All
                             ;****************************************
c596 :                       io_open_read
c596 : 6c520c           [ 6] 	jmp (io_block+io_open_r)
                             	
                             ;****************************************
                             ;* io_open_write
                             ;* Open for reading
                             ;* Input : X,A = pointer to filename (zero termin
                             ;* Output : C=0 success
                             ;* Regs affected : All
                             ;****************************************
c599 :                       io_open_write
c599 : 6c540c           [ 6] 	jmp (io_block+io_open_w)
                             
                             ;****************************************
                             ;* io_close
                             ;* Close a file
                             ;* Input : 
                             ;* Output : C=0 success
                             ;* Regs affected : All
                             ;****************************************
c59c :                       io_close
c59c : 6c560c           [ 6] 	jmp (io_block+io_close_f)
                             	
                             ;****************************************
                             ;* io_delete
                             ;* Delete a file
                             ;* Input : 
                             ;* Output : C=0 success
                             ;* Regs affected : All
                             ;****************************************
c59f :                       io_delete
c59f : 6c580c           [ 6] 	jmp (io_block+io_del_f)
                             	
                             ;****************************************
                             ;* io_read_line
                             ;* Read a line, terminated by terminating char or
                             ;* Input : buf_(sz/ef) : Address, Max size, end m
                             ;*		    X,A = destination (uses buf_adr)
                             ;*		    Y=max line length
                             ;* Output : Y = Line length C = Buffer limit reac
                             ;* Regs affected : None
                             ;****************************************
c5a2 :                       io_read_line
c5a2 : 863b             [ 3] 	stx buf_adr			; Save pointer to storage
c5a4 : 853c             [ 3] 	sta buf_adr+1
c5a6 : 843d             [ 3] 	sty buf_sz			; Max length
AS65 Assembler for R6502 [1.42].                                     Page   28
---------------------------------- bank2.s -----------------------------------

c5a8 : 08               [ 3] 	php					; Save echo state
c5a9 : a000             [ 2] 	ldy #0x00			; Starting at first byte
c5ab :                       io_get_line_byte
c5ab : 38               [ 2] 	sec					; Getting bytes synchronously
c5ac : 2090c5           [ 6] 	jsr io_get_ch		; Get a byte
c5af : b026             [ 3] 	bcs io_get_line_done; Got nothing then finish
c5b1 : 28               [ 4] 	plp					; Get echo state
c5b2 : 08               [ 3] 	php					; Instantly save it back
c5b3 : 900c             [ 3] 	bcc io_skip_echo	; Carry not set = don't echo
c5b5 : c97f             [ 2] 	cmp #UTF_DEL		; Delete?
c5b7 : d005             [ 3] 	bne io_do_echo
c5b9 : c000             [ 2] 	cpy #0				; Already at beginning?
c5bb : f004             [ 3] 	beq io_skip_echo	; Don't echo delete
c5bd : 88               [ 2] 	dey					; Else decrement length
c5be :                       io_do_echo
c5be : 2093c5           [ 6] 	jsr io_put_ch		; Echo it
c5c1 :                       io_skip_echo
c5c1 : c920             [ 2] 	cmp #UTF_SPECIAL	; Special character?
c5c3 : 9007             [ 3] 	bcc io_skip_special	; Skip if so (don't add to b
c5c5 : c97f             [ 2] 	cmp #UTF_DEL		; Don't proces DEL either
c5c7 : f003             [ 3] 	beq io_skip_special
c5c9 : 913b             [ 5] 	sta (buf_adr),y		; Save it
c5cb : c8               [ 2] 	iny					; Increase length
c5cc :                       io_skip_special
c5cc : c53e             [ 3] 	cmp buf_ef			; Is it the terminating char?
c5ce : f007             [ 3] 	beq io_get_line_done	; If yes then done
c5d0 : c43d             [ 3] 	cpy buf_sz			; Reached the buffer max size?
c5d2 : d0d7             [ 3] 	bne io_get_line_byte	; No, get another byte
c5d4 : 28               [ 4] 	plp					; Remember to pull echo state off stack
c5d5 : 38               [ 2] 	sec					; Yes, set carry flag
c5d6 : 60               [ 6] 	rts					; And done
c5d7 :                       io_get_line_done
c5d7 : a900             [ 2] 	lda #0
c5d9 : 913b             [ 5] 	sta (buf_adr),y		; Terminate with 0
c5db : 28               [ 4] 	plp					; Remember to pull echo state off stack
c5dc : 18               [ 2] 	clc					; Clear carry flag
c5dd : 60               [ 6] 	rts					; Fin
                             
                             ;****************************************
                             ;* io_print_line
                             ;* Print a line (when data is not already in seri
                             ;* Input : X = Address Lo, A = Address Hi
                             ;* Output : Y=number chars output
                             ;* Regs affected : All
                             ;****************************************
c5de :                       io_print_line
c5de : 48               [ 3] 	pha
                             
c5df : 8631             [ 3] 	stx tmp_c					; Store the string pointer
c5e1 : 8532             [ 3] 	sta tmp_c+1					; lo and hi
c5e3 : a000             [ 2] 	ldy #0						; Start at the beginning!
c5e5 :                       io_print_line_byte
c5e5 : b131             [ 5] 	lda (tmp_c),y				; Copy byte to
c5e7 : f006             [ 3] 	beq io_print_done			; If zero then done - print
c5e9 : 2093c5           [ 6] 	jsr io_put_ch				; Transmit
c5ec : c8               [ 2] 	iny
c5ed : d0f6             [ 3] 	bne io_print_line_byte		; Carry on until zero fo
c5ef :                       io_print_done
c5ef : 68               [ 4] 	pla
c5f0 : 60               [ 6] 	rts
                             
                             
AS65 Assembler for R6502 [1.42].                                     Page   29
---------------------------------- bank2.s -----------------------------------

                             ;*** Null operation just clc and return ***
c5f1 :                       io_null_op
c5f1 : 18               [ 2] 	clc
c5f2 : 60               [ 6] 	rts
                             	
                             ;* IO devices defined here
c5f3 :                       io_devices
                             ;* Device zero is the serial port
                             ;* only offers get and put
c5f3 :                       io_device0					; Serial device, input = Ser, outp
c5f3 : 69c1                  	dw	_ser_get_byte		; io_get_ch
c5f5 : 81c1                  	dw	_ser_put_byte		; io_put_ch
c5f7 : f1c5                  	dw	io_null_op			; io_open_r
c5f9 : f1c5                  	dw	io_null_op			; io_open_w
c5fb : f1c5                  	dw	io_null_op			; io_close_f
c5fd : f1c5                  	dw	io_null_op			; io_del_f
c5ff : f1c5                  	dw	io_null_op			; io_ext1
c601 : f1c5                  	dw	io_null_op			; io_ext2
                             ;* Device one is keyboard / screen
                             ;* only offers get and put
c603 :                       io_device1					; Default device, input = screen e
c603 : 99c1                  	dw	_gr_get_key			; io_get_ch
c605 : b1c1                  	dw	_gr_put_byte		; io_put_ch
c607 : f1c5                  	dw	io_null_op			; io_open_r
c609 : f1c5                  	dw	io_null_op			; io_open_w
c60b : f1c5                  	dw	io_null_op			; io_close_f
c60d : f1c5                  	dw	io_null_op			; io_del_f
c60f : f1c5                  	dw	io_null_op			; io_ext1
c611 : f1c5                  	dw	io_null_op			; io_ext2
                             ;* Device two is the file system on SD card
                             ;* Offers all IO functions
c613 :                       io_device2					; SD device, input = SD, output = 
c613 : c1c0                  	dw	_fs_get_byte_w		; io_get_ch
c615 : 09c1                  	dw	_fs_put_byte_w		; io_put_ch
c617 : d9c0                  	dw	_fs_open_read_w		; io_open_r
c619 : f1c0                  	dw	_fs_open_write_w	; io_open_w
c61b : a9c0                  	dw	_fs_close_w			; io_close_f
c61d : 91c0                  	dw	_fs_delete_w		; io_del_f
c61f : f1c5                  	dw	io_null_op			; io_ext1
c621 : f1c5                  	dw	io_null_op			; io_ext2
                             
c623 :                       mod_sz_io_e
                             
                             
                             	include "kernel\vdp-low.s"
                             ;************************************************
                             ;*
                             ;*	BBC-128 HOMEBREW COMPUTER
                             ;*	Hardware and software design by @6502Nerd (Dol
                             ;*	Copyright 2014-20
                             ;*  Free to use for any non-commercial purpose su
                             ;*  appropriate credit of my authorship please!
                             ;*
                             ;*  VDP-LOW.S
                             ;*  Low level VDP routines which will always be p
                             ;*  every ROM bank.  This is to ensure if IRQ nee
                             ;*  no slow bank switching is needed, but also to
                             ;*	OS vectored access to VDP routines for M/C fro
                             ;*
                             ;************************************************
                             
                             ;****************************************
AS65 Assembler for R6502 [1.42].                                     Page   30
---------------------------------- bank2.s -----------------------------------

                             ;* vdp_wr_reg
                             ;* Write to Register A the value X
                             ;* Input : A - Register Number, X - Data
                             ;* Output : None
                             ;* Regs affected : P
                             ;****************************************
c623 :                       vdp_wr_reg
c623 : 8e0105           [ 4] 	stx VDP_MODE1
                             ; Extra nop for fast CPU
c626 : ea               [ 2] 	nop
c627 : ea               [ 2] 	nop
c628 : 0980             [ 2] 	ora #0x80
c62a : 8d0105           [ 4] 	sta VDP_MODE1
c62d : 4980             [ 2] 	eor #0x80
c62f : 60               [ 6] 	rts
                             	
                             ;****************************************
                             ;* vdp_wr_addr
                             ;* Write to address in X (low) and A (high) - for
                             ;* Input : A - Address high byte, X - Address low
                             ;* Output : None
                             ;* Regs affected : P
                             ;****************************************
c630 :                       vdp_wr_addr
c630 : 8e0105           [ 4] 	stx VDP_MODE1
                             ; Extra nop for fast CPU
c633 : ea               [ 2] 	nop
c634 : ea               [ 2] 	nop
c635 : ea               [ 2] 	nop
c636 : 0940             [ 2] 	ora #0x40		; Required by VDP
c638 : 8d0105           [ 4] 	sta VDP_MODE1
c63b : 4940             [ 2] 	eor #0x40		; Undo that bit
c63d : 60               [ 6] 	rts
                             
                             
                             ;****************************************
                             ;* vdp_mem_wait
                             ;* Delay some time before a memory access,
                             ;* taking in to account mode 9918 needs up
                             ;* to 3.1uS for text mode, 8uS for graphics
                             ;* I and II
                             ;* @ 5.35Mhz	= 16 cycles for 3.1uS
                             ;*				= 43 cycles for 8uS
                             ;* Input : None
                             ;* Output : None
                             ;* Regs affected : None
                             ;****************************************
c63e :                       vdp_mem_wait
c63e : da               [ 3] 	phx								; 3
c63f : a60a             [ 3] 	ldx vdp_delay					; 3
c641 : f003             [ 3] 	beq vdp_mem_wait_end			; 3
c643 :                       vdp_mem_wait_loop
c643 : ca               [ 2] 	dex								; 2
c644 : d0fd             [ 3] 	bne	vdp_mem_wait_loop			; 3
c646 :                       vdp_mem_wait_end
c646 : fa               [ 4] 	plx								; 3
c647 : 60               [ 6] 	rts								; 6
                             	
                             ;****************************************
                             ;* vdp_rd_addr
                             ;* Set read address 
                             ;* Input : A - high, X - low 
AS65 Assembler for R6502 [1.42].                                     Page   31
---------------------------------- bank2.s -----------------------------------

                             ;* Output : None
                             ;* Regs affected : None
                             ;****************************************
c648 :                       vdp_rd_addr
c648 : 8e0105           [ 4] 	stx VDP_MODE1
                             ; These nops are needed for fast CPU
c64b : ea               [ 2] 	nop
c64c : ea               [ 2] 	nop
c64d : ea               [ 2] 	nop
c64e : 8d0105           [ 4] 	sta VDP_MODE1
c651 : 80eb             [ 3] 	bra vdp_mem_wait
                             	
                             ;****************************************
                             ;* vdp_rd_vram
                             ;* Read VRAM byte, result in A
                             ;* Input : None
                             ;* Output : A - Byte from VRAM
                             ;* Regs affected : P
                             ;****************************************
c653 :                       vdp_rd_vram
c653 : ad0005           [ 4] 	lda VDP_VRAM
c656 : 80e6             [ 3] 	bra vdp_mem_wait
                             	
                             ;****************************************
                             ;* vdp_wr_vram
                             ;* Write VRAM byte in A
                             ;* Input : A - Byte to write
                             ;* Output : None
                             ;* Regs affected : None
                             ;****************************************
c658 :                       vdp_wr_vram
c658 : 8d0005           [ 4] 	sta VDP_VRAM
c65b : 80e1             [ 3] 	bra vdp_mem_wait
                             	
                             ;****************************************
                             ;* vdp_poke
                             ;* Write VRAM byte in A, (YX)
                             ;* Input : A - Byte to write
                             ;*		   X = Low Address
                             ;*		   Y = High Address
                             ;* Output : None
                             ;* Regs affected : None
                             ;****************************************
c65d :                       vdp_poke
c65d : 08               [ 3] 	php
c65e : 48               [ 3] 	pha
c65f : 98               [ 2] 	tya
c660 : 78               [ 2] 	sei
c661 : 2030c6           [ 6] 	jsr vdp_wr_addr
c664 : 68               [ 4] 	pla
c665 : 2058c6           [ 6] 	jsr vdp_wr_vram
c668 : 28               [ 4] 	plp
c669 : 60               [ 6] 	rts
                             
                             ;****************************************
                             ;* vdp_peek
                             ;* Get VRAM byte in (AX)
                             ;*		   X = Low Address
                             ;*		   A = High Address
                             ;* Output : A = byte read
                             ;* Regs affected : None
                             ;****************************************
AS65 Assembler for R6502 [1.42].                                     Page   32
---------------------------------- bank2.s -----------------------------------

c66a :                       vdp_peek
c66a : 08               [ 3] 	php
c66b : 78               [ 2] 	sei
c66c : 2048c6           [ 6] 	jsr vdp_rd_addr
c66f : 2053c6           [ 6] 	jsr vdp_rd_vram
c672 : 28               [ 4] 	plp
c673 : 60               [ 6] 	rts
                             
                             	include "kernel\snd-low.s"
                             ;************************************************
                             ;*
                             ;*	BBC-128 HOMEBREW COMPUTER
                             ;*	Hardware and software design by @6502Nerd (Dol
                             ;*	Copyright 2014-20
                             ;*  Free to use for any non-commercial purpose su
                             ;*  appropriate credit of my authorship please!
                             ;*
                             ;*  SND-LOW.S
                             ;*  Low level sound routines which will always be
                             ;*  in every ROM bank.  Mainly to provide fast OS
                             ;*	access to VDP routines for M/C from BASIC
                             ;*
                             ;************************************************
                             
                             ;****************************************
                             ;* snd_set
                             ;* Set AY register X to value Y
                             ;* Input : X = Reg no, Y = Value
                             ;* Output : None
                             ;* Regs affected : None
                             ;****************************************
c674 :                       snd_set
c674 : 48               [ 3] 	pha
                             
c675 : a9ff             [ 2] 	lda #0xff				; Set Port A to output
c677 : 8d8304           [ 4] 	sta IO_1 + DDRA
                             
c67a : 8e8104           [ 4] 	stx SND_ADBUS			; Put X on the sound bus (X = re
                             
c67d : ad8004           [ 4] 	lda SND_MODE			; Need to preserve contents of ot
c680 : 29bd             [ 2] 	and #SND_DESELECT_MASK	; Mask off mode bits
c682 : 0942             [ 2] 	ora #SND_SELSETADDR		; Select AY mode to latch a
c684 : 8d8004           [ 4] 	sta SND_MODE			; This write will process the dat
                             
c687 : 29bd             [ 2] 	and #SND_DESELECT_MASK	; Mask off mode bits
c689 : 8d8004           [ 4] 	sta SND_MODE			; This write will deselect the AY
                             	
c68c : 8c8104           [ 4] 	sty SND_ADBUS			; Put Y on the sound bus (Y = va
c68f : 0902             [ 2] 	ora #SND_SELWRITE		; Select mode for writing dat
c691 : 8d8004           [ 4] 	sta SND_MODE			; This write will process the dat
                             	
c694 : 29bd             [ 2] 	and #SND_DESELECT_MASK	; Mask off mode bits
c696 : 8d8004           [ 4] 	sta SND_MODE			; This write will deselect the AY
                             
c699 : 68               [ 4] 	pla
                             	
c69a : 60               [ 6] 	rts
                             
                             ;****************************************
                             ;* snd_get
                             ;* Get AY register X to Y
                             ;* Input : X = Reg no
AS65 Assembler for R6502 [1.42].                                     Page   33
---------------------------------- bank2.s -----------------------------------

                             ;* Output : Y = Value
                             ;* Regs affected : None
                             ;****************************************
c69b :                       snd_get
c69b : 48               [ 3] 	pha
                             
c69c : a9ff             [ 2] 	lda #0xff				; Set Port A to output
c69e : 8d8304           [ 4] 	sta IO_1 + DDRA
                             
c6a1 : 8e8104           [ 4] 	stx SND_ADBUS			; Put X on the sound bus (X = re
                             
c6a4 : ad8004           [ 4] 	lda SND_MODE			; Need to preserve contents of ot
c6a7 : 29bd             [ 2] 	and #SND_DESELECT_MASK	; Mask off mode bits
c6a9 : 0942             [ 2] 	ora #SND_SELSETADDR		; Select AY mode to latch a
c6ab : 8d8004           [ 4] 	sta SND_MODE			; This write will process the dat
                             
c6ae : 29bd             [ 2] 	and #SND_DESELECT_MASK	; Mask off mode bits
c6b0 : 8d8004           [ 4] 	sta SND_MODE			; This write will deselect the AY
                             
c6b3 : a900             [ 2] 	lda #0x00				; Set Port A to input
c6b5 : 8d8304           [ 4] 	sta IO_1 + DDRA
                             
c6b8 : ad8004           [ 4] 	lda SND_MODE			; Need to preserve contents of ot
c6bb : 29bd             [ 2] 	and #SND_DESELECT_MASK	; Mask off mode bits
c6bd : 0940             [ 2] 	ora #SND_SELREAD		; Select mode for reading data
c6bf : 8d8004           [ 4] 	sta SND_MODE			; This write will process the dat
                             
c6c2 : ac8104           [ 4] 	ldy SND_ADBUS			; Get value in to Y
                             	
c6c5 : 29bd             [ 2] 	and #SND_DESELECT_MASK	; Mask off mode bits
c6c7 : 8d8004           [ 4] 	sta SND_MODE			; This write will deselect the AY
                             
c6ca : 68               [ 4] 	pla
                             	
c6cb : 60               [ 6] 	rts
                             
                             ;****************************************
                             ;* snd_get_joy0
                             ;* Return value of joystick 0
                             ;* Input : None
                             ;* Output : Y = Value
                             ;* Regs affected : X
                             ;****************************************
c6cc :                       snd_get_joy0
c6cc : 48               [ 3] 	pha
c6cd : 48               [ 3] 	pha
c6ce :                       snd_get_joy0_retry
c6ce : 7a               [ 4] 	ply
c6cf : a20f             [ 2] 	ldx #SND_REG_IOB		; Joystick is plugged in to IO
c6d1 : 209bc6           [ 6] 	jsr snd_get				; Get IOB, result in Y
c6d4 : 5a               [ 3] 	phy						; Put on stack
c6d5 : 209bc6           [ 6] 	jsr snd_get				; Get IOB, result in Y
c6d8 : 98               [ 2] 	tya
c6d9 : ba               [ 2] 	tsx						; Get stack pointer
c6da : dd0101           [ 4] 	cmp 0x101,x				; Compare with stack value
c6dd : d0ef             [ 3] 	bne snd_get_joy0_retry	; If not equal, try again
c6df : 68               [ 4] 	pla
c6e0 : 68               [ 4] 	pla
c6e1 : 60               [ 6] 	rts
                             
                             	include "kernel\main.s"
                             ;************************************************
AS65 Assembler for R6502 [1.42].                                     Page   34
---------------------------------- bank2.s -----------------------------------

                             ;*
                             ;*	BBC-128 HOMEBREW COMPUTER
                             ;*	Hardware and software design by @6502Nerd (Dol
                             ;*	Copyright 2014-20
                             ;*  Free to use for any non-commercial purpose su
                             ;*  appropriate credit of my authorship please!
                             ;*
                             ;*  MAIN.S
                             ;*  This is where the main user program is execut
                             ;*  the 'kernel' once the system is initialised a
                             ;*  Today, main does very little - first shows th
                             ;*  boot up message, and then passes control to d
                             ;*
                             ;************************************************
                             
                             	; ROM code
                             	code  
                             
c6e2 :                       main
                             
c6e2 :                       infinity
c6e2 : 2049c0           [ 6] 	jsr _df_pg_dflat
c6e5 : 4ce2c6           [ 3] 	jmp infinity
                             
c6e8 :                       msg_hello_world
                             	;* build.s is generated by the assemble.bat file
                             	;* all it does is echo an assembler line to
                             	;* including the build date in the message.
                             	include "kernel\build.s"
c6e8 : 4275696c64203a..       db "Build : 04-05-2026\r"
c6fb : 3132384b204272..       db "128K Breadboard Computer\r"
c714 : 42792040363530..       db "By @6502Nerd\r"
c721 : 436f7079726967..       db "Copyright (c) 2025\r",0
                             
                             
                             	include "kernel\irq.s"
                             	
                             ;************************************************
                             ;*
                             ;*	BBC-128 HOMEBREW COMPUTER
                             ;*	Hardware and software design by @6502Nerd (Dol
                             ;*	Copyright 2014-20
                             ;*  Free to use for any non-commercial purpose su
                             ;*  appropriate credit of my authorship please!
                             ;*
                             ;*  IRQ.S
                             ;*	This is the IRQ handler - handles both the ver
                             ;*  blank interrupt from the VDP as well as softw
                             ;*  
                             ;*  As the handler has to be in every bank and it
                             ;*  accesses the VDP, then low level VDP routines
                             ;*  bundled in this file to ensure they are alway
                             ;*  without a bank switch being needed (which is 
                             ;************************************************
                             
                             ;* NMI handler installs to handle serial receive 
c735 :                       init_nmi
                             	; Core IRQ handler
c735 : a94a             [ 2] 	lda #lo(nmi)
c737 : 8d000c           [ 4] 	sta int_nmi
c73a : a9c7             [ 2] 	lda #hi(nmi)
c73c : 8d010c           [ 4] 	sta int_nmi+1
AS65 Assembler for R6502 [1.42].                                     Page   35
---------------------------------- bank2.s -----------------------------------

                             
c73f : a997             [ 2] 	lda #lo(null_handler)
c741 : 8d0a0c           [ 4] 	sta int_usercia1
c744 : a9c7             [ 2] 	lda #hi(null_handler)
c746 : 8d0b0c           [ 4] 	sta int_usercia1+1
                             
c749 : 60               [ 6] 	rts
                             
                             ;* Calls the master IRQ handler
c74a :                       call_nmi_master
                             ;	jmp (int_nmi)
                             
                             ;* Master NMI handler
                             ;* 6551 uses this - fills the receive buffer
                             ;* VIA 2 uses this- user interrupt
c74a :                       nmi
c74a : 48               [ 3] 	pha
                             
c74b : ad8105           [ 4] 	lda SER_STATUS				; Read status register (clears
c74e : 100c             [ 3] 	bpl	nmi_skip_acia			; If no interrupt don't do a
                             
c750 : 5a               [ 3] 	phy
c751 : ad8005           [ 4] 	lda SER_DATA				; Read the data register of 6551
c754 : a403             [ 3] 	ldy ser_last				; Put byte in last position of F
c756 : 990008           [ 5] 	sta ser_buf,y
c759 : e603             [ 5] 	inc ser_last				; Advance position of last
                             
c75b : 7a               [ 4] 	ply
c75c :                       nmi_skip_acia
c75c :                       nmi_fin
c75c : 68               [ 4] 	pla
c75d : 40               [ 6] 	rti
                             
                             
                             ;* Obviously this can only be done with
                             ;* interrupts disabled!
c75e :                       init_irq
                             	; Core IRQ handler
c75e : a998             [ 2] 	lda #lo(irq)
c760 : 8d020c           [ 4] 	sta int_irq
c763 : a9c7             [ 2] 	lda #hi(irq)
c765 : 8d030c           [ 4] 	sta int_irq+1
                             	
                             	; Core BRK handler
c768 : a9ec             [ 2] 	lda #lo(irq_brk)
c76a : 8d040c           [ 4] 	sta int_brk
c76d : a9c7             [ 2] 	lda #hi(irq_brk)
c76f : 8d050c           [ 4] 	sta int_brk+1
                             
                             	; User handlers for VDP, PIA0 interrupts
c772 : a997             [ 2] 	lda #lo(null_handler)
c774 : 8d060c           [ 4] 	sta int_uservdp
c777 : a9c7             [ 2] 	lda #hi(null_handler)
c779 : 8d070c           [ 4] 	sta int_uservdp+1
                             
c77c : a997             [ 2] 	lda #lo(null_handler)
c77e : 8d080c           [ 4] 	sta int_usercia0
c781 : a9c7             [ 2] 	lda #hi(null_handler)
c783 : 8d090c           [ 4] 	sta int_usercia0+1
                             
c786 : 60               [ 6] 	rts
                             
AS65 Assembler for R6502 [1.42].                                     Page   36
---------------------------------- bank2.s -----------------------------------

                             ;* Calls the master IRQ handler
c787 :                       call_irq_master
c787 : 6c020c           [ 6] 	jmp (int_irq)
                             	
                             ;* Calls the BRK handler
c78a :                       call_irq_brk
c78a : 6c040c           [ 6] 	jmp (int_brk)
                             
                             ;* Call the userVDP handler
c78d :                       call_irq_uservdp
c78d : 6c060c           [ 6] 	jmp (int_uservdp)
                             	
                             ;* Call the user CIA0 handler
c790 :                       call_irq_usercia0
c790 : 6c080c           [ 6] 	jmp (int_usercia0)
                             
                             ;* Call the user CIA1 handler
c793 :                       call_irq_usercia1
c793 : 6c0a0c           [ 6] 	jmp (int_usercia1)
                             	
                             ;* null interrupt
c796 :                       null_irq
c796 : 40               [ 6] 	rti
                             
                             ;* null handler
c797 :                       null_handler
c797 : 60               [ 6] 	rts
                             	
                             
                             ;* Master IRQ handler
c798 :                       irq
                             	_pushAXY
                             
                             
                             	; Check if IRQ or BRK
                             	; load P from stack in to A
c79b : ba               [ 2] 	tsx
c79c : bd0401           [ 4] 	lda 0x104,x
                             	; BRK bit set?
c79f : 2910             [ 2] 	and #0x10
c7a1 : d0e7             [ 3] 	bne call_irq_brk
                             	
c7a3 : 18               [ 2] 	clc						; Standard behaviour
                             
                             	;* Try PIA1 first for rapid Timer handling
c7a4 : ad8d04           [ 4] 	lda IO_1 + IFR
c7a7 : 1029             [ 3] 	bpl irq_check_vdp		; Skip if no interrupt
                             	; Reset interrupt by reading T1C-L
c7a9 : ad8404           [ 4] 	lda IO_1+T1CL
c7ac : 5a               [ 3] 	phy
c7ad : da               [ 3] 	phx
                             	; Swtich to RAM bank 2 don't touch anything else
c7ae : ad0004           [ 4] 	lda IO_0+PRB
c7b1 : 48               [ 3] 	pha                     ; Remember the bank #
c7b2 : 29cf             [ 2] 	and #0b11001111
c7b4 : 0920             [ 2] 	ora #0b00100000
c7b6 : 8d0004           [ 4] 	sta IO_0+PRB
                             	; Switch out ROM for RAM
c7b9 : ad8004           [ 4] 	lda IO_1+PRB                    ; Get current RO
c7bc : 48               [ 3] 	pha
c7bd : 29df             [ 2] 	and #(0xff ^ MM_DIS)            ; Switch off ROM
c7bf : 8d8004           [ 4] 	sta IO_1+PRB                    ; Update port to
AS65 Assembler for R6502 [1.42].                                     Page   37
---------------------------------- bank2.s -----------------------------------

c7c2 : ee4c0c           [ 6] 	inc pt3_int 				  	; Set PT3 interrupt flag
c7c5 : 2093c7           [ 6] 	jsr call_irq_usercia1			; Call user cia1 handler
                             	; Restore ROM
c7c8 : 68               [ 4] 	pla                             ; Get original p
c7c9 : 8d8004           [ 4] 	sta IO_1+PRB                    ; Update port to
                             	; Restore RAM bank
c7cc : 68               [ 4] 	pla                             ; Get original p
c7cd : 8d0004           [ 4] 	sta IO_0+PRB                    ; Update port to
c7d0 : fa               [ 4] 	plx
c7d1 : 7a               [ 4] 	ply
                             
                             	;* Try VDP next
c7d2 :                       irq_check_vdp	
c7d2 : ad0105           [ 4] 	lda VDP_STATUS			; Read status register
c7d5 : 1009             [ 3] 	bpl	irq_check_cia0		; Skip if not VBLANK
c7d7 : 208dc7           [ 6] 	jsr call_irq_uservdp	; Call use VDP handler
c7da : 2043c8           [ 6] 	jsr int_vdp_handler		; Call  OS VDP handler
c7dd : 2021c8           [ 6] 	jsr int_kb_handler		; Call OS cia0 handler (keyb
                             
                             	;* Try VIA0 last as it's keyboard (low speed)
c7e0 :                       irq_check_cia0
c7e0 : ad0d04           [ 4] 	lda IO_0 + IFR
c7e3 : 1003             [ 3] 	bpl irq_fin
c7e5 : 2090c7           [ 6] 	jsr call_irq_usercia0	; Call user cia0 handler
                             
c7e8 :                       irq_fin
                             	_pullAXY
                             
c7eb : 40               [ 6] 	rti
                             	
                             ;* Handle BRK
c7ec :                       irq_brk
                             	; Handle BRK
                             	; Get PCL,H minus 2 gives the BRK instruction ad
c7ec : 38               [ 2] 	sec
c7ed : bd0501           [ 4] 	lda 0x0105,x
c7f0 : e902             [ 2] 	sbc #2
c7f2 : 8598             [ 3] 	sta df_brkpc
c7f4 : bd0601           [ 4] 	lda 0x0106,x
c7f7 : e900             [ 2] 	sbc #0
c7f9 : 8599             [ 3] 	sta df_brkpc+1
                             	; Get the byte pointed to by old PC
                             	; which is 1 on from the BRK
c7fb : a001             [ 2] 	ldy #1
c7fd : b198             [ 5] 	lda (df_brkpc),y
c7ff : 859a             [ 3] 	sta df_brkval
c801 : 8593             [ 3] 	sta errno
                             	; now update the return address
c803 : a596             [ 3] 	lda df_pc
c805 : 9d0501           [ 5] 	sta 0x105,x
c808 : a597             [ 3] 	lda df_pc+1
c80a : 9d0601           [ 5] 	sta 0x106,x
                             
                                 ; Switch to dflat bank
c80d : ad0004           [ 4]     lda IO_0+PRB
c810 : 293f             [ 2]     and #%00111111
c812 : 0980             [ 2]     ora #%10000000          ; 10 = bank 1
c814 : 8d0004           [ 4]     sta IO_0+PRB
                             
                             	_pullAXY
                             
                             	; Save the registers in temp area
AS65 Assembler for R6502 [1.42].                                     Page   38
---------------------------------- bank2.s -----------------------------------

c81a : 8579             [ 3] 	sta num_a
c81c : 867a             [ 3] 	stx num_a+1
c81e : 847b             [ 3] 	sty num_a+2
                             	; when RTI occurs:
                             	;  will return to error handler
                             	;  df_brkval will contain signature
c820 : 40               [ 6] 	rti
                             	
                             ;****************************************
                             ;* int_kb_handler
                             ;* Keyboard interrupt handler
                             ;****************************************
c821 :                       int_kb_handler	
c821 : a52b             [ 3] 	lda kb_deb				; If keyboard pressed is debounce 
c823 : d00d             [ 3] 	bne int_skip_scan		; If not zero, then don't che
c825 : ad0d04           [ 4] 	lda IO_0 + IFR			; Check status register CIA0
c828 : 2901             [ 2] 	and #IFR_CA2			; Keyboard pressed?
c82a : f00c             [ 3] 	beq int_keys_up
c82c :                       int_do_read
c82c : 8530             [ 3] 	sta kb_pressed			; Put non-zero in to this flag
c82e : a52f             [ 3] 	lda kb_debounce			; Set debounce
c830 : 852b             [ 3] 	sta kb_deb
c832 :                       int_skip_scan
c832 : a901             [ 2] 	lda #IFR_CA2			; Clear CA2
c834 : 8d0d04           [ 4] 	sta IO_0 + IFR
c837 : 60               [ 6] 	rts
c838 :                       int_keys_up					; No key pressed
c838 : 6427             [ 3] 	stz kb_raw				; Using 65c02 stz opcode
c83a : 6428             [ 3] 	stz kb_last
c83c : 6429             [ 3] 	stz kb_code
c83e : 642b             [ 3] 	stz kb_deb
c840 : 642c             [ 3] 	stz kb_rep
c842 : 60               [ 6] 	rts
                             	
                             ;****************************************
                             ;* int_vdp_handler
                             ;* VDP interrupt handler
                             ;****************************************
c843 :                       int_vdp_handler
c843 : 206fc8           [ 6] 	jsr update_timers	; If it is then update system 
                             
c846 : a506             [ 3] 	lda vdp_curoff		; Is cursor enabled?
c848 : d024             [ 3] 	bne int_vdp_fin		; Skip if not
                             
c84a : c607             [ 5] 	dec vdp_curstat		; Decrement VDP counter
c84c : a507             [ 3] 	lda vdp_curstat		; Check it
c84e : 297f             [ 2] 	and #0x7f			; If bottom 7 bits !=0
c850 : d01c             [ 3] 	bne int_vdp_fin		; No flashing to be done
c852 : a507             [ 3] 	lda vdp_curstat		; Invert top bit (bottoms bits=
c854 : 4990             [ 2] 	eor #0x80+VDP_FLASH	; Start counter again
c856 : 8507             [ 3] 	sta vdp_curstat		
                             
c858 : 18               [ 2] 	clc					; Add offset for cursor address in vram
c859 : a520             [ 3] 	lda gr_scrngeom+gr_cur_ptr
c85b : 651d             [ 3] 	adc gr_scrngeom+gr_cur_off
c85d : aa               [ 2] 	tax
c85e : a521             [ 3] 	lda gr_scrngeom+gr_cur_ptr+1
c860 : 6900             [ 2] 	adc #0
                             
c862 : 2030c6           [ 6] 	jsr vdp_wr_addr
                             	
c865 : a507             [ 3] 	lda vdp_curstat
AS65 Assembler for R6502 [1.42].                                     Page   39
---------------------------------- bank2.s -----------------------------------

c867 : 2980             [ 2] 	and #0x80
c869 : 4508             [ 3] 	eor vdp_curval		; EOR top bit with what is under
c86b : 2058c6           [ 6] 	jsr vdp_wr_vram
c86e :                       int_vdp_fin	
c86e : 60               [ 6] 	rts
                             
                             
                             ;****************************************
                             ;* update_timers
                             ;* Update 24 bit timer and debounce counters
                             ;****************************************
c86f :                       update_timers
c86f : e604             [ 5] 	inc vdp_int_cnt
c871 : d002             [ 3] 	bne inc_kb_timers
c873 : e605             [ 5] 	inc vdp_int_cnt+1
c875 :                       inc_kb_timers
c875 : a62b             [ 3] 	ldx kb_deb			; Is debounce 0?
c877 : f002             [ 3] 	beq skip_kb_deb
c879 : c62b             [ 5] 	dec kb_deb
c87b :                       skip_kb_deb
c87b : a62c             [ 3] 	ldx kb_rep			; Is repeat timer 0?
c87d : f002             [ 3] 	beq skip_kb_rep
c87f : c62c             [ 5] 	dec kb_rep
c881 :                       skip_kb_rep
c881 : 60               [ 6] 	rts
                             	
                             
                             	include "utils\misc.s"
                             ;************************************************
                             ;*
                             ;*	BBC-128 HOMEBREW COMPUTER
                             ;*	Hardware and software design by @6502Nerd (Dol
                             ;*	Copyright 2014-20
                             ;*  Free to use for any non-commercial purpose su
                             ;*  appropriate credit of my authorship please!
                             ;*
                             ;*  MISC.S
                             ;*  Miscellaneous module for commmon utility func
                             ;*
                             ;************************************************
                             
                             	; ROM code
                             	code
                             
                             ;****************************************
                             ;* long_delay
                             ;* Long delay (X decremented every 0.125ms)
                             ;* Input : X = number of 0.125ms ticks to wait (m
                             ;* Output : None
                             ;* Regs affected : None
                             ;****************************************
c882 :                       long_delay
c882 : 08               [ 3] 	php
                             	_pushAXY
                             
                             	
c886 : a000             [ 2] 	ldy #0x00
c888 :                       long_delay_1
c888 : ea               [ 2] 	nop
c889 : ea               [ 2] 	nop
c88a : ea               [ 2] 	nop
c88b : ea               [ 2] 	nop
AS65 Assembler for R6502 [1.42].                                     Page   40
---------------------------------- bank2.s -----------------------------------

c88c : 88               [ 2] 	dey
c88d : d0f9             [ 3] 	bne long_delay_1
c88f : ca               [ 2] 	dex
c890 : d0f6             [ 3] 	bne long_delay_1
                             
                             	_pullAXY
                             
c895 : 28               [ 4] 	plp
                             	
c896 : 60               [ 6] 	rts
                             
                             
                             	include "utils\utils.s"
                             ;************************************************
                             ;*
                             ;*	BBC-128 HOMEBREW COMPUTER
                             ;*	Hardware and software design by @6502Nerd (Dol
                             ;*	Copyright 2014-20
                             ;*  Free to use for any non-commercial purpose su
                             ;*  appropriate credit of my authorship please!
                             ;*
                             ;*  UTILS.S
                             ;*  This module implements various utility functi
                             ;*  converting from ASCII to binary form for numb
                             ;*  vice-versa to allow humans to actually be abl
                             ;*  and read numbers in their prefered form!
                             ;*
                             ;************************************************
                             
                             	; ROM code
                             	code
                             
c897 :                       utilPrintSPC
c897 : 48               [ 3] 	pha
c898 : a920             [ 2] 	lda #' '
c89a : 2093c5           [ 6] 	jsr io_put_ch
c89d : 68               [ 4] 	pla
c89e : 60               [ 6] 	rts
                             
c89f :                       utilPrintCRLF
c89f : 48               [ 3] 	pha
c8a0 : a90d             [ 2] 	lda #UTF_CR
c8a2 : 2093c5           [ 6] 	jsr io_put_ch
c8a5 : 68               [ 4] 	pla
c8a6 : 60               [ 6] 	rts
                             
c8a7 :                       utilPrintA
c8a7 : 8539             [ 3] 	sta tmp_d
c8a9 : 48               [ 3] 	pha
c8aa : 8a               [ 2] 	txa
c8ab : 48               [ 3] 	pha
c8ac : a539             [ 3] 	lda tmp_d
c8ae : 20ccc8           [ 6] 	jsr str_a_to_x
c8b1 : 2093c5           [ 6] 	jsr io_put_ch
c8b4 : 8a               [ 2] 	txa
c8b5 : 2093c5           [ 6] 	jsr io_put_ch
c8b8 : 68               [ 4] 	pla
c8b9 : aa               [ 2] 	tax
c8ba : 68               [ 4] 	pla
c8bb : 60               [ 6] 	rts
                             
                             ;****************************************
AS65 Assembler for R6502 [1.42].                                     Page   41
---------------------------------- bank2.s -----------------------------------

                             ;* util_clr_mem
                             ;* Clear a block of main ram
                             ;* Input : X, A = Block start, Y = Block size
                             ;* Regs affected : P
                             ;****************************************
c8bc :                       util_clr_mem
c8bc : 48               [ 3] 	pha
c8bd : 5a               [ 3] 	phy
c8be : 8633             [ 3] 	stx tmp_v1
c8c0 : 8534             [ 3] 	sta tmp_v1+1
c8c2 : a900             [ 2] 	lda #0
c8c4 :                       mem_clr_byte
c8c4 : 88               [ 2] 	dey
c8c5 : 9133             [ 5] 	sta (tmp_v1),y
c8c7 : d0fb             [ 3] 	bne mem_clr_byte
c8c9 : 7a               [ 4] 	ply
c8ca : 68               [ 4] 	pla
c8cb : 60               [ 6] 	rts
                             
                             ;****************************************
                             ;* str_a_to_x
                             ;* Convert accumulator to hex string
                             ;* Input : A = Byte to convert
                             ;* Output : A = High Char, X = Low Char
                             ;* Regs affected : P
                             ;****************************************
c8cc :                       str_a_to_x
c8cc : 48               [ 3] 	pha					; Save the byte using later on
c8cd : 290f             [ 2] 	and #0x0f			; Mask low nibble
c8cf : 18               [ 2] 	clc
c8d0 : 6930             [ 2] 	adc #'0'			; Convert to UTF
c8d2 : c93a             [ 2] 	cmp #('9'+1)		; If A greater than '9' then
c8d4 : 9002             [ 3] 	bcc skip_a_f_1		; skip a-f adjustment
c8d6 : 6926             [ 2] 	adc #0x26			; Add 27 (6+C) to get in to A-F rang
c8d8 :                       skip_a_f_1
c8d8 : aa               [ 2] 	tax					; Low char is in X
c8d9 : 68               [ 4] 	pla					; Get byte back
c8da : 4a               [ 2] 	lsr a				; Make high nibble low
c8db : 4a               [ 2] 	lsr a
c8dc : 4a               [ 2] 	lsr a
c8dd : 4a               [ 2] 	lsr a
c8de : 18               [ 2] 	clc
c8df : 6930             [ 2] 	adc #'0'			; Convert to UTF
c8e1 : c93a             [ 2] 	cmp #('9'+1)		; If A greater than '9' then
c8e3 : 9002             [ 3] 	bcc skip_a_f_2		; skip a-f adjustment
c8e5 : 6926             [ 2] 	adc #0x26			; Add 27 (6+C) to get in to A-F rang
c8e7 :                       skip_a_f_2
                             
c8e7 : 18               [ 2] 	clc					; No error
c8e8 : 60               [ 6] 	rts					; A high nibble
                             
                             ;****************************************
                             ;* str_x_to_a
                             ;* Convert hex string to accumulator
                             ;* Input : A = High Char, X = Low Char
                             ;* Output : A = Value
                             ;* Regs affected : P
                             ;****************************************
c8e9 :                       str_x_to_a
c8e9 : 0920             [ 2] 	ora #0x20			; Make alpha in to lower case
c8eb : 38               [ 2] 	sec					; Process high char in A
c8ec : e930             [ 2] 	sbc #'0'			; Convert to hex nibble
AS65 Assembler for R6502 [1.42].                                     Page   42
---------------------------------- bank2.s -----------------------------------

c8ee : c90a             [ 2] 	cmp #10				; If A < 10 then
c8f0 : 9002             [ 3] 	bcc skip_x_f_1		; skip a-f adjustment
c8f2 : e927             [ 2] 	sbc #0x27			; Sub 7 to get in to A-F range
c8f4 :                       skip_x_f_1
c8f4 : c910             [ 2] 	cmp #0x10			; Nibble should be <= 0x0f
c8f6 : b01d             [ 4] 	bcs	str_x_to_a_err	; Error if not
                             
c8f8 : 0a               [ 2] 	asl a				; This is the high nibble
c8f9 : 0a               [ 2] 	asl a
c8fa : 0a               [ 2] 	asl a
c8fb : 0a               [ 2] 	asl a
c8fc : 48               [ 3] 	pha					; Save the high nibble
c8fd : 8a               [ 2] 	txa					; Now process the low char in X
c8fe : 0920             [ 2] 	ora #0x20			; Make alpha in to lower case
c900 : 38               [ 2] 	sec
c901 : e930             [ 2] 	sbc #'0'			; Convert to hex nibble
c903 : c90a             [ 2] 	cmp #10				; If A < 10 then
c905 : 9002             [ 3] 	bcc skip_x_f_2		; skip a-f adjustment
c907 : e927             [ 2] 	sbc #0x27			; Sub 7 to get in to A-F range
c909 :                       skip_x_f_2
c909 : c910             [ 2] 	cmp #0x10			; Nibble should be <= 0x0f
c90b : b007             [ 3] 	bcs	str_x_to_a_errl	; Error if not
                             
c90d : 8579             [ 3] 	sta num_a			; Store low nibble in temp
c90f : 68               [ 4] 	pla					; Get high nibble
c910 : 0579             [ 3] 	ora num_a			; OR with low nibble
                             
c912 : 18               [ 2] 	clc					; No error
c913 : 60               [ 6] 	rts					; A contains value
                             
c914 :                       str_x_to_a_errl
c914 : 68               [ 4] 	pla
c915 :                       str_x_to_a_err
                             	SWBRK CMD_ERR_VAL
                             
                             
                             ;****************************************
                             ;* con_n_to_a
                             ;* Convert numeric string to accumulator (unsigne
                             ;* Input : Pointer to string (X=L, A=H), Y = Sour
                             ;* Output : num_a, num_a+1 contains word, X=numbe
                             ;* A = Source type detected
                             ;* Regs affected : CS = Error
                             ;****************************************
c917 :                       con_n_to_a
c917 : 8685             [ 3] 	stx num_tmp
c919 : 8586             [ 3] 	sta num_tmp+1
c91b : 6479             [ 3] 	stz num_a
c91d : 647a             [ 3] 	stz num_a+1
c91f : c000             [ 2] 	cpy #NUM_ANY
c921 : f014             [ 3] 	beq con_n_to_a_detect
c923 : 88               [ 2] 	dey
c924 : d003             [ 3] 	bne con_n_not_dec
c926 :                       con_dec_jmp
c926 : 4cbac9           [ 3] 	jmp con_dec_to_a_int
c929 :                       con_n_not_dec
c929 : 88               [ 2] 	dey
c92a : d003             [ 3] 	bne con_n_not_hex
c92c :                       con_hex_jmp
c92c : 4c51c9           [ 3] 	jmp con_hex_to_a_int
c92f :                       con_n_not_hex
c92f : 88               [ 2] 	dey
AS65 Assembler for R6502 [1.42].                                     Page   43
---------------------------------- bank2.s -----------------------------------

c930 : d003             [ 3] 	bne con_n_err
c932 :                       con_bin_jmp
c932 : 4c90c9           [ 3] 	jmp con_bin_to_a_int
c935 :                       con_n_err
c935 : 38               [ 2] 	sec
c936 : 60               [ 6] 	rts
c937 :                       con_n_to_a_detect
c937 : b285             [ 5] 	lda (num_tmp)
c939 : c930             [ 2] 	cmp #'0'
c93b : d0e9             [ 3] 	bne con_dec_jmp
c93d : a001             [ 2] 	ldy #1
c93f : b185             [ 5] 	lda (num_tmp),y
c941 : 0920             [ 2] 	ora #0x20
c943 : c978             [ 2] 	cmp #'x'
c945 : f0e5             [ 3] 	beq con_hex_jmp
c947 : c962             [ 2] 	cmp #'b'
c949 : f0e7             [ 3] 	beq con_bin_jmp
c94b : 80d9             [ 3] 	bra con_dec_jmp
                             
                             ;****************************************
                             ;* con_hex_to_a
                             ;* Convert hex string to accumulator (unsigned)
                             ;* Input : Pointer to string (X=L, A=H)
                             ;* Output : num_a, num_a+1 contains word, X=numbe
                             ;* Regs affected : CS = Error
                             ;****************************************
c94d :                       con_hex_to_a
c94d : 8685             [ 3] 	stx num_tmp
c94f : 8586             [ 3] 	sta num_tmp+1
c951 :                       con_hex_to_a_int
c951 : a205             [ 2] 	ldx #5			; > 4 digits will cause error
c953 : a002             [ 2] 	ldy #2			; start at first digit
c955 :                       con_hex_digit
c955 : b185             [ 5] 	lda (num_tmp),y
c957 : 0920             [ 2] 	ora #0x20					; Make alpha in to lower case
c959 : 38               [ 2] 	sec							; Process high char in A
c95a : e930             [ 2] 	sbc #'0'					; Convert to hex nibble
c95c : c90a             [ 2] 	cmp #10						; If A < 10 then
c95e : 9002             [ 3] 	bcc con_hex_skip_x_f_1		; skip a-f adjustment
c960 : e927             [ 2] 	sbc #0x27					; Sub 7 to get in to A-F range
c962 :                       con_hex_skip_x_f_1
c962 : c910             [ 2] 	cmp #0x10					; Nibble should be <= 0x0f
c964 : b01c             [ 3] 	bcs	con_hex_done			; Potentially done if not
c966 : 48               [ 3] 	pha
                             	; make room for lo nibble
c967 : 0679             [ 5] 	asl num_a
c969 : 267a             [ 5] 	rol num_a+1
c96b : 0679             [ 5] 	asl num_a
c96d : 267a             [ 5] 	rol num_a+1
c96f : 0679             [ 5] 	asl num_a
c971 : 267a             [ 5] 	rol num_a+1
c973 : 0679             [ 5] 	asl num_a
c975 : 267a             [ 5] 	rol num_a+1
                             	; save in low nibble
c977 : 68               [ 4] 	pla
c978 : 0579             [ 3] 	ora num_a
c97a : 8579             [ 3] 	sta num_a
c97c : c8               [ 2] 	iny
c97d : ca               [ 2] 	dex
c97e : d0d5             [ 3] 	bne con_hex_digit
                             	; if got to a 5th digit then error
c980 :                       con_hex_err
AS65 Assembler for R6502 [1.42].                                     Page   44
---------------------------------- bank2.s -----------------------------------

c980 : 38               [ 2] 	sec
c981 : 60               [ 6] 	rts
                             	; found a non-hex digit
c982 :                       con_hex_done
                             	; if no digits processed then error
c982 : c002             [ 2] 	cpy #2
c984 : f0fa             [ 3] 	beq con_hex_err
                             	; move y to x for digits processed
c986 : 98               [ 2] 	tya
c987 : aa               [ 2] 	tax
c988 : a902             [ 2] 	lda #NUM_HEX
c98a : 18               [ 2] 	clc
c98b : 60               [ 6] 	rts
                             
                             ;****************************************
                             ;* con_bin_to_a
                             ;* Convert binary string to accumulator (unsigned
                             ;* Input : Pointer to string (X=L, A=H)
                             ;* Output : num_a, num_a+1 contains word, X=numbe
                             ;* Regs affected : CS = Error
                             ;****************************************
c98c :                       con_bin_to_a
c98c : 8685             [ 3] 	stx num_tmp
c98e : 8586             [ 3] 	sta num_tmp+1
c990 :                       con_bin_to_a_int
c990 : a002             [ 2] 	ldy #2
c992 : a211             [ 2] 	ldx #17						; Max 16 binary digits allowed
c994 :                       con_bin_digit
c994 : b185             [ 5] 	lda (num_tmp),y
c996 : c930             [ 2] 	cmp #'0'
c998 : 9010             [ 3] 	bcc con_bin_done
c99a : c932             [ 2] 	cmp #'1'+1
c99c : b00c             [ 3] 	bcs con_bin_done
                             	; sets C if '1' else resets C
c99e : 69cf             [ 2] 	adc #0xff-'0'
                             	; shift in digit
c9a0 : 2679             [ 5] 	rol num_a
c9a2 : 267a             [ 5] 	rol num_a+1
c9a4 : c8               [ 2] 	iny
c9a5 : ca               [ 2] 	dex
c9a6 : d0ec             [ 3] 	bne con_bin_digit
                             	; on the 17th digit is too much, error
c9a8 : 800a             [ 3] 	bra con_bin_err
c9aa :                       con_bin_done
                             	; didn't process any digit = error
c9aa : c002             [ 2] 	cpy #2
c9ac : f006             [ 3] 	beq con_bin_err
                             	; put digits processed in to X
c9ae : 98               [ 2] 	tya
c9af : aa               [ 2] 	tax
c9b0 : a903             [ 2] 	lda #NUM_BIN
c9b2 : 18               [ 2] 	clc
c9b3 : 60               [ 6] 	rts
c9b4 :                       con_bin_err
c9b4 : 38               [ 2] 	sec
c9b5 : 60               [ 6] 	rts
                             
                             ;****************************************
                             ;* con_d_to_a
                             ;* Convert decimal string to accumulator (SIGNED)
                             ;* Input : Pointer to string (X=L, A=H)
                             ;* Output : num_a, num_a+1 contains word, X=numbe
AS65 Assembler for R6502 [1.42].                                     Page   45
---------------------------------- bank2.s -----------------------------------

                             ;* Regs affected : CS = Error
                             ;****************************************
c9b6 :                       con_dec_to_a
c9b6 : 8685             [ 3] 	stx num_tmp
c9b8 : 8586             [ 3] 	sta num_tmp+1
c9ba :                       con_dec_to_a_int
c9ba : a000             [ 2] 	ldy #0
                             	; Detect if leading minus sign
c9bc : b285             [ 5] 	lda (num_tmp)
c9be : c92d             [ 2] 	cmp #'-'
c9c0 : d001             [ 3] 	bne str_d_find_end
                             	; skip over minus if found
c9c2 : c8               [ 2] 	iny
c9c3 :                       str_d_find_end
c9c3 : b185             [ 5] 	lda (num_tmp),y
c9c5 : c930             [ 2] 	cmp #'0'
c9c7 : 9007             [ 3] 	bcc str_d_found_end
c9c9 : c93a             [ 2] 	cmp #'9'+1
c9cb : b003             [ 3] 	bcs str_d_found_end
c9cd : c8               [ 2] 	iny
c9ce : 80f3             [ 3] 	bra str_d_find_end
c9d0 :                       str_d_found_end
c9d0 : c007             [ 2] 	cpy #6+1			; Biggest int is 6 chars
c9d2 : b052             [ 4] 	bcs str_d_error		; e.g. -32767 including minus
c9d4 : 8488             [ 3] 	sty num_tmp+3
c9d6 : 6487             [ 3] 	stz num_tmp+2
c9d8 : 6479             [ 3] 	stz num_a
c9da : 647a             [ 3] 	stz num_a+1
c9dc :                       str_d_process_digit
c9dc : 88               [ 2] 	dey
c9dd : 3026             [ 4] 	bmi str_d_digits_done
                             
c9df : b185             [ 5] 	lda (num_tmp),y
                             
c9e1 : c92d             [ 2] 	cmp #'-'			; Got to minus sign?
c9e3 : f020             [ 4] 	beq str_d_digits_done ; also done
                             
c9e5 : 38               [ 2] 	sec
c9e6 : e930             [ 2] 	sbc #'0'
                             	; Convert digit to number
                             	; and then offset in to
                             	; look up table of powers
c9e8 : 18               [ 2] 	clc
c9e9 : 0a               [ 2] 	asl a
c9ea : 6587             [ 3] 	adc num_tmp+2
                             	; X contains index to powers
c9ec : aa               [ 2] 	tax
c9ed : a579             [ 3] 	lda num_a
c9ef : 7d28ca           [ 4] 	adc str_d_powers,x
c9f2 : 8579             [ 3] 	sta num_a
c9f4 : a57a             [ 3] 	lda num_a+1
c9f6 : 7d29ca           [ 4] 	adc str_d_powers+1,x
c9f9 : 857a             [ 3] 	sta num_a+1
c9fb : b029             [ 4] 	bcs str_d_error
                             	; Move to next power of 10 index
c9fd : a587             [ 3] 	lda num_tmp+2
c9ff : 6914             [ 2] 	adc #20
ca01 : 8587             [ 3] 	sta num_tmp+2
ca03 : 80d7             [ 4] 	bra str_d_process_digit
ca05 :                       str_d_digits_done
                             	; check if minus
ca05 : b285             [ 5] 	lda (num_tmp)
AS65 Assembler for R6502 [1.42].                                     Page   46
---------------------------------- bank2.s -----------------------------------

ca07 : c92d             [ 2] 	cmp #'-'
ca09 : d011             [ 3] 	bne str_d_skip_neg
ca0b : a688             [ 3] 	ldx num_tmp+3		; Must have >= 2 chars
ca0d : e002             [ 2] 	cpx #2				; else it's an error
ca0f : 9015             [ 3] 	bcc str_d_error
ca11 : a679             [ 3] 	ldx num_a
ca13 : a57a             [ 3] 	lda num_a+1
ca15 : 208cca           [ 6] 	jsr twos_complement
ca18 : 8679             [ 3] 	stx num_a
ca1a : 857a             [ 3] 	sta num_a+1
ca1c :                       str_d_skip_neg
ca1c : a688             [ 3] 	ldx num_tmp+3
ca1e : e001             [ 2] 	cpx #1				; must be at least 1 char
ca20 : 9004             [ 3] 	bcc str_d_error
ca22 : a901             [ 2] 	lda #NUM_DEC
ca24 : 18               [ 2] 	clc
ca25 : 60               [ 6] 	rts
ca26 :                       str_d_error
ca26 : 38               [ 2] 	sec
ca27 : 60               [ 6] 	rts
                             
ca28 :                       str_d_powers
ca28 : 00000100020003..      	dw	0, 1, 2, 3, 4, 5, 6, 7, 8, 9
ca3c : 00000a0014001e..      	dw	0, 10, 20, 30, 40, 50, 60, 70, 80, 90
ca50 : 00006400c8002c..      	dw	0, 100, 200, 300, 400, 500, 600, 700, 800, 90
ca64 : 0000e803d007b8..      	dw	0, 1000, 2000, 3000, 4000, 5000, 6000, 7000, 
ca78 : 00001027204e30..      	dw	0, 10000, 20000, 30000, 40000, 50000, 60000, 
                             	
                             
                             ;****************************************
                             ;* twos_complement
                             ;* Twos complement of X,A (X=low)
                             ;* Input : X = Low byte, A = High Byte to convert
                             ;* Output : X,A in 2's complement
                             ;* Regs affected : P
                             ;****************************************
ca8c :                       twos_complement
ca8c : 49ff             [ 2] 	eor #0xff
ca8e : 48               [ 3] 	pha
ca8f : 8a               [ 2] 	txa
ca90 : 49ff             [ 2] 	eor #0xff
ca92 : aa               [ 2] 	tax
ca93 : 68               [ 4] 	pla
ca94 : e8               [ 2] 	inx
ca95 : d001             [ 3] 	bne twos_complement_skip_X
ca97 : 1a               [ 2] 	inc a
ca98 :                       twos_complement_skip_X
ca98 : 60               [ 6] 	rts
                             
                             
                             ;****************************************
                             ;* int_to_bcd
                             ;* Convert A,X (signed int) to BCD
                             ;* Input : X = Low byte, A = High Byte to convert
                             ;* Output : 3 bytes of num_a is updated
                             ;* Regs affected : None
                             ;****************************************
ca99 :                       int_to_bcd
ca99 : 08               [ 3] 	php
ca9a : 48               [ 3] 	pha
ca9b : da               [ 3] 	phx
                             
AS65 Assembler for R6502 [1.42].                                     Page   47
---------------------------------- bank2.s -----------------------------------

ca9c : 8685             [ 3] 	stx num_tmp
ca9e : 8586             [ 3] 	sta num_tmp+1
caa0 : c980             [ 2] 	cmp #0x80			; Negative?
caa2 : 9003             [ 3] 	bcc int_to_bcd_skip_neg
caa4 : 208cca           [ 6] 	jsr twos_complement
caa7 :                       int_to_bcd_skip_neg
caa7 : 6479             [ 3] 	stz num_a
caa9 : 647a             [ 3] 	stz num_a+1
caab : 647b             [ 3] 	stz num_a+2
caad : 647c             [ 3] 	stz num_a+3
caaf : a210             [ 2] 	ldx #16
cab1 : f8               [ 2] 	sed
cab2 :                       int_to_bcd_bit
cab2 : 0685             [ 5] 	asl num_tmp
cab4 : 2686             [ 5] 	rol num_tmp+1
cab6 : a579             [ 3] 	lda num_a
cab8 : 6579             [ 3] 	adc num_a
caba : 8579             [ 3] 	sta num_a
cabc : a57a             [ 3] 	lda num_a+1
cabe : 657a             [ 3] 	adc num_a+1
cac0 : 857a             [ 3] 	sta num_a+1
cac2 : a57b             [ 3] 	lda num_a+2
cac4 : 657b             [ 3] 	adc num_a+2
cac6 : 857b             [ 3] 	sta num_a+2
cac8 : ca               [ 2] 	dex
cac9 : d0e7             [ 3] 	bne int_to_bcd_bit
                             	
cacb : fa               [ 4] 	plx
cacc : 68               [ 4] 	pla
cacd : 28               [ 4] 	plp
cace : 60               [ 6] 	rts
                             	
                             ;****************************************
                             ;* word_to_bcd
                             ;* Convert A,X (unsighed word) to BCD
                             ;* Input : X = Low byte, A = High Byte to convert
                             ;* Output : 3 bytes of num_a is updated as BCD
                             ;* Regs affected : None
                             ;****************************************
cacf :                       word_to_bcd
cacf : 08               [ 3] 	php
cad0 : 48               [ 3] 	pha
cad1 : da               [ 3] 	phx
                             
cad2 : 8685             [ 3] 	stx num_tmp
cad4 : 8586             [ 3] 	sta num_tmp+1
cad6 : 6479             [ 3] 	stz num_a
cad8 : 647a             [ 3] 	stz num_a+1
cada : 647b             [ 3] 	stz num_a+2
cadc : 647c             [ 3] 	stz num_a+3
cade : a210             [ 2] 	ldx #16			; 16 binary bits
cae0 : f8               [ 2] 	sed
cae1 :                       word_to_bcd_bit
cae1 : 0685             [ 5] 	asl num_tmp
cae3 : 2686             [ 5] 	rol num_tmp+1
cae5 : a579             [ 3] 	lda num_a
cae7 : 6579             [ 3] 	adc num_a
cae9 : 8579             [ 3] 	sta num_a
caeb : a57a             [ 3] 	lda num_a+1
caed : 657a             [ 3] 	adc num_a+1
caef : 857a             [ 3] 	sta num_a+1
caf1 : a57b             [ 3] 	lda num_a+2
AS65 Assembler for R6502 [1.42].                                     Page   48
---------------------------------- bank2.s -----------------------------------

caf3 : 657b             [ 3] 	adc num_a+2
caf5 : 857b             [ 3] 	sta num_a+2
caf7 : ca               [ 2] 	dex
caf8 : d0e7             [ 3] 	bne word_to_bcd_bit
                             	
cafa : fa               [ 4] 	plx
cafb : 68               [ 4] 	pla
cafc : 28               [ 4] 	plp
cafd : 60               [ 6] 	rts
                             
                             ;****************************************
                             ;* int_to_str_ch
                             ;* Helper routine to stuff decimal char in to num
                             ;* Input : A=BCD digit, Y=num_buf index, C=insert
                             ;* Output : num_buf in ASCII, A=ASCII digit
                             ;* Regs affected : C cleared if non-zero
                             ;****************************************
cafe :                       int_to_str_ch
cafe : 290f             [ 2] 	and #0xf
cb00 : 0930             [ 2] 	ora #0x30					; Convert to ascii
cb02 : 4930             [ 2] 	eor #0x30					; Check if zero digit
cb04 : d005             [ 3] 	bne int_to_str_nz			; If not zero definitely sto
cb06 : b003             [ 3] 	bcs int_to_str_nz			; Also if C=1
cb08 : 4930             [ 2] 	eor #0x30					; Restore A
cb0a : 60               [ 6] 	rts							; Return without storing anything
cb0b :                       int_to_str_nz
cb0b : 4930             [ 2] 	eor #0x30					; Restore A
cb0d : 998900           [ 5] 	sta num_buf,y
cb10 : c8               [ 2] 	iny
cb11 : 38               [ 2] 	sec							; Set C as a non-zero encountered
cb12 :                       int_to_str_ch_fin
cb12 : 60               [ 6] 	rts
                             
                             ;****************************************
                             ;* int_to_str
                             ;* Convert int to string
                             ;* Input : in X,A (low,high), C=leading zeros wan
                             ;* Output : num_buf in ASCII 6 digits + zero term
                             ;* Regs affected : P
                             ;****************************************
cb13 :                       int_to_str
                             	_pushAXY
                             
cb16 : a000             [ 2] 	ldy #0						; first pos of num_buf
cb18 : 0900             [ 2] 	ora #0						; Test A for sign bit
cb1a : 08               [ 3] 	php							; Remember C bit of P
cb1b : 100a             [ 3] 	bpl int_to_str_skip_neg		; Skip if not (postive 
cb1d : 208cca           [ 6] 	jsr twos_complement			; Flip X,A from 2s complem
cb20 : 48               [ 3] 	pha							; Remember A
cb21 : a92d             [ 2] 	lda #'-'					; Put in negative sign
cb23 : 8589             [ 3] 	sta num_buf
cb25 : c8               [ 2] 	iny							; Start at second buffer pos
cb26 : 68               [ 4] 	pla							; Restore A
cb27 :                       int_to_str_skip_neg
cb27 : 20cfca           [ 6]  	jsr word_to_bcd				; Convert X,A to BCD
cb2a : a202             [ 2] 	ldx #2						; Start at BCD high byte
cb2c :                       int_str
cb2c : 28               [ 4] 	plp							; Get C but immediately
cb2d : 08               [ 3] 	php							; Save C (due to loop check later)
cb2e : b579             [ 4] 	lda num_a,x					; Get BCD digit
cb30 : 8590             [ 3] 	sta num_buf+7				; Save A it for the units later
cb32 : 4a               [ 2] 	lsr a						; Tens - shift to lower nibble
AS65 Assembler for R6502 [1.42].                                     Page   49
---------------------------------- bank2.s -----------------------------------

cb33 : 4a               [ 2] 	lsr a
cb34 : 4a               [ 2] 	lsr a
cb35 : 4a               [ 2] 	lsr a
cb36 : 28               [ 4] 	plp							; Get C
cb37 : 20feca           [ 6] 	jsr int_to_str_ch			; Put ASCII code in num_buf
cb3a : a590             [ 3] 	lda num_buf+7				; Get A for the units
cb3c : 20feca           [ 6] 	jsr int_to_str_ch			; Put ASCII code in num_buf
cb3f : 08               [ 3] 	php							; Save C
cb40 : ca               [ 2] 	dex
cb41 : 10e9             [ 3] 	bpl int_str
cb43 : 28               [ 4] 	plp							; Check C
cb44 : b005             [ 3] 	bcs	int_to_str_fin			; If set then something pri
cb46 : a930             [ 2] 	lda #'0'					; Stuff a zero
cb48 : 8589             [ 3] 	sta num_buf					; Must be in first position..
cb4a : c8               [ 2] 	iny
cb4b :                       int_to_str_fin
cb4b : a900             [ 2] 	lda #0						; Terminator
cb4d : 998900           [ 5] 	sta num_buf,y
cb50 : c8               [ 2] 	iny
                             	_pullAXY
                             
cb54 : 60               [ 6] 	rts
                             
                             
                             ;****************************************
                             ;* bcd_to_str
                             ;* Convert num_buf to chars
                             ;* Input : num_a in BCD format
                             ;* Output : num_buf in ASCII 6 digits
                             ;* Output is big endian, input is not
                             ;* Regs affected : P
                             ;****************************************
                             ;bcd_to_str
                             ;	pha
                             ;	phx
                             ;	phy
                             ;
                             ;	ldx #5						; Index in to string
                             ;	ldy #0						; Current BCD digit
                             ;bcd_str
                             ;	lda num_a,y
                             ;	; Convert 1s digit of byte
                             ;	pha
                             ;	and #0xf
                             ;	clc
                             ;	adc #0x30
                             ;	sta num_buf,x
                             ;	; Convert 10s digit of byte
                             ;	pla
                             ;	lsr a
                             ;	lsr a
                             ;	lsr a
                             ;	lsr a
                             ;	clc
                             ;	adc #0x30					; Convert to ASCII
                             ;	sta num_buf-1,x
                             ;	dex
                             ;	dex
                             ;	iny
                             ;	cpy #3						; 3 BCD digits max
                             ;	bne bcd_str
                             ;
AS65 Assembler for R6502 [1.42].                                     Page   50
---------------------------------- bank2.s -----------------------------------

                             ;	ply
                             ;	plx
                             ;	pla
                             ;	rts
                             	
                             ;****************************************
                             ;* out_bcd
                             ;* Output a bcd string in num_buf
                             ;* Input : num_buf has the ASCII
                             ;* Input : C=1 print leading zeros else not
                             ;* Output : num_buf in ASCII 6 digits
                             ;* Output is big endian, input is not, Y=digits p
                             ;* Regs affected : P
                             ;****************************************
                             ;out_bcd
                             ;	pha
                             ;	phx
                             ;	php
                             ;	ldy #0						; How many digits printed
                             ;	ldx #0						; Index in to string
                             ;out_bcd_digit
                             ;	lda num_buf,x
                             ;	cpy #0						; If not in leading zero mode
                             ;	bne out_bcd_print			; No then go print
                             ;
                             ;	cmp #'0'					; else check if zero
                             ;	bne out_bcd_print			; No then go print
                             ;
                             ;	plp
                             ;	php
                             ;	bcc out_bcd_next			; If C=0 go to next digit, e
                             ;out_bcd_print
                             ;	iny
                             ;	jsr io_put_ch
                             ;out_bcd_next
                             ;	inx
                             ;	cpx #6
                             ;	bne out_bcd_digit
                             ;	cpy #0						; If nothing printed
                             ;	bne out_bcd_fin
                             ;	lda #'0'					; Need to put out 1 zero
                             ;	jsr io_put_ch
                             ;	iny
                             ;out_bcd_fin
                             ;	plp
                             ;	plx
                             ;	pla
                             ;	clc
                             ;	rts
                             	
                             ;****************************************
                             ;* str_a_to_d
                             ;* Convert X,A to decimal string in sevalptr
                             ;* Input : X,A = number Low,High
                             ;* Input : C=1 keep leading zeros else not
                             ;* Output : sevalptr in ASCII max 6 digits
                             ;*          Y=length including sign
                             ;* Output is big endian, input is not
                             ;* Regs affected : P
                             ;****************************************
cb55 :                       str_a_to_d
cb55 : 60               [ 6] 	rts
AS65 Assembler for R6502 [1.42].                                     Page   51
---------------------------------- bank2.s -----------------------------------

                             	
                             ;****************************************
                             ;* print_a_to_d
                             ;* Convert X,A to decimal string
                             ;* Input : X,A = number Low,High
                             ;* Input : C=1 print leading zeros else not
                             ;* Output : num_buf in ASCII max 6 digits
                             ;*          Y=digits printed including sign
                             ;* Output is big endian, input is not
                             ;* Regs affected : P
                             ;****************************************
cb56 :                       print_a_to_d
cb56 : 2013cb           [ 6] 	jsr int_to_str
cb59 : a000             [ 2] 	ldy #0
cb5b :                       print_a_to_d_ch
cb5b : b98900           [ 4] 	lda num_buf,y
cb5e : f006             [ 3] 	beq print_a_to_d_fin
cb60 : 2093c5           [ 6] 	jsr io_put_ch
cb63 : c8               [ 2] 	iny
cb64 : d0f5             [ 3] 	bne print_a_to_d_ch
cb66 :                       print_a_to_d_fin
cb66 : 60               [ 6] 	rts
                             	
                             
                             ;* Reset vector points here - 6502 starts here
cb67 :                       init
                             ;	jmp init_test
                             	; First clear ram
                             ;	sei					; No need as disabled on startup
                             ;	cld					; No need as disabled on startup
cb67 : a2ff             [ 2] 	ldx #0xff			; Initialise stack pointer
cb69 : 9a               [ 2] 	txs
cb6a : 4cc5cb           [ 3] 	jmp init_ram		; jmp not jsr to ram initialiser
cb6d :                       init_2					; init_ram will jump back to here
                             	
cb6d : 2073cb           [ 6] 	jsr kernel_init
                             
cb70 : 4ce2c6           [ 3] 	jmp main
                             
cb73 :                       kernel_init
cb73 : 2035c7           [ 6] 	jsr init_nmi		; Initialise NMI handling
cb76 : 205ec7           [ 6] 	jsr init_irq		; Initialise IRQ handling
                             	
cb79 : 20f9c1           [ 6] 	jsr _init_cia0		; initialise cia 0
cb7c : 2011c2           [ 6] 	jsr _init_cia1		; initialise cia 1
cb7f : 20f9c4           [ 6] 	jsr _PT3INIT		; Load PT3 player code into shadow
cb82 : 20e1c1           [ 6] 	jsr _init_acia		; initialise the serial chip
cb85 :                       kernel_test
cb85 : 2059c2           [ 6] 	jsr _init_snd		; initialise the sound chip
cb88 : 2071c2           [ 6] 	jsr _init_keyboard	; initialise keyboard timer s
cb8b : 2009c4           [ 6] 	jsr _vdp_init		; initialise vdp
cb8e : a900             [ 2] 	lda #0				; Default = 40 column mode - put on st
cb90 : 48               [ 3] 	pha
cb91 : a20e             [ 2] 	ldx #NV_MODE		; NV location for default text mod
cb93 : 2069c4           [ 6] 	jsr _rtc_nvread		; Try to read location
cb96 : b00b             [ 3] 	bcs kernel_skip_nv	; If bad NV ram then skip try
cb98 : aa               [ 2] 	tax					; Save the mode temporarily
cb99 : 68               [ 4] 	pla					; Get the default mode from stack
cb9a : 8a               [ 2] 	txa					; And push the NV mode that was read
cb9b : 48               [ 3] 	pha
cb9c : a20f             [ 2] 	ldx #NV_COLOUR		; NV location for the default co
cb9e : 2069c4           [ 6] 	jsr _rtc_nvread		; Try to read location (assumed
AS65 Assembler for R6502 [1.42].                                     Page   52
---------------------------------- bank2.s -----------------------------------

cba1 : 8515             [ 3] 	sta vdp_base+vdp_bord_col	; Save it to the borde
cba3 :                       kernel_skip_nv	
cba3 : 68               [ 4] 	pla					; Get the mode (either default or the NV
cba4 : 20c9c1           [ 6] 	jsr _gr_init_screen
cba7 : 2059c5           [ 6] 	jsr io_init			; Set default input/output device
cbaa : 58               [ 2] 	cli					; irq interrupts enable
                             
                             	; Print the boot up message - requires IO and IR
                             	_println msg_hello_world
                             
                             
                             
cbb8 : 2021c4           [ 6] 	jsr _rtc_init		; Initialise RTC - * AFTER INTERR
cbbb : 2041c2           [ 6] 	jsr _init_sdcard	; initialise the sd card interf
cbbe : 2029c2           [ 6] 	jsr _init_fs		; initialise the filesystem
cbc1 : 2031c0           [ 6] 	jsr _df_init		; Initialise interpreter
                             
cbc4 : 60               [ 6] 	rts
                             
                             	
                             ;* Initialises RAM, skipping pages 4-8 which are 
                             ;* Zeroes all addressable RAM in the default bank
cbc5 :                       init_ram
cbc5 : 6400             [ 3] 	stz 0x00			; Start at page 0
cbc7 : 6401             [ 3] 	stz 0x01
cbc9 : a002             [ 2] 	ldy #0x02			; But Y initially at 2 to not overwr
cbcb : a200             [ 2] 	ldx #0x00			; Page counter starts at zero
cbcd : a900             [ 2] 	lda #0				; Normal RAM filled with zero
cbcf :                       init_ram_1
cbcf : e005             [ 2] 	cpx	#5				; Page <5 is ok (zeroes out VIA0 and 1
cbd1 : 9004             [ 3] 	bcc init_ram_fill
cbd3 : e008             [ 2] 	cpx #8				; Page >=8 is ok
cbd5 : 9005             [ 3] 	bcc init_ram_skip	; But >=5 and <8 do not initia
cbd7 :                       init_ram_fill
cbd7 : 9100             [ 5] 	sta (0x00),y		; Write initialisation value to RA
cbd9 : c8               [ 2] 	iny
cbda : d0fb             [ 3] 	bne init_ram_fill	; Do a whole page
cbdc :                       init_ram_skip
cbdc : e8               [ 2] 	inx					; Increment page counter
cbdd : 8601             [ 3] 	stx 0x01			; Save to address pointer
cbdf : d0ee             [ 3] 	bne init_ram_1		; Do all pages until page 0xff d
                             	
cbe1 : 4c6dcb           [ 3] 	jmp init_2			; Carry on initialisation
                             
                             ;* Copy code to ram_code that enables copying of 
cbe4 :                       init_ram_code
cbe4 : a000             [ 2] 	ldy #0
cbe6 :                       ram_code_copycode
cbe6 : b9f2cb           [ 4] 	lda ram_code_s,y
cbe9 : 990c0c           [ 5] 	sta ram_code,y
cbec : c8               [ 2] 	iny
cbed : c025             [ 2] 	cpy #(ram_code_e-ram_code_s)
cbef : d0f5             [ 3] 	bne ram_code_copycode
cbf1 : 60               [ 6] 	rts
                             
                             ; This code gets copied to RAM to do the actual p
                             ; Stack must contain:
                             ;	101,x = disable ROM value
                             ;	102,x = original ROM value
                             ;	103,x = new RAM bank select value
                             ;	104,x = original RAM bank select value
                             ; tmp_a = address to poke to
AS65 Assembler for R6502 [1.42].                                     Page   53
---------------------------------- bank2.s -----------------------------------

cbf2 :                       ram_code_s
cbf2 : 08               [ 3] 	php							; Save processor status
cbf3 : 78               [ 2] 	sei							; Disable VDP interrupts
cbf4 : 48               [ 3] 	pha
cbf5 : ba               [ 2] 	tsx
cbf6 : e8               [ 2] 	inx
cbf7 : e8               [ 2] 	inx
cbf8 : e8               [ 2] 	inx
cbf9 : e8               [ 2] 	inx
cbfa : bd0101           [ 4] 	lda 0x101,x					; Get disable ROM value
cbfd : 8d8004           [ 4] 	sta IO_1+PRB				; Disable ROM
cc00 : bd0301           [ 4] 	lda 0x103,x					; Get new RAM bank select value
cc03 : 8d0004           [ 4] 	sta IO_0+PRB				; Select bank 2
cc06 : 68               [ 4] 	pla
cc07 : 9135             [ 5] 	sta (tmp_a),y				; Actually poke the byte to mem
cc09 : bd0201           [ 4] 	lda 0x102,x					; Get original ROM value
cc0c : 8d8004           [ 4] 	sta IO_1+PRB				; Enable ROM
cc0f : bd0401           [ 4] 	lda 0x104,x					; Get original RAM bank select v
cc12 : 8d0004           [ 4] 	sta IO_0+PRB				; Restore RAM bank select	
cc15 : 28               [ 4] 	plp							; Restore processor status
cc16 : 60               [ 6] 	rts
cc17 :                       ram_code_e
                             
                             
cc17 :                       mod_sz_kernel_e
                             
                             
                             	
                             ; Bank specific code goes here
                             	include "sdcard\sdcard.s"
                             ;************************************************
                             ;*
                             ;*	BBC-128 HOMEBREW COMPUTER
                             ;*	Hardware and software design by @6502Nerd (Dol
                             ;*	Copyright 2014-20
                             ;*  Free to use for any non-commercial purpose su
                             ;*  appropriate credit of my authorship please!
                             ;*
                             ;*  SDCARD.S
                             ;*  Low level SD card driver routines.  This modu
                             ;*  software bit banging through VIA 2 port B of 
                             ;*  interface.  So the card is clocked in softwar
                             ;*  not great for performance but fast enough for
                             ;*  purposes.  I think we can get around 8.5KB/s 
                             ;*  read/write speed, translating to around 5.5KB
                             ;*  throughput using the filesystem.
                             ;*
                             ;************************************************
                             
                             	; ROM code
                             	code
                             
cc17 :                       mod_sz_sdcard_s
                             
                             ;****************************************
                             ;* init_sdcard
                             ;* Initialise SD card interface after CIA2!
                             ;* Input : None
                             ;* Output : None
                             ;* Regs affected : None
                             ;****************************************
cc17 :                       init_sdcard
AS65 Assembler for R6502 [1.42].                                     Page   54
---------------------------------- bank2.s -----------------------------------

cc17 : ad8004           [ 4] 	lda IO_1+PRB					; Detect card
cc1a : 2904             [ 2] 	and #0x04						; Bit 2 of PRB = 0
cc1c : 853f             [ 3] 	sta sd_status
cc1e : d046             [ 3] 	bne init_sd_failed				; If not zero then no card
                             	_println sd_msg_initialising
                             
cc2d :                       init_sdcard_try
cc2d : a908             [ 2] 	lda #SD_CS						; Unselect device
cc2f : 0c8004           [ 3] 	tsb SD_REG
cc32 : a901             [ 2] 	lda #SD_CLK						; Set clock low
cc34 : 1c8004           [ 3] 	trb SD_REG
cc37 : a910             [ 2] 	lda #SD_MOSI					; DI/MOSI high
cc39 : 0c8004           [ 3] 	tsb SD_REG
cc3c : a208             [ 2] 	ldx #8							; 8*0.125ms = 1ms
cc3e : 2082c8           [ 6] 	jsr long_delay
                             
cc41 : a208             [ 2] 	ldx #8							; 10 bytes of 0xff
cc43 : a9ff             [ 2] 	lda #0xff
cc45 :                       init_sd_pulse
cc45 : 209ecc           [ 6] 	jsr sd_sendbyte					; Send the 0xff byte
cc48 : ca               [ 2] 	dex
cc49 : d0fa             [ 3] 	bne init_sd_pulse
cc4b : a908             [ 2] 	lda #SD_CS						; Unselect device
cc4d : 0c8004           [ 3] 	tsb SD_REG
                             
cc50 :                       init_cmd0
cc50 : 205fcd           [ 6] 	jsr sd_sendcmd0
cc53 : c9ff             [ 2] 	cmp #0xff						; 0xff is not a valid response
cc55 : d002             [ 3] 	bne init_sd_next
cc57 : f0d4             [ 3] 	beq init_sdcard_try
                             	
cc59 :                       init_sd_next
cc59 :                       init_acmd41
cc59 : 2081cd           [ 6] 	jsr sd_sendcmd55
                             
cc5c : 20a3cd           [ 6] 	jsr sd_sendcmd41
                             	
cc5f : c900             [ 2] 	cmp #0							; Was R1 = 0
cc61 : d0f6             [ 3] 	bne init_acmd41					; Retry if not
                             	
cc63 :                       init_cmd16
cc63 : 4cc5cd           [ 3] 	jmp sd_sendcmd16
cc66 :                       init_sd_failed
                             	; Got here then the card didn't initialise
                             	_println sd_msg_failed
                             
cc73 : 60               [ 6] 	rts
                             
                             ;****************************************
                             ;* sd_startcmd
                             ;* Start a cmd frame by sending CS high to low
                             ;* Input : None
                             ;* Output : None
                             ;* Regs affected : None
                             ;****************************************
cc74 :                       sd_startcmd
cc74 : 48               [ 3] 	pha								; Save A
cc75 : ad0004           [ 4] 	lda IO_0 + PRB					; Get current led status
cc78 : 0902             [ 2] 	ora #KB_LED0					; Initially assume off
cc7a : 4902             [ 2] 	eor #KB_LED0					; Switch on if C=1
cc7c : 8d0004           [ 4] 	sta IO_0 + PRB					; Set the leds
                             
AS65 Assembler for R6502 [1.42].                                     Page   55
---------------------------------- bank2.s -----------------------------------

cc7f : a9ff             [ 2] 	lda #0xff						; Send 0xff
cc81 : 209ecc           [ 6] 	jsr sd_sendbyte					; Delay / synch pulses
cc84 : 209ecc           [ 6] 	jsr sd_sendbyte					; With CS not asserted
                             
cc87 : a908             [ 2] 	lda #SD_CS						; Chip select bit
cc89 : 1c8004           [ 3] 	trb SD_REG						; Now set it low
                             
cc8c : 68               [ 4] 	pla								; Restore A
cc8d : 60               [ 6] 	rts
                             
                             ;****************************************
                             ;* sd_endcmd
                             ;* End a cmd frame by sending CS high
                             ;* Input : None
                             ;* Output : None
                             ;* Regs affected : None
                             ;****************************************
cc8e :                       sd_endcmd
cc8e : 48               [ 3] 	pha
                             
cc8f : ad0004           [ 4] 	lda IO_0 + PRB					; Get current led status
cc92 : 0902             [ 2] 	ora #KB_LED0					; Initially assume off
cc94 : 8d0004           [ 4] 	sta IO_0 + PRB					; Set the leds
                             
cc97 : a908             [ 2] 	lda #SD_CS						; Chip select bit
cc99 : 0c8004           [ 3] 	tsb SD_REG						; First set it high
                             
cc9c : 68               [ 4] 	pla
cc9d : 60               [ 6] 	rts
                             
                             ;****************************************
                             ;* sd_sendbyte
                             ;* Low level byte send routine
                             ;* Input : A = byte to send
                             ;* Output : None
                             ;* Regs affected : None
                             ;****************************************
cc9e :                       sd_sendbyte
cc9e : 48               [ 3] 	pha
cc9f : 5a               [ 3] 	phy
                             
cca0 : 8535             [ 3] 	sta tmp_a						; For shifting out
                             
cca2 : a008             [ 2] 	ldy #8							; 8 bits to shift out
cca4 : ad8004           [ 4] 	lda SD_REG						; Load the SD register to A
cca7 :                       sd_shiftoutbit
cca7 : 0910             [ 2] 	ora #SD_MOSI					; And initially set output bit 
cca9 : 0635             [ 5] 	asl tmp_a						; Unless the bit to transmit is '
ccab : b002             [ 3] 	bcs sd_shiftskiplo				; so then EOR the bit back
ccad : 4910             [ 2] 	eor #SD_MOSI
ccaf :                       sd_shiftskiplo
ccaf : 8d8004           [ 4] 	sta SD_REG						; Save data bit first, it seems,
                             	
ccb2 : ee8004           [ 6] 	inc SD_REG						; Set bit 1 of clock
                             ;	dec SD_REG						; Reset bit 1 of clock
ccb5 : 8d8004           [ 4] 	sta SD_REG						; Reset bit 1 of clock
                             
ccb8 : 88               [ 2] 	dey								; Count bits
ccb9 : d0ec             [ 3] 	bne sd_shiftoutbit				; Until no more bits to se
                             
ccbb : 7a               [ 4] 	ply
ccbc : 68               [ 4] 	pla
AS65 Assembler for R6502 [1.42].                                     Page   56
---------------------------------- bank2.s -----------------------------------

                             
ccbd : 60               [ 6] 	rts
                             
                             ;****************************************
                             ;* sd_getbyte
                             ;* Low level get a byte
                             ;* Input : A = response byte received
                             ;* Output : None
                             ;* Regs affected : None
                             ;****************************************
                             
ccbe :                       sd_getbyte
ccbe : 5a               [ 3] 	phy
ccbf : da               [ 3] 	phx
                             
ccc0 : ad8004           [ 4] 	lda SD_REG
ccc3 : 0910             [ 2] 	ora #SD_MOSI					; Set MOSI high
ccc5 : 8d8004           [ 4] 	sta SD_REG
ccc8 : a8               [ 2] 	tay								; Same as A with clock high
ccc9 : c8               [ 2] 	iny
ccca : aa               [ 2] 	tax								; Same as A with clock low
                             	
                             	; Unroll the code almost 20% faster than looping
                             	; bit 7
cccb : 8c8004           [ 4] 	sty SD_REG
ccce : ad8004           [ 4] 	lda SD_REG						; Sample SD card lines (MISO is 
ccd1 : 8e8004           [ 4] 	stx SD_REG
ccd4 : c980             [ 2] 	cmp #SD_MISO					; Trial subtract A-MISO, C=1 if
ccd6 : 2635             [ 5] 	rol tmp_a						; Rotate carry state in to tmp_a
                             	; bit 6
ccd8 : 8c8004           [ 4] 	sty SD_REG
ccdb : ad8004           [ 4] 	lda SD_REG						; Sample SD card lines (MISO is 
ccde : 8e8004           [ 4] 	stx SD_REG
cce1 : c980             [ 2] 	cmp #SD_MISO					; Trial subtract A-MISO, C=1 if
cce3 : 2635             [ 5] 	rol tmp_a						; Rotate carry state in to tmp_a
                             	; bit 5
cce5 : 8c8004           [ 4] 	sty SD_REG
cce8 : ad8004           [ 4] 	lda SD_REG						; Sample SD card lines (MISO is 
cceb : 8e8004           [ 4] 	stx SD_REG
ccee : c980             [ 2] 	cmp #SD_MISO					; Trial subtract A-MISO, C=1 if
ccf0 : 2635             [ 5] 	rol tmp_a						; Rotate carry state in to tmp_a
                             	; bit 4
ccf2 : 8c8004           [ 4] 	sty SD_REG
ccf5 : ad8004           [ 4] 	lda SD_REG						; Sample SD card lines (MISO is 
ccf8 : 8e8004           [ 4] 	stx SD_REG
ccfb : c980             [ 2] 	cmp #SD_MISO					; Trial subtract A-MISO, C=1 if
ccfd : 2635             [ 5] 	rol tmp_a						; Rotate carry state in to tmp_a
                             	; bit 3
ccff : 8c8004           [ 4] 	sty SD_REG
cd02 : ad8004           [ 4] 	lda SD_REG						; Sample SD card lines (MISO is 
cd05 : 8e8004           [ 4] 	stx SD_REG
cd08 : c980             [ 2] 	cmp #SD_MISO					; Trial subtract A-MISO, C=1 if
cd0a : 2635             [ 5] 	rol tmp_a						; Rotate carry state in to tmp_a
                             	; bit 2
cd0c : 8c8004           [ 4] 	sty SD_REG
cd0f : ad8004           [ 4] 	lda SD_REG						; Sample SD card lines (MISO is 
cd12 : 8e8004           [ 4] 	stx SD_REG
cd15 : c980             [ 2] 	cmp #SD_MISO					; Trial subtract A-MISO, C=1 if
cd17 : 2635             [ 5] 	rol tmp_a						; Rotate carry state in to tmp_a
                             	; bit 1
cd19 : 8c8004           [ 4] 	sty SD_REG
cd1c : ad8004           [ 4] 	lda SD_REG						; Sample SD card lines (MISO is 
AS65 Assembler for R6502 [1.42].                                     Page   57
---------------------------------- bank2.s -----------------------------------

cd1f : 8e8004           [ 4] 	stx SD_REG
cd22 : c980             [ 2] 	cmp #SD_MISO					; Trial subtract A-MISO, C=1 if
cd24 : 2635             [ 5] 	rol tmp_a						; Rotate carry state in to tmp_a
                             	; bit 0
cd26 : 8c8004           [ 4] 	sty SD_REG
cd29 : ad8004           [ 4] 	lda SD_REG						; Sample SD card lines (MISO is 
cd2c : 8e8004           [ 4] 	stx SD_REG
cd2f : c980             [ 2] 	cmp #SD_MISO					; Trial subtract A-MISO, C=1 if
cd31 : 2635             [ 5] 	rol tmp_a						; Rotate carry state in to tmp_a
                             
cd33 : a535             [ 3] 	lda tmp_a						; Return response in A
                             
cd35 : fa               [ 4] 	plx
cd36 : 7a               [ 4] 	ply
                             
cd37 : 60               [ 6] 	rts
                             
                             ;****************************************
                             ;* sd_getrespbyte
                             ;* Low level get response routine
                             ;* Input : A = response byte received
                             ;* Output : None
                             ;* Regs affected : None
                             ;****************************************
cd38 :                       sd_getrespbyte
cd38 : da               [ 3] 	phx
cd39 : a200             [ 2] 	ldx #0							; Try up to 256 times
cd3b :                       sd_respff
cd3b : e8               [ 2] 	inx								; Retry counter
cd3c : f007             [ 3] 	beq sd_resptimeout
cd3e : 20becc           [ 6] 	jsr sd_getbyte
cd41 : c9ff             [ 2] 	cmp #0xff						; Keep reading MISO until not FF
cd43 : f0f6             [ 3] 	beq sd_respff
cd45 :                       sd_resptimeout
cd45 : fa               [ 4] 	plx
cd46 : 60               [ 6] 	rts
                             
                             ;****************************************
                             ;* sd_busy
                             ;* Low level busy check routine
                             ;* Input : None
                             ;* Output : None
                             ;* Regs affected : None
                             ;****************************************
cd47 :                       sd_busy
cd47 : 48               [ 3] 	pha
cd48 : a53f             [ 3] 	lda sd_status					; If no card then fall out
cd4a : d007             [ 3] 	bne sd_isbusy_fin
cd4c :                       sd_isbusy
cd4c : 20becc           [ 6] 	jsr sd_getbyte
cd4f : c9ff             [ 2] 	cmp #0xff						; Keep reading MISO until FF
cd51 : d0f9             [ 3] 	bne sd_isbusy
cd53 :                       sd_isbusy_fin
cd53 : 68               [ 4] 	pla
cd54 : 60               [ 6] 	rts
                             
                             ;****************************************
                             ;* sd_waitforn0byte
                             ;* Low level routine waits for card to be ready
                             ;* Input : None
                             ;* Output : None
                             ;* Regs affected : None
AS65 Assembler for R6502 [1.42].                                     Page   58
---------------------------------- bank2.s -----------------------------------

                             ;****************************************
cd55 :                       sd_waitforn0byte
cd55 : a53f             [ 3] 	lda sd_status
cd57 : d005             [ 3] 	bne sd_waitforn0byte_fin
cd59 : 2038cd           [ 6] 	jsr sd_getrespbyte
cd5c : f0f7             [ 3] 	beq sd_waitforn0byte					; Zero byte means not r
cd5e :                       sd_waitforn0byte_fin
cd5e : 60               [ 6] 	rts
                             
                             ;****************************************
                             ;* sd_sendcmd0
                             ;* Send CMD0
                             ;* Input : None
                             ;* Output : None
                             ;* Regs affected : None
                             ;****************************************
cd5f :                       sd_sendcmd0
cd5f : 2074cc           [ 6] 	jsr sd_startcmd
                             
                             	; Send 0x40, 0x00, 0x00, 0x00, 0x00, 0x95
cd62 : a940             [ 2] 	lda #0x40
cd64 : 209ecc           [ 6] 	jsr sd_sendbyte
cd67 : a900             [ 2] 	lda #0x00
cd69 : 209ecc           [ 6] 	jsr sd_sendbyte
cd6c : 209ecc           [ 6] 	jsr sd_sendbyte
cd6f : 209ecc           [ 6] 	jsr sd_sendbyte
cd72 : 209ecc           [ 6] 	jsr sd_sendbyte
cd75 : a995             [ 2] 	lda #0x95						; Checksum needs to be right
cd77 : 209ecc           [ 6] 	jsr sd_sendbyte
                             
cd7a : 20ebcd           [ 6] 	jsr sd_getrespR1				; Get the response
                             
cd7d : 208ecc           [ 6] 	jsr sd_endcmd
                             	
cd80 : 60               [ 6] 	rts
                             
                             ;****************************************
                             ;* sd_sendcmd55
                             ;* Send CMD55
                             ;* Input : None
                             ;* Output : None
                             ;* Regs affected : None
                             ;****************************************
cd81 :                       sd_sendcmd55
cd81 : 2074cc           [ 6] 	jsr sd_startcmd
                             
                             	; Send 0x40+55, 0x00, 0x00, 0x00, 0x00, 0x95
cd84 : a977             [ 2] 	lda #0x40+55
cd86 : 209ecc           [ 6] 	jsr sd_sendbyte
cd89 : a900             [ 2] 	lda #0x00
cd8b : 209ecc           [ 6] 	jsr sd_sendbyte
cd8e : 209ecc           [ 6] 	jsr sd_sendbyte
cd91 : 209ecc           [ 6] 	jsr sd_sendbyte
cd94 : 209ecc           [ 6] 	jsr sd_sendbyte
cd97 : a995             [ 2] 	lda #0x95						; Checksum needs to be right
cd99 : 209ecc           [ 6] 	jsr sd_sendbyte
                             
cd9c : 20ebcd           [ 6] 	jsr sd_getrespR1				; Get the response
                             
cd9f : 208ecc           [ 6] 	jsr sd_endcmd
                             	
cda2 : 60               [ 6] 	rts
AS65 Assembler for R6502 [1.42].                                     Page   59
---------------------------------- bank2.s -----------------------------------

                             
                             ;****************************************
                             ;* sd_sendcmd41
                             ;* Send ACMD41
                             ;* Input : None
                             ;* Output : None
                             ;* Regs affected : None
                             ;****************************************
cda3 :                       sd_sendcmd41
cda3 : 2074cc           [ 6] 	jsr sd_startcmd
                             
                             	; Send 0x40+41, 0x00, 0x00, 0x00, 0x00, 0x95
cda6 : a969             [ 2] 	lda #0x40+41
cda8 : 209ecc           [ 6] 	jsr sd_sendbyte
cdab : a900             [ 2] 	lda #0x00
cdad : 209ecc           [ 6] 	jsr sd_sendbyte
cdb0 : 209ecc           [ 6] 	jsr sd_sendbyte
cdb3 : 209ecc           [ 6] 	jsr sd_sendbyte
cdb6 : 209ecc           [ 6] 	jsr sd_sendbyte
cdb9 : a995             [ 2] 	lda #0x95						; Checksum needs to be right
cdbb : 209ecc           [ 6] 	jsr sd_sendbyte
                             
cdbe : 20ebcd           [ 6] 	jsr sd_getrespR1				; Get the response
                             
cdc1 : 208ecc           [ 6] 	jsr sd_endcmd
                             	
cdc4 : 60               [ 6] 	rts
                             
                             ;****************************************
                             ;* sd_sendcmd16
                             ;* Send CMD16
                             ;* Input : None
                             ;* Output : None
                             ;* Regs affected : None
                             ;****************************************
cdc5 :                       sd_sendcmd16
cdc5 : 2074cc           [ 6] 	jsr sd_startcmd
                             
                             	; Send 0x40+16, 0x00, 0x00, 0x02, 0x00, 0x95
cdc8 : a950             [ 2] 	lda #0x40+16
cdca : 209ecc           [ 6] 	jsr sd_sendbyte
cdcd : a900             [ 2] 	lda #0x00
cdcf : 209ecc           [ 6] 	jsr sd_sendbyte
cdd2 : 209ecc           [ 6] 	jsr sd_sendbyte
cdd5 : a902             [ 2] 	lda #0x02						; 0x200 block size = 512 bytes
cdd7 : 209ecc           [ 6] 	jsr sd_sendbyte
cdda : a900             [ 2] 	lda #0x00
cddc : 209ecc           [ 6] 	jsr sd_sendbyte
cddf : a995             [ 2] 	lda #0x95						; Checksum needs to be right
cde1 : 209ecc           [ 6] 	jsr sd_sendbyte
                             
cde4 : 20ebcd           [ 6] 	jsr sd_getrespR1				; Get the response
                             
cde7 : 208ecc           [ 6] 	jsr sd_endcmd
                             	
cdea : 60               [ 6] 	rts
                             
                             ;****************************************
                             ;* sd_getrespR1
                             ;* Low level get response R1
                             ;* Input : A = response byte received
                             ;* Output : None
AS65 Assembler for R6502 [1.42].                                     Page   60
---------------------------------- bank2.s -----------------------------------

                             ;* Regs affected : None
                             ;****************************************
cdeb :                       sd_getrespR1
cdeb : 2038cd           [ 6] 	jsr sd_getrespbyte
cdee : 60               [ 6] 	rts
                             
                             ;****************************************
                             ;* sd_sendcmd17
                             ;* Send CMD17
                             ;* Input : sd_sect = 4 bytes of sector offset lit
                             ;* Output : None
                             ;* Regs affected : None
                             ;****************************************
cdef :                       sd_sendcmd17
cdef : da               [ 3] 	phx
cdf0 : 48               [ 3] 	pha								; A is the page to write to
                             	
cdf1 : 2074cc           [ 6] 	jsr sd_startcmd
                             
                             	; Convert sector address to byte address
                             	; Sector address is little endian
                             	; Byte address is big endian
cdf4 : 6449             [ 3] 	stz sd_addr+3					; LSB of address is always 0
cdf6 : a542             [ 3] 	lda sd_sect+0					; LSB of sector goes to addres
cdf8 : 8548             [ 3] 	sta sd_addr+2					; Equivalent of * 256
cdfa : a543             [ 3] 	lda sd_sect+1
cdfc : 8547             [ 3] 	sta sd_addr+1
cdfe : a544             [ 3] 	lda sd_sect+2
ce00 : 8546             [ 3] 	sta sd_addr+0
ce02 : 18               [ 2] 	clc								; Now addr*2 so equiv to sect*512
ce03 : 0649             [ 5] 	asl sd_addr+3
ce05 : 2648             [ 5] 	rol sd_addr+2
ce07 : 2647             [ 5] 	rol sd_addr+1
ce09 : 2646             [ 5] 	rol sd_addr+0
                             
ce0b :                       sd_cmd17addr
                             	; Send 0x40+17, 0xA3, 0xA2, 0xA1, 0xA0, 0x95
ce0b : a951             [ 2] 	lda #0x40+17
ce0d : 209ecc           [ 6] 	jsr sd_sendbyte
ce10 : a546             [ 3] 	lda sd_addr+0
ce12 : 209ecc           [ 6] 	jsr sd_sendbyte
ce15 : a547             [ 3] 	lda sd_addr+1
ce17 : 209ecc           [ 6] 	jsr sd_sendbyte
ce1a : a548             [ 3] 	lda sd_addr+2
ce1c : 209ecc           [ 6] 	jsr sd_sendbyte
ce1f : a549             [ 3] 	lda sd_addr+3
ce21 : 209ecc           [ 6] 	jsr sd_sendbyte
ce24 : a995             [ 2] 	lda #0x95						; Checksum needs to be right
ce26 : 209ecc           [ 6] 	jsr sd_sendbyte
                             
ce29 : 2038cd           [ 6] 	jsr sd_getrespbyte
ce2c : aa               [ 2] 	tax								; Save response in X for return
                             
ce2d : 68               [ 4] 	pla								; Get the A param
ce2e : 203ace           [ 6] 	jsr sd_getrespR17				; Get the response
                             
ce31 : 2047cd           [ 6] 	jsr sd_busy						; Wait for card to be ready
                             	
ce34 : 208ecc           [ 6] 	jsr sd_endcmd
                             
ce37 : 8a               [ 2] 	txa								; Restore the response byte
ce38 : fa               [ 4] 	plx
AS65 Assembler for R6502 [1.42].                                     Page   61
---------------------------------- bank2.s -----------------------------------

                             	
ce39 : 60               [ 6] 	rts
                             
                             ;****************************************
                             ;* sd_getrespR17
                             ;* Low level get response R17
                             ;* Input : A = R1 response byte received
                             ;* Output : None
                             ;* Regs affected : None
                             ;****************************************
ce3a :                       sd_getrespR17
ce3a : 48               [ 3] 	pha
ce3b : 5a               [ 3] 	phy
                             
ce3c : a43f             [ 3] 	ldy sd_status
ce3e : d025             [ 3] 	bne sd_getrespR17_fin
                             
ce40 : 8534             [ 3] 	sta tmp_v1+1					; Page to read in to
ce42 : 6433             [ 3] 	stz tmp_v1						; Always a page boundary
ce44 :                       sd_getrespR17token
ce44 : 20becc           [ 6] 	jsr sd_getbyte					; Get a byte
ce47 : c9fe             [ 2] 	cmp #0xfe						; Is it the token?
ce49 : d0f9             [ 3] 	bne sd_getrespR17token			; No
                             	
ce4b : a000             [ 2] 	ldy #0							; read 1st 256 bytes
ce4d :                       sd_getrespR17block1
ce4d : 20becc           [ 6] 	jsr sd_getbyte					; get a byte
ce50 : 9133             [ 5] 	sta (tmp_v1),y					; Save the byte
ce52 : c8               [ 2] 	iny								; Keep going
ce53 : d0f8             [ 3] 	bne sd_getrespR17block1			; Until all bytes read
                             
ce55 : e634             [ 5] 	inc tmp_v1+1					; Next page
ce57 :                       sd_getrespR17block2
ce57 : 20becc           [ 6] 	jsr sd_getbyte					; get a byet
ce5a : 9133             [ 5] 	sta (tmp_v1),y					; Save the byte
ce5c : c8               [ 2] 	iny								; Keep going
ce5d : d0f8             [ 3] 	bne sd_getrespR17block2			; Until all bytes read
                             
ce5f : 20becc           [ 6] 	jsr sd_getbyte					; CRC
ce62 : 20becc           [ 6] 	jsr sd_getbyte					; CRC
                             	
ce65 :                       sd_getrespR17_fin
ce65 : 7a               [ 4] 	ply
ce66 : 68               [ 4] 	pla
                             
ce67 : 60               [ 6] 	rts
                             	
                             
                             ;****************************************
                             ;* sd_sendcmd24
                             ;* Send CMD24
                             ;* Input : sd_sect = 4 bytes of sector offset lit
                             ;* Output : None
                             ;* Regs affected : None
                             ;****************************************
ce68 :                       sd_sendcmd24
ce68 : 5a               [ 3] 	phy
ce69 : 48               [ 3] 	pha
                             
ce6a : 2074cc           [ 6] 	jsr sd_startcmd
                             
                             	; Convert sector address to byte address
AS65 Assembler for R6502 [1.42].                                     Page   62
---------------------------------- bank2.s -----------------------------------

                             	; Sector address is little endian
                             	; Byte address is big endian
ce6d : 6449             [ 3] 	stz sd_addr+3					; LSB of address is always 0
ce6f : a542             [ 3] 	lda sd_sect+0					; LSB of sector goes to addres
ce71 : 8548             [ 3] 	sta sd_addr+2					; Equivalent of * 256
ce73 : a543             [ 3] 	lda sd_sect+1
ce75 : 8547             [ 3] 	sta sd_addr+1
ce77 : a545             [ 3] 	lda sd_sect+3
ce79 : 8546             [ 3] 	sta sd_addr+0
ce7b : 18               [ 2] 	clc								; Now addr*2 so equiv to sect*512
ce7c : 0649             [ 5] 	asl sd_addr+3
ce7e : 2648             [ 5] 	rol sd_addr+2
ce80 : 2647             [ 5] 	rol sd_addr+1
ce82 : 2646             [ 5] 	rol sd_addr+0
                             
                             	; Send 0x40+24, 0xA0, 0xA1, 0xA2, 0xA3, 0x95
ce84 : a958             [ 2] 	lda #0x40+24
ce86 : 209ecc           [ 6] 	jsr sd_sendbyte
ce89 : a546             [ 3] 	lda sd_addr+0
ce8b : 209ecc           [ 6] 	jsr sd_sendbyte
ce8e : a547             [ 3] 	lda sd_addr+1
ce90 : 209ecc           [ 6] 	jsr sd_sendbyte
ce93 : a548             [ 3] 	lda sd_addr+2
ce95 : 209ecc           [ 6] 	jsr sd_sendbyte
ce98 : a549             [ 3] 	lda sd_addr+3
ce9a : 209ecc           [ 6] 	jsr sd_sendbyte
ce9d : a995             [ 2] 	lda #0x95					; Checksum needs to be right
ce9f : 209ecc           [ 6] 	jsr sd_sendbyte
                             
cea2 : 2038cd           [ 6] 	jsr sd_getrespbyte			; Get response
                             
cea5 : 20becc           [ 6] 	jsr sd_getbyte
                             	
cea8 : a9fe             [ 2] 	lda #0xfe					; Start of data token
ceaa : 209ecc           [ 6] 	jsr sd_sendbyte
                             
cead : 68               [ 4] 	pla							; Retrieve the address high byte
ceae : 8534             [ 3] 	sta tmp_v1+1
ceb0 : 6433             [ 3] 	stz tmp_v1					; Address is always page boundary
                             
ceb2 : a000             [ 2] 	ldy #00
ceb4 :                       sd_writeblock_1					; Send first 256 bytes
ceb4 : b133             [ 5] 	lda (tmp_v1), y
ceb6 : 209ecc           [ 6] 	jsr sd_sendbyte
ceb9 : c8               [ 2] 	iny
ceba : d0f8             [ 3] 	bne sd_writeblock_1
cebc : e634             [ 5] 	inc tmp_v1+1				; Next page for second 256 bytes
cebe :                       sd_writeblock_2					; Send second 256 bytes
cebe : b133             [ 5] 	lda (tmp_v1), y
cec0 : 209ecc           [ 6] 	jsr sd_sendbyte
cec3 : c8               [ 2] 	iny
cec4 : d0f8             [ 3] 	bne sd_writeblock_2
                             
cec6 : a9aa             [ 2] 	lda #0xaa					; Arbitrary CRC bytes
cec8 : 209ecc           [ 6] 	jsr sd_sendbyte
cecb : 209ecc           [ 6] 	jsr sd_sendbyte
                             
cece : 20becc           [ 6] 	jsr sd_getbyte				; Get data response byte
ced1 : 48               [ 3] 	pha							; Save it to return
                             
ced2 :                       sd_waitforwritecomplete
ced2 : 2047cd           [ 6] 	jsr sd_busy					; Wait for card to be ready
AS65 Assembler for R6502 [1.42].                                     Page   63
---------------------------------- bank2.s -----------------------------------

                             	
ced5 : 208ecc           [ 6] 	jsr sd_endcmd				; Release the card
                             
ced8 : 68               [ 4] 	pla
ced9 : 7a               [ 4] 	ply
ceda : 60               [ 6] 	rts
                             
                             	
cedb :                       sd_msg_initialising
cedb : 0d496e69746961..      	db "\rInitialising SD Card\r", 0
cef2 :                       sd_msg_failed
cef2 : 0d426164206f72..      	db "\rBad or missing SD Card\r", 0
                             
cf0b :                       sd_cmd55
cf0b : 770000000095          	db (0x40+55), 0x00, 0x00, 0x00, 0x00, 0x95
cf11 :                       sd_cmd58
cf11 : 7a0000000095          	db (0x40+58), 0x00, 0x00, 0x00, 0x00, 0x95
cf17 :                       sd_acmd41
cf17 : 690000000095          	db (0x40+41), 0x00, 0x00, 0x00, 0x00, 0x95
                             	
cf1d :                       mod_sz_sdcard_e
                             
                             	include "sdcard\sd_fs.s"
                             ;************************************************
                             ;*
                             ;*	BBC-128 HOMEBREW COMPUTER
                             ;*	Hardware and software design by @6502Nerd (Dol
                             ;*	Copyright 2014-20
                             ;*  Free to use for any non-commercial purpose su
                             ;*  appropriate credit of my authorship please!
                             ;*
                             ;*  SD_FS.S
                             ;*  FAT16 filesystem module.  Implements a basic 
                             ;*  filesystem to enable mass storage support.
                             ;*  I've been a bit naughty in that I have assume
                             ;*  sd card size and sector 0 is the MBR.  This i
                             ;*  always the case, but it works for me so I cou
                             ;*  the time be asked to sort it out. I may fix t
                             ;*  more general use at some point..
                             ;*  The filesystem now supports sub directories a
                             ;*  implements the folling:
                             ;*  - load a file
                             ;*  - save a file
                             ;*  - delete a file from the card
                             ;*  - perform a directory listing
                             ;*  - change to subdirectory
                             ;*  I have to say I am pretty pleased with this, 
                             ;*  of reading and research!
                             ;*
                             ;************************************************
                             
                             
                             	; ROM code
                             	code
                             
cf1d :                       mod_sz_sd_fs_s
                             
                             	include "sdcard\sd_fs.i"
                             ;************************************************
                             ;*
                             ;*	BBC-128 HOMEBREW COMPUTER
                             ;*	Hardware and software design by @6502Nerd (Dol
AS65 Assembler for R6502 [1.42].                                     Page   64
---------------------------------- bank2.s -----------------------------------

                             ;*	Copyright 2014-20
                             ;*  Free to use for any non-commercial purpose su
                             ;*  appropriate credit of my authorship please!
                             ;*
                             ;*  SD_FS.I
                             ;*  FAT16 filesystem definitions.  Nothing to see
                             ;*
                             ;************************************************
0001 =                       FS_FILEMODER    =   0x01
0080 =                       FS_FILEMODEW    =   0x80
002f =                       FS_FOLDERCH     =   '/'
                             
                             
                             ;****************************************
                             ;* init_fs
                             ;* Initialise filesystem - after sd card!
                             ;* Input : None
                             ;* Output : None
                             ;* Regs affected : None
                             ;****************************************
cf1d :                       init_fs
cf1d : a63f             [ 3] 	ldx sd_status
cf1f : f00e             [ 3] 	beq init_fs_do
                             	_println msg_noinit_fs
                             
cf2e : 60               [ 6] 	rts
                             
cf2f :                       init_fs_do
                             	_println msg_initialising_fs
                             
                             
                             	;Load MBR sector 0
cf3c : a203             [ 2] 	ldx #0x03					; Init sector to 0 (MBR)
cf3e :                       init_fs_clr_sect
cf3e : 7442             [ 4] 	stz sd_sect,x
cf40 : ca               [ 2] 	dex
cf41 : 10fb             [ 3] 	bpl init_fs_clr_sect
                             
cf43 : a902             [ 2] 	lda #hi(sd_buf)				; Read in to the buffer
cf45 : 20efcd           [ 6] 	jsr sd_sendcmd17			; Call read block
                             
                             	;Find sector of partition 1
cf48 : a203             [ 2] 	ldx #0x03					; Get partition 1
cf4a :                       init_fs_get_part1
cf4a : bdc603           [ 4] 	lda sd_buf+MBR_BootPart1,x
cf4d : 9542             [ 4] 	sta sd_sect,x
cf4f : 9d7e0c           [ 5] 	sta fs_bootsect,x			; This is also the 'bootsect
cf52 : ca               [ 2] 	dex
cf53 : 10f5             [ 3] 	bpl init_fs_get_part1
                             	; Get partition 1 sector
cf55 : a902             [ 2] 	lda #hi(sd_buf)				; Read in to the buffer
cf57 : 20efcd           [ 6] 	jsr sd_sendcmd17			; Call read block
                             
                             	; Calculate start of FAT tables
                             	; Assuming there are about 64k clusters
                             	; Each cluster assumed to be 32k sectors
                             	; Each sector is 512 bytes (0.5k)
                             	; Giving 64k x 32k x 0.5 ~ 1GB storage
cf5a : 18               [ 2] 	clc
cf5b : ad7e0c           [ 4] 	lda fs_bootsect
cf5e : 6d0e02           [ 4] 	adc sd_buf+MBR_ResvSect
cf61 : 8d820c           [ 4] 	sta fs_fatsect
AS65 Assembler for R6502 [1.42].                                     Page   65
---------------------------------- bank2.s -----------------------------------

cf64 : ad7f0c           [ 4] 	lda fs_bootsect+1
cf67 : 6d0f02           [ 4] 	adc sd_buf+MBR_ResvSect+1
cf6a : 8d830c           [ 4] 	sta fs_fatsect+1
cf6d : 9c840c           [ 4] 	stz fs_fatsect+2
cf70 : 9c850c           [ 4] 	stz fs_fatsect+3
                             	
                             	; Calculate start of Root Directory
cf73 : ad1602           [ 4] 	lda sd_buf+MBR_SectPerFAT	; Initialise to 2 * Se
cf76 : 0a               [ 2] 	asl a
cf77 : 8d860c           [ 4] 	sta fs_rootsect
cf7a : ad1702           [ 4] 	lda sd_buf+MBR_SectPerFAT+1
cf7d : 2a               [ 2] 	rol a
cf7e : 8d870c           [ 4] 	sta fs_rootsect+1
cf81 : 9c880c           [ 4] 	stz fs_rootsect+2
cf84 : 9c890c           [ 4] 	stz fs_rootsect+3
                             
                             	; Now add FAT offset
cf87 : 18               [ 2] 	clc
cf88 : a200             [ 2] 	ldx #0x00
cf8a : a004             [ 2] 	ldy #4
cf8c :                       fs_init_add_fat
cf8c : bd820c           [ 4] 	lda fs_fatsect,x
cf8f : 7d860c           [ 4] 	adc fs_rootsect,x
cf92 : 9d860c           [ 5] 	sta fs_rootsect,x
cf95 : e8               [ 2] 	inx
cf96 : 88               [ 2] 	dey
cf97 : d0f3             [ 3] 	bne fs_init_add_fat
                             	
                             	; Calculate start of data area
                             	; Assuming 512 root dir entries
                             	; Each entry = 32 bytes
                             	; Divided by bytes per sector
                             	; to get sector count
cf99 : a920             [ 2] 	lda #32						; (512*32)/512 = 32
cf9b : 8d8a0c           [ 4] 	sta fs_datasect
cf9e : 9c8b0c           [ 4] 	stz fs_datasect+1
cfa1 : 9c8c0c           [ 4] 	stz fs_datasect+2
cfa4 : 9c8d0c           [ 4] 	stz fs_datasect+3
                             
                             	; Now add root directory offset
cfa7 : 18               [ 2] 	clc
cfa8 : a200             [ 2] 	ldx #0x00
cfaa : a004             [ 2] 	ldy #4
cfac :                       fs_init_data
cfac : bd860c           [ 4] 	lda fs_rootsect,x
cfaf : 7d8a0c           [ 4] 	adc fs_datasect,x
cfb2 : 9d8a0c           [ 5] 	sta fs_datasect,x
cfb5 : e8               [ 2] 	inx
cfb6 : 88               [ 2] 	dey
cfb7 : d0f3             [ 3] 	bne fs_init_data
                             
cfb9 : 38               [ 2] 	sec							; Now subtract 2 clusters worth of sec
cfba : ad8a0c           [ 4] 	lda fs_datasect+0			; to enable easy use of clus
cfbd : e940             [ 2] 	sbc #0x40					; FS handling routines
cfbf : 8d8a0c           [ 4] 	sta fs_datasect+0			; Each cluster = 32 sectors
cfc2 : ad8b0c           [ 4] 	lda fs_datasect+1			; Therefore take off 0x40 se
cfc5 : e900             [ 2] 	sbc #0
cfc7 : 8d8b0c           [ 4] 	sta fs_datasect+1
cfca : ad8c0c           [ 4] 	lda fs_datasect+2
cfcd : e900             [ 2] 	sbc #0
cfcf : 8d8c0c           [ 4] 	sta fs_datasect+2
cfd2 : ad8d0c           [ 4] 	lda fs_datasect+3
AS65 Assembler for R6502 [1.42].                                     Page   66
---------------------------------- bank2.s -----------------------------------

cfd5 : e900             [ 2] 	sbc #0
cfd7 : 8d8d0c           [ 4] 	sta fs_datasect+3
                             
                             	; Go to root directory using zero cluster #
cfda : 646d             [ 3] 	stz fh_handle+FH_FirstClust
cfdc : 646e             [ 3] 	stz fh_handle+FH_FirstClust+1
cfde : 2074d5           [ 6] 	jsr fs_chdir_direct
                             	
cfe1 : 60               [ 6] 	rts
                             
                             
                             ;****************************************
                             ;* fs_getbyte_sd_buf
                             ;* Given a populated SD buffer, get byte
                             ;* Indexed by X,Y (X=lo,Y=hi) 
                             ;* Input : X,Y make 9 bit index
                             ;* Output : A=Byte
                             ;* Regs affected : None
                             ;****************************************
cfe2 :                       fs_getbyte_sd_buf
                             	; if bit 9<>0 then 2nd half of sd_buf
cfe2 : 98               [ 2] 	tya
cfe3 : 2901             [ 2] 	and #1
cfe5 : d004             [ 3] 	bne fs_getbyte_sd_buf_hi
cfe7 : bd0002           [ 4] 	lda sd_buf,x
cfea : 60               [ 6] 	rts
cfeb :                       fs_getbyte_sd_buf_hi
cfeb : bd0003           [ 4] 	lda sd_buf+0x100,x
cfee : 60               [ 6] 	rts
                             
                             
                             ;****************************************
                             ;* fs_putbyte_sd_buf
                             ;* Given a populated SD buffer, put byte
                             ;* Indexed by X,Y (X=lo,Y=hi), A=Val 
                             ;* Input : X,Y make 9 bit index, A=byte
                             ;* Output : None
                             ;* Regs affected : None
                             ;****************************************
cfef :                       fs_putbyte_sd_buf
cfef : 48               [ 3] 	pha
                             	; if bit 9<>0 then 2nd half of sd_buf
cff0 : 98               [ 2] 	tya
cff1 : 2901             [ 2] 	and #1
cff3 : d005             [ 3] 	bne fs_putbyte_sd_buf_hi
cff5 : 68               [ 4] 	pla
cff6 : 9d0002           [ 5] 	sta sd_buf,x
cff9 : 60               [ 6] 	rts
cffa :                       fs_putbyte_sd_buf_hi
cffa : 68               [ 4] 	pla
cffb : 9d0003           [ 5] 	sta sd_buf+0x100,x
cffe : 60               [ 6] 	rts
                             
                             ;****************************************
                             ;* fs_getword_sd_buf
                             ;* Given a populated SD buffer, get word
                             ;* Indexed by Y which is word aligned 
                             ;* Input : Y=Word offset in to sd_buf
                             ;* Output : X,A=Word
                             ;* Regs affected : Y
                             ;****************************************
cfff :                       fs_getword_sd_buf
AS65 Assembler for R6502 [1.42].                                     Page   67
---------------------------------- bank2.s -----------------------------------

cfff : 98               [ 2] 	tya
d000 : 0a               [ 2] 	asl a
d001 : a8               [ 2] 	tay
d002 : b007             [ 3] 	bcs fs_getword_sd_buf_hi
d004 : be0002           [ 4] 	ldx sd_buf,y
d007 : b90102           [ 4] 	lda sd_buf+1,y
d00a : 60               [ 6] 	rts
d00b :                       fs_getword_sd_buf_hi
d00b : be0003           [ 4] 	ldx sd_buf+0x100,y
d00e : b90103           [ 4] 	lda sd_buf+0x100+1,y
d011 : 60               [ 6] 	rts
                             
                             
                             ;****************************************
                             ;* fs_putword_sd_buf
                             ;* Given a populated SD buffer, put word
                             ;* Indexed by Y which is word aligned 
                             ;* Input : Y=Word offset in to sd_buf
                             ;*         X,A=Word
                             ;* Regs affected : Y
                             ;****************************************
d012 :                       fs_putword_sd_buf
d012 : 48               [ 3] 	pha
d013 : 98               [ 2] 	tya
d014 : 0a               [ 2] 	asl a
d015 : a8               [ 2] 	tay
d016 : b009             [ 3] 	bcs fs_putword_sd_buf_hi
d018 : 8a               [ 2] 	txa
d019 : 990002           [ 5] 	sta sd_buf,y
d01c : 68               [ 4] 	pla
d01d : 990102           [ 5] 	sta sd_buf+1,y
d020 : 60               [ 6] 	rts
d021 :                       fs_putword_sd_buf_hi
d021 : 8a               [ 2] 	txa
d022 : 990003           [ 5] 	sta sd_buf+0x100,y
d025 : 68               [ 4] 	pla
d026 : 990103           [ 5] 	sta sd_buf+0x100+1,y
d029 : 60               [ 6] 	rts
                             
                             
                             ;****************************************
                             ;* fs_dir_root_start
                             ;* Initialise ready to read root directory
                             ;* Input : dirsect is current directory pointer
                             ;* Output : None
                             ;* Regs affected : None
                             ;****************************************
d02a :                       fs_dir_root_start
                             	; Set SD sector to root directory
d02a : a203             [ 2] 	ldx #0x03
d02c :                       fs_dir_set_sd
d02c : bd8e0c           [ 4] 	lda fs_dirsect,x
d02f : 9542             [ 4] 	sta sd_sect,x
d031 : ca               [ 2] 	dex
d032 : 10f8             [ 3] 	bpl fs_dir_set_sd
                             
                             	; SD buffer is where blocks will be read to
d034 : 6440             [ 3] 	stz sd_slo
d036 : a902             [ 2] 	lda #hi(sd_buf)
d038 : 8541             [ 3] 	sta sd_shi
                             
                             	; Load up first sector in to SD buf
AS65 Assembler for R6502 [1.42].                                     Page   68
---------------------------------- bank2.s -----------------------------------

d03a : a902             [ 2] 	lda #hi(sd_buf)
d03c : 20efcd           [ 6] 	jsr sd_sendcmd17
                             
d03f : 60               [ 6] 	rts
                             
                             
                             ;* Wrapper function preserving A,X,Y
d040 :                       fs_dir_root_start_w
d040 : 48               [ 3] 	pha
d041 : da               [ 3] 	phx
d042 : 5a               [ 3] 	phy
                             	
d043 : 202ad0           [ 6] 	jsr fs_dir_root_start
                             	
d046 : 7a               [ 4] 	ply
d047 : fa               [ 4] 	plx
d048 : 68               [ 4] 	pla
d049 : 60               [ 6] 	rts
                             
                             
                             ;****************************************
                             ;* fs_dir_find_entry
                             ;* Read directory entry
                             ;* Input : sd_slo, sd_shi : Pointer to directory 
                             ;* Input : C = 0 only find active files.  C = 1 f
                             ;* Output : None
                             ;* Regs affected : None
                             ;****************************************
d04a :                       fs_dir_find_entry
d04a : 08               [ 3] 	php							; Save C state for checking later
d04b :                       fs_dir_check_entry
                             	; Not LFN aware
d04b : a00b             [ 2] 	ldy #FAT_Attr				; Check attribute
d04d : a9ce             [ 2] 	lda #0xce					; Any of H, S, V, I then skip
d04f : 3140             [ 5] 	and (sd_slo),y
d051 : d01a             [ 3] 	bne fs_dir_find_another
d053 : a000             [ 2] 	ldy #FAT_Name				; Examine 1st byte of name
d055 : b140             [ 5] 	lda (sd_slo),y
d057 : 28               [ 4] 	plp							; Check C
d058 : 08               [ 3] 	php
d059 : 900a             [ 3] 	bcc	fs_find_active_slot		; Looking to find an ac
d05b : c900             [ 2] 	cmp #0						; Else looking for 0 or 0xe5
d05d : f020             [ 3] 	beq fs_dir_found_empty
d05f : c9e5             [ 2] 	cmp #0xe5
d061 : f01c             [ 3] 	beq fs_dir_found_empty
d063 : 8008             [ 3] 	bra fs_dir_find_another		; Else not an entry we'
d065 :                       fs_find_active_slot
d065 : c900             [ 2] 	cmp #0
d067 : f009             [ 3] 	beq fs_dir_notfound			; If zero then no more ent
d069 : c9e5             [ 2] 	cmp #0xe5					; Deleted entry?
d06b : d008             [ 3] 	bne fs_dir_found_active
d06d :                       fs_dir_find_another
d06d : 208fd0           [ 6] 	jsr fs_dir_next_entry		; Advance read for next i
d070 : 80d9             [ 3] 	bra fs_dir_check_entry
                             
d072 :                       fs_dir_notfound					; No more entries
d072 : 28               [ 4] 	plp							; Remove temp P from stack
d073 : 38               [ 2] 	sec							; Set carry to indicate no more
d074 : 60               [ 6] 	rts
                             
d075 :                       fs_dir_found_active
d075 : a01f             [ 2] 	ldy #FATFileDesc-1			; Cache the sd entry to fs_
AS65 Assembler for R6502 [1.42].                                     Page   69
---------------------------------- bank2.s -----------------------------------

d077 :                       fs_dir_copy_sd_entry_byte
d077 : b140             [ 5] 	lda (sd_slo),y
d079 : 995e0c           [ 5] 	sta fs_direntry,y
d07c : 88               [ 2] 	dey
d07d : 10f8             [ 3] 	bpl fs_dir_copy_sd_entry_byte
d07f :                       fs_dir_found_empty
d07f : 20c5d0           [ 6] 	jsr fs_dir_entry_to_fhandle	; Now copy to file h
d082 : 28               [ 4] 	plp							; Remove temp P from stack
d083 : 18               [ 2] 	clc							; Clear carry to indicate found
d084 :                       fs_dir_fin						; Finalise
d084 : 60               [ 6] 	rts
                             
                             ;* Wrapper function preserving A,X,Y
d085 :                       fs_dir_find_entry_w
d085 : 48               [ 3] 	pha
d086 : da               [ 3] 	phx
d087 : 5a               [ 3] 	phy
                             	
d088 : 204ad0           [ 6] 	jsr fs_dir_find_entry
                             	
d08b : 7a               [ 4] 	ply
d08c : fa               [ 4] 	plx
d08d : 68               [ 4] 	pla
d08e : 60               [ 6] 	rts
                             
                             	
                             ;****************************************
                             ;* fs_dir_next_entry
                             ;* Jump to next directory entry (32 bytes)
                             ;* Load next sector if required
                             ;* Input : sd_slo, sd_shi : Pointer to directory 
                             ;* Output : None
                             ;* Regs affected : None
                             ;****************************************
d08f :                       fs_dir_next_entry
d08f : 18               [ 2] 	clc							; Jump to next 32 byte entry
d090 : a540             [ 3] 	lda sd_slo					; Update sd_slo, sd_shi
d092 : 6920             [ 2] 	adc #32
d094 : 8540             [ 3] 	sta sd_slo
d096 : a541             [ 3] 	lda sd_shi
d098 : 6900             [ 2] 	adc #0
d09a : 8541             [ 3] 	sta sd_shi
d09c : c904             [ 2] 	cmp #hi(sd_buf+0x200)		; If not at end of sector
d09e : d01a             [ 3] 	bne fs_dir_next_done		; then don't load next sec
                             
                             	; Advance the sector
d0a0 : a200             [ 2] 	ldx #0x00
d0a2 : a004             [ 2] 	ldy #0x04
d0a4 : 38               [ 2] 	sec
d0a5 :                       fs_dir_inc_sect
d0a5 : b542             [ 4] 	lda sd_sect,x
d0a7 : 6900             [ 2] 	adc #0
d0a9 : 9542             [ 4] 	sta sd_sect,x
d0ab : e8               [ 2] 	inx
d0ac : 88               [ 2] 	dey
d0ad : d0f6             [ 3] 	bne fs_dir_inc_sect
                             	
                             	; Reset SD buffer  where blocks will be read to
d0af : 6440             [ 3] 	stz sd_slo
d0b1 : a902             [ 2] 	lda #hi(sd_buf)
d0b3 : 8541             [ 3] 	sta sd_shi
                             
AS65 Assembler for R6502 [1.42].                                     Page   70
---------------------------------- bank2.s -----------------------------------

d0b5 : a902             [ 2] 	lda #hi(sd_buf)				; Goes in to sd_buf
d0b7 : 20efcd           [ 6] 	jsr sd_sendcmd17			; Load it
                             
d0ba :                       fs_dir_next_done
d0ba : 60               [ 6] 	rts
                             
                             ;* Wrapper function preserving A,X,Y
d0bb :                       fs_dir_entry_next_w
d0bb : 48               [ 3] 	pha
d0bc : da               [ 3] 	phx
d0bd : 5a               [ 3] 	phy
                             	
d0be : 208fd0           [ 6] 	jsr fs_dir_next_entry
                             	
d0c1 : 7a               [ 4] 	ply
d0c2 : fa               [ 4] 	plx
d0c3 : 68               [ 4] 	pla
d0c4 : 60               [ 6] 	rts
                             
                             
                             ;****************************************
                             ;* fs_dir_entry_to_fhandle
                             ;* Copy directory entry from fs_direntry to fh_ha
                             ;* Input : fs_direntry (32 bytes file descriptor 
                             ;* Output : None
                             ;* Regs affected : None
                             ;****************************************
d0c5 :                       fs_dir_entry_to_fhandle
                             	;* Translate name to a string in fhandle
d0c5 : a200             [ 2] 	ldx #FH_Name				; Destination
d0c7 : a000             [ 2] 	ldy #FAT_Name				; Source
d0c9 :                       fs_dir_get_fs_name_ch
d0c9 : b95e0c           [ 4] 	lda fs_direntry,y			; Get name char
d0cc : c920             [ 2] 	cmp #' '					; Don't copy space
d0ce : f00e             [ 3] 	beq	fs_dir_skip_fs_name_ch
d0d0 : c008             [ 2] 	cpy #FAT_Ext				; At extension?
d0d2 : d007             [ 3] 	bne fs_dir_skip_fs_dot_ch
d0d4 : 48               [ 3] 	pha
d0d5 : a92e             [ 2] 	lda #'.'					; Inject dot into handle
d0d7 : 954a             [ 4] 	sta fh_handle,x
d0d9 : 68               [ 4] 	pla
d0da : e8               [ 2] 	inx							; Advance past dot separator
d0db :                       fs_dir_skip_fs_dot_ch
d0db : 954a             [ 4] 	sta fh_handle,x				; Copy char to handle
d0dd : e8               [ 2] 	inx							; Advance handle
d0de :                       fs_dir_skip_fs_name_ch
d0de : c8               [ 2] 	iny							; Source
d0df : c00b             [ 2] 	cpy #FAT_Attr				; Passed end of name?
d0e1 : d0e6             [ 3] 	bne fs_dir_get_fs_name_ch
d0e3 : 744a             [ 4] 	stz fh_handle,x				; Put 0 (terminator)
                             
                             	;* Attribute byte
d0e5 : a20d             [ 2] 	ldx #FH_Attr				; Point to where attribute will 
d0e7 : a00b             [ 2] 	ldy #FAT_Attr				; Point to where attribute come
d0e9 : 202cd1           [ 6] 	jsr fs_dir_entry_to_fh_byte
                             
                             	;* File size
d0ec : a20e             [ 2] 	ldx #FH_Size				; Point to where size will go
d0ee : a01c             [ 2] 	ldy #FAT_FileSize			; Point to get size from
d0f0 : 202cd1           [ 6] 	jsr fs_dir_entry_to_fh_byte	; Copy 4 bytes
d0f3 : 202cd1           [ 6] 	jsr fs_dir_entry_to_fh_byte
d0f6 : 202cd1           [ 6] 	jsr fs_dir_entry_to_fh_byte
AS65 Assembler for R6502 [1.42].                                     Page   71
---------------------------------- bank2.s -----------------------------------

d0f9 : 202cd1           [ 6] 	jsr fs_dir_entry_to_fh_byte
                             
                             	;* First cluster
d0fc : a223             [ 2] 	ldx #FH_FirstClust
d0fe : a01a             [ 2] 	ldy	#FAT_FirstClust
d100 : 202cd1           [ 6] 	jsr fs_dir_entry_to_fh_byte	; Copy 2 bytes
d103 : 202cd1           [ 6] 	jsr fs_dir_entry_to_fh_byte
                             
                             	;* Time and date - ignore ms and use modified da
d106 : a227             [ 2] 	ldx #FH_TimeDate
d108 : 744a             [ 4] 	stz fh_handle,x
d10a : e8               [ 2] 	inx							; Skip ms to time/date 4 bytes
d10b : a016             [ 2] 	ldy	#FAT_ModTime			; Get modified time/date entr
d10d : 202cd1           [ 6] 	jsr fs_dir_entry_to_fh_byte	; Copy 4 bytes (2 by
d110 : 202cd1           [ 6] 	jsr fs_dir_entry_to_fh_byte 
d113 : 202cd1           [ 6] 	jsr fs_dir_entry_to_fh_byte ; (2 bytes for date)
d116 : 202cd1           [ 6] 	jsr fs_dir_entry_to_fh_byte
                             	
                             	; Meta data - remember the parent directory
d119 : a203             [ 2] 	ldx #0x03
d11b :                       fs_dir_dirsect_fh_byte
d11b : bd8e0c           [ 4] 	lda fs_dirsect,x
d11e : 9567             [ 4] 	sta fh_handle+FH_DirSect,x
d120 : ca               [ 2] 	dex
d121 : 10f8             [ 3] 	bpl fs_dir_dirsect_fh_byte
                             
                             	; Meta data - remember the offset in to the sd b
d123 : a540             [ 3] 	lda sd_slo
d125 : 856b             [ 3] 	sta fh_handle+FH_DirOffset
d127 : a541             [ 3] 	lda sd_shi
d129 : 856c             [ 3] 	sta fh_handle+FH_DirOffset+1
                             	
d12b : 60               [ 6] 	rts
                             	
                             
                             ;****************************************
                             ;* fs_dir_entry_to_fh_byte
                             ;* Copy fs_direntry bytes to fh_handle area
                             ;* Input 	: y = offset in directory entry
                             ;*		 	: x = offset in handle entry
                             ;* Output 	: None
                             ;* Regs affected : All
                             ;****************************************
d12c :                       fs_dir_entry_to_fh_byte
d12c : b95e0c           [ 4] 	lda fs_direntry,y
d12f : 954a             [ 4] 	sta fh_handle,x
d131 : c8               [ 2] 	iny
d132 : e8               [ 2] 	inx
d133 : 60               [ 6] 	rts
                             
                             ;****************************************
                             ;* fs_dir_entry_to_sd
                             ;* Copy fs_direntry bytes to sd card area
                             ;* Index by sd_lo, sd_hi
                             ;* Input	: None
                             ;* Output 	: None
                             ;* Regs affected : All
                             ;****************************************
d134 :                       fs_dir_entry_to_sd
d134 : a21f             [ 2] 	ldx #FATFileDesc-1
d136 :                       fs_dir_entry_to_sd_byte
d136 : b95e0c           [ 4] 	lda fs_direntry,y
AS65 Assembler for R6502 [1.42].                                     Page   72
---------------------------------- bank2.s -----------------------------------

d139 : 954a             [ 4] 	sta fh_handle,x
d13b : c8               [ 2] 	iny
d13c : e8               [ 2] 	inx
d13d : 60               [ 6] 	rts
                             
                             
                             
                             ;****************************************
                             ;* fs_dir_fhandle_to_entry
                             ;* Copy directory entry from fh_handle to fs_dire
                             ;* Input : fs_fhandle 
                             ;* Output : fs_direntry updated
                             ;* Regs affected : None
                             ;****************************************
d13e :                       fs_dir_fhandle_to_entry
                             	; Set to spaces (11 in total)
d13e : a00a             [ 2] 	ldy #10
d140 : a920             [ 2] 	lda #' '
d142 :                       fs_dir_clear_entry
d142 : 995e0c           [ 5] 	sta fs_direntry+FAT_Name,y
d145 : 88               [ 2] 	dey
d146 : 10fa             [ 3] 	bpl fs_dir_clear_entry
                             	;* Translate name to a string in direntry
d148 : a200             [ 2] 	ldx #FH_Name				; Source
d14a : a000             [ 2] 	ldy #FAT_Name				; Destination
d14c :                       fs_dir_get_fh_name_ch
d14c : b54a             [ 4] 	lda fh_handle,x				; Get name char
d14e : f021             [ 3] 	beq	fs_dir_do_attr			; Process attribute if end 
d150 : 204ad2           [ 6] 	jsr fs_to_upper				; Case insensitive
d153 : c92e             [ 2] 	cmp #'.'					; Extension separator?
d155 : d011             [ 3] 	bne fs_dir_skip_ext			; No, then normal char
d157 : e000             [ 2] 	cpx #0						; If dot is first char
d159 : f00d             [ 3] 	beq fs_dir_skip_ext			; Then treat as normal cha
d15b : e001             [ 2] 	cpx #1						; If dot is not second char
d15d : d004             [ 3] 	bne fs_dir_get_fh_dot		; Then treat as dot
d15f : c54a             [ 3] 	cmp fh_handle				; Was the first char dot?
d161 : f005             [ 3] 	beq fs_dir_skip_ext			; Yes then treat as normal
d163 :                       fs_dir_get_fh_dot
d163 : a008             [ 2] 	ldy #FAT_Ext				; Move to ext position
d165 : e8               [ 2] 	inx							; Jump over the dot
d166 : 80e4             [ 3] 	bra fs_dir_get_fh_name_ch	; Try more chars
d168 :                       fs_dir_skip_ext					; Normal char processing
d168 : 995e0c           [ 5] 	sta fs_direntry,y			; Save it to direntry
d16b : c8               [ 2] 	iny							; Advance entry index
d16c : e8               [ 2] 	inx							; Advance string index
d16d : c00b             [ 2] 	cpy #FAT_Attr				; All name + ext done?
d16f : d0db             [ 3] 	bne fs_dir_get_fh_name_ch	; Try for another norm
                             	;* Attribute byte
d171 :                       fs_dir_do_attr
d171 : a20d             [ 2] 	ldx #FH_Attr				; Point to where attribute will 
d173 : a00b             [ 2] 	ldy #FAT_Attr				; Point to where attribute come
d175 : 20b7d1           [ 6] 	jsr fs_dir_fh_to_entry_byte
                             
                             	;* File size
d178 :                       fs_dir_fh_size
d178 : a20e             [ 2] 	ldx #FH_Size				; Point to where size will go
d17a : a01c             [ 2] 	ldy #FAT_FileSize			; Point to get size from
d17c : 20b7d1           [ 6] 	jsr fs_dir_fh_to_entry_byte	; Copy 4 bytes
d17f : 20b7d1           [ 6] 	jsr fs_dir_fh_to_entry_byte
d182 : 20b7d1           [ 6] 	jsr fs_dir_fh_to_entry_byte
d185 : 20b7d1           [ 6] 	jsr fs_dir_fh_to_entry_byte
                             
AS65 Assembler for R6502 [1.42].                                     Page   73
---------------------------------- bank2.s -----------------------------------

                             	;* First cluster
d188 :                       fs_dir_entry_clust
d188 : a223             [ 2] 	ldx #FH_FirstClust
d18a : a01a             [ 2] 	ldy	#FAT_FirstClust
d18c : 20b7d1           [ 6] 	jsr fs_dir_fh_to_entry_byte	; Copy 2 bytes
d18f : 20b7d1           [ 6] 	jsr fs_dir_fh_to_entry_byte
                             
                             	;* Time and date
d192 : a227             [ 2] 	ldx #FH_TimeDate
d194 : a00d             [ 2] 	ldy	#FAT_Createms
d196 : 20b7d1           [ 6] 	jsr fs_dir_fh_to_entry_byte	; ms
d199 : 20b7d1           [ 6] 	jsr fs_dir_fh_to_entry_byte ; time
d19c : 20b7d1           [ 6] 	jsr fs_dir_fh_to_entry_byte
d19f : 20b7d1           [ 6] 	jsr fs_dir_fh_to_entry_byte ; date
d1a2 : 20b7d1           [ 6] 	jsr fs_dir_fh_to_entry_byte
                             	
                             	; Meta data - remember the parent directory
d1a5 : a203             [ 2] 	ldx #0x03
d1a7 :                       fs_dir_fh_dirsect_byte
d1a7 : b567             [ 4] 	lda fh_handle+FH_DirSect,x
d1a9 : 9542             [ 4] 	sta sd_sect,x
d1ab : ca               [ 2] 	dex
d1ac : 10f9             [ 3] 	bpl fs_dir_fh_dirsect_byte
                             
                             	; Meta data - remember the offset in to the sd b
d1ae : a56b             [ 3] 	lda fh_handle+FH_DirOffset
d1b0 : 8540             [ 3] 	sta sd_slo
d1b2 : a56c             [ 3] 	lda fh_handle+FH_DirOffset+1
d1b4 : 8541             [ 3] 	sta sd_shi
                             	
d1b6 : 60               [ 6] 	rts
                             	
                             
                             ;****************************************
                             ;* fs_dir_fh_to_entry_byte
                             ;* Copy fh_handle byte to fs_direntry area
                             ;* Input 	: y = offset in directory entry
                             ;*		 	: x = offset in handle entry
                             ;* Output 	: None
                             ;* Regs affected : All
                             ;****************************************
d1b7 :                       fs_dir_fh_to_entry_byte
d1b7 : b54a             [ 4] 	lda fh_handle,x
d1b9 : 995e0c           [ 5] 	sta fs_direntry,y
d1bc : e8               [ 2] 	inx
d1bd : c8               [ 2] 	iny
d1be : 60               [ 6] 	rts
                             
                             
                             ;****************************************
                             ;* fs_get_next_cluster
                             ;* Given current cluster, find the next
                             ;* Input : fh_handle
                             ;* Output : 
                             ;* Regs affected : None
                             ;****************************************
d1bf :                       fs_get_next_cluster
                             	; Get the FAT sector that current clust is in
d1bf : 200fd3           [ 6] 	jsr fs_get_FAT_clust_sect
                             
                             	; Get next from this cluster index need low byte
                             	; as each FAT cluster contains 256 cluster entri
AS65 Assembler for R6502 [1.42].                                     Page   74
---------------------------------- bank2.s -----------------------------------

d1c2 : a45c             [ 3] 	ldy fh_handle+FH_CurrClust
                             	; X = Low byte, A = High byte of cluster
d1c4 : 20ffcf           [ 6] 	jsr fs_getword_sd_buf
                             
                             	; Calculate the sector address and make current 
d1c7 : 205cd2           [ 6] 	jsr fs_get_start_sect_data
d1ca : a920             [ 2] 	lda #0x20					; 32 sector per cluster countdown	
d1cc : 855e             [ 3] 	sta fh_handle+FH_SectCounter
                             
d1ce : 60               [ 6] 	rts
                             	
                             ;****************************************
                             ;* fs_IsEOF
                             ;* End of File check (compare file pointer to fil
                             ;* Input : fh_handle
                             ;* Output : C=1 if EOF
                             ;* Regs affected : None
                             ;****************************************
d1cf :                       fs_isEOF
d1cf : a203             [ 2] 	ldx #0x03
d1d1 :                       fs_is_eof_cmp
d1d1 : b563             [ 4] 	lda fh_handle+FH_Pointer,x
d1d3 : d558             [ 4] 	cmp fh_handle+FH_Size,x
d1d5 : d005             [ 3] 	bne fs_notEOF
d1d7 : ca               [ 2] 	dex
d1d8 : 10f7             [ 3] 	bpl fs_is_eof_cmp
d1da :                       fs_setEOF	
d1da : 38               [ 2] 	sec							; C = 1 for EOF
d1db : 60               [ 6] 	rts
d1dc :                       fs_notEOF	
d1dc : 18               [ 2] 	clc							; C = 0 for not EOF
d1dd : 60               [ 6] 	rts
                             
                             
                             ;* Wrapper than preserves A,X,Y
d1de :                       fs_isEOF_w
d1de : 48               [ 3] 	pha
d1df : da               [ 3] 	phx
d1e0 : 5a               [ 3] 	phy
                             	
d1e1 : 20cfd1           [ 6] 	jsr fs_isEOF
                             
d1e4 : 7a               [ 4] 	ply
d1e5 : fa               [ 4] 	plx
d1e6 : 68               [ 4] 	pla
d1e7 : 60               [ 6] 	rts
                             	
                             	
                             	
                             ;****************************************
                             ;* fs_inc_pointer
                             ;* Increment file point, loading sectors and clus
                             ;* This results in sd_buf containing the sector t
                             ;* Input : fh_handle
                             ;* Output : 
                             ;* Regs affected : None
                             ;****************************************
d1e8 :                       fs_inc_pointer
                             	;Increment pointer
d1e8 : a200             [ 2] 	ldx #0x00
d1ea : a004             [ 2] 	ldy #0x04
d1ec : 38               [ 2] 	sec									; Always adds 1 first
AS65 Assembler for R6502 [1.42].                                     Page   75
---------------------------------- bank2.s -----------------------------------

d1ed :                       fs_inc_pointer_byte
d1ed : b563             [ 4] 	lda fh_handle+FH_Pointer,x
d1ef : 6900             [ 2] 	adc #0x00
d1f1 : 9563             [ 4] 	sta fh_handle+FH_Pointer,x
d1f3 : e8               [ 2] 	inx
d1f4 : 88               [ 2] 	dey
d1f5 : d0f6             [ 3] 	bne fs_inc_pointer_byte
                             
d1f7 : a563             [ 3] 	lda fh_handle+FH_Pointer			; If low order == 0
d1f9 : f001             [ 3] 	beq fs_inc_sector_ov				; Then sector 8 bits has
d1fb :                       fs_inc_fin
d1fb : 60               [ 6] 	rts
d1fc :                       fs_inc_sector_ov						; Check if sector bit 8 has
d1fc : a564             [ 3] 	lda fh_handle+FH_Pointer+1			; Load up next high
d1fe : 2901             [ 2] 	and #1								; If bit zero = 0 then must have
d200 : d0f9             [ 4] 	bne fs_inc_fin						; overflowed.
                             	;Sector change required
d202 : a200             [ 2] 	ldx #0x00
d204 : a004             [ 2] 	ldy #0x04
d206 : 38               [ 2] 	sec									; Always adds 1 first
d207 :                       fs_inc_fh_sect
d207 : b55f             [ 4] 	lda fh_handle+FH_CurrSec,x
d209 : 6900             [ 2] 	adc #0x00
d20b : 955f             [ 4] 	sta fh_handle+FH_CurrSec,x
d20d : e8               [ 2] 	inx
d20e : 88               [ 2] 	dey
d20f : d0f6             [ 3] 	bne fs_inc_fh_sect
d211 :                       fs_inc_skip_sec_wrap
d211 : c65e             [ 5] 	dec fh_handle+FH_SectCounter		; If reached the e
d213 : d003             [ 3] 	bne fs_inc_load_sector				; Then get next cluste
                             	; Cluster change required
d215 : 20bfd1           [ 6] 	jsr fs_get_next_cluster				; Get next cluster ba
d218 :                       fs_inc_load_sector
d218 : 20cfd1           [ 6] 	jsr fs_isEOF						; Check not EOF
d21b : b003             [ 3] 	bcs fs_skip_load_sect				; if so then don't load
d21d : 2096d2           [ 6] 	jsr fs_load_curr_sect				; Load the sector
d220 :                       fs_skip_load_sect
d220 : 60               [ 6] 	rts
                             
                             
                             	
                             ;****************************************
                             ;* fs_get_byte
                             ;* Get a byte and advance pointer
                             ;* Input : fh_handle
                             ;* Output : A = char, C = 1 (EOF or file not open
                             ;* Regs affected : None
                             ;****************************************
d221 :                       fs_get_byte
                             	; First check that file is open to read
d221 : a901             [ 2] 	lda #FS_FILEMODER
d223 : 2576             [ 3] 	and fh_handle+FH_FileMode
d225 : f005             [ 3] 	beq fs_get_set_EOF
                             
d227 : 20cfd1           [ 6] 	jsr fs_isEOF						; If at EOF then error
d22a : 9006             [ 3] 	bcc fs_get_skip_EOF
                             
d22c :                       fs_get_set_EOF
d22c : a901             [ 2] 	lda #FS_ERR_EOF
d22e : 8593             [ 3] 	sta errno
d230 : 38               [ 2] 	sec
d231 : 60               [ 6] 	rts
AS65 Assembler for R6502 [1.42].                                     Page   76
---------------------------------- bank2.s -----------------------------------

d232 :                       fs_get_skip_EOF
d232 : a663             [ 3] 	ldx fh_handle+FH_Pointer			; Low 8 bits of secto
d234 : a464             [ 3] 	ldy fh_handle+FH_Pointer+1			; Which half of sec
                             	; A=SD buffer byte
d236 : 20e2cf           [ 6] 	jsr fs_getbyte_sd_buf
d239 : 48               [ 3] 	pha									; Remember the byte!
d23a : 20e8d1           [ 6] 	jsr fs_inc_pointer					; Increment file pointers
d23d : 68               [ 4] 	pla
                             
d23e : 18               [ 2] 	clc									; No error
d23f : 6493             [ 3] 	stz errno
d241 : 60               [ 6] 	rts
                             
                             ;* Wrapper function that preserves X,Y (A=return 
d242 :                       fs_get_byte_w
d242 : da               [ 3] 	phx
d243 : 5a               [ 3] 	phy
                             
d244 : 2021d2           [ 6] 	jsr fs_get_byte
                             	
d247 : 7a               [ 4] 	ply
d248 : fa               [ 4] 	plx
d249 : 60               [ 6] 	rts
                             
                             ;****************************************
                             ; With ASCII code in A, make upper
                             ;****************************************
d24a :                       fs_to_upper
d24a : c92f             [ 2] 	cmp #FS_FOLDERCH
d24c : d003             [ 3] 	bne fs_to_upper_nz
d24e : a900             [ 2] 	lda #0
d250 : 60               [ 6] 	rts
d251 :                       fs_to_upper_nz
d251 : c961             [ 2] 	cmp #'a'				; If >='a'
d253 : 9006             [ 3] 	bcc fs_to_upper_done
d255 : c97b             [ 2] 	cmp #'z'+1				; If <='z'
d257 : b002             [ 3] 	bcs fs_to_upper_done
d259 : e91f             [ 2] 	sbc #0x1f				; Sub 0x1f+1 (C=0)
d25b :                       fs_to_upper_done
d25b : 60               [ 6] 	rts
                             	
                             
                             ;****************************************
                             ; Given the cluster #, find sector #
                             ; Given clust in X,A
                             ; Outputs to fh_handle->FH_CurrSec
                             ;            fh_handle->FH_CurrClust
                             ; Special case if X,A==0 then sector is
                             ; the root sector
                             ;****************************************
d25c :                       fs_get_start_sect_data
d25c : 865c             [ 3] 	stx fh_handle+FH_CurrClust
d25e : 865f             [ 3] 	stx fh_handle+FH_CurrSec+0
d260 : 855d             [ 3] 	sta fh_handle+FH_CurrClust+1
d262 : 8560             [ 3] 	sta fh_handle+FH_CurrSec+1
                             	
                             	; If cluster # == 0 then root directory
d264 : 055f             [ 3] 	ora fh_handle+FH_CurrSec+0
d266 : f023             [ 3] 	beq fs_get_start_sect_root
                             	
                             	; Initialise to input sector
d268 : 6461             [ 3] 	stz fh_handle+FH_CurrSec+2
AS65 Assembler for R6502 [1.42].                                     Page   77
---------------------------------- bank2.s -----------------------------------

d26a : 6462             [ 3] 	stz fh_handle+FH_CurrSec+3
                             	
                             	; Sector = Cluster * 32
                             	; Shift left 5 times
d26c : a005             [ 2] 	ldy #5
d26e :                       fs_get_data_sect_m5
d26e : 18               [ 2] 	clc
d26f : 065f             [ 5] 	asl fh_handle+FH_CurrSec+0
d271 : 2660             [ 5] 	rol fh_handle+FH_CurrSec+1
d273 : 2661             [ 5] 	rol fh_handle+FH_CurrSec+2
d275 : 2662             [ 5] 	rol fh_handle+FH_CurrSec+3
d277 : 88               [ 2] 	dey
d278 : d0f4             [ 3] 	bne fs_get_data_sect_m5
                             
                             	; Add data sector offset
d27a : a200             [ 2] 	ldx #0x00
d27c : a004             [ 2] 	ldy #0x04
d27e : 18               [ 2] 	clc
d27f :                       fs_get_start_data
d27f : b55f             [ 4] 	lda fh_handle+FH_CurrSec,x
d281 : 7d8a0c           [ 4] 	adc fs_datasect,x
d284 : 955f             [ 4] 	sta fh_handle+FH_CurrSec,x
d286 : e8               [ 2] 	inx
d287 : 88               [ 2] 	dey
d288 : d0f5             [ 3] 	bne fs_get_start_data
d28a : 60               [ 6] 	rts
d28b :                       fs_get_start_sect_root
d28b : a203             [ 2] 	ldx #3
d28d :                       fs_get_root_sect
d28d : bd860c           [ 4] 	lda fs_rootsect,x
d290 : 955f             [ 4] 	sta fh_handle+FH_CurrSec,x
d292 : ca               [ 2] 	dex
d293 : 10f8             [ 3] 	bpl fs_get_root_sect
d295 : 60               [ 6] 	rts
                             
                             	
                             ;****************************************
                             ; Load the current sector in FH
                             ;****************************************
d296 :                       fs_load_curr_sect
d296 : 48               [ 3] 	pha
d297 : da               [ 3] 	phx
                             
d298 : a203             [ 2] 	ldx #0x03
d29a :                       fs_load_cpy_sect
d29a : b55f             [ 4] 	lda fh_handle+FH_CurrSec,x
d29c : 9542             [ 4] 	sta sd_sect,x
d29e : ca               [ 2] 	dex
d29f : 10f9             [ 3] 	bpl fs_load_cpy_sect
d2a1 : a902             [ 2] 	lda #hi(sd_buf)
d2a3 : 20efcd           [ 6] 	jsr sd_sendcmd17
                             
d2a6 : fa               [ 4] 	plx
d2a7 : 68               [ 4] 	pla
d2a8 : 60               [ 6] 	rts
                             
                             ;****************************************
                             ; Flush the current sector
                             ;****************************************
d2a9 :                       fs_flush_curr_sect
d2a9 : 48               [ 3] 	pha
d2aa : da               [ 3] 	phx
AS65 Assembler for R6502 [1.42].                                     Page   78
---------------------------------- bank2.s -----------------------------------

                             
d2ab : a203             [ 2] 	ldx #0x03
d2ad :                       fs_flush_cpy_sect
d2ad : b55f             [ 4] 	lda fh_handle+FH_CurrSec,x
d2af : 9542             [ 4] 	sta sd_sect,x
d2b1 : ca               [ 2] 	dex
d2b2 : 10f9             [ 3] 	bpl fs_flush_cpy_sect
d2b4 : a902             [ 2] 	lda #hi(sd_buf)				; Sending data in sd_buf
d2b6 : 2068ce           [ 6] 	jsr sd_sendcmd24
                             	
d2b9 : fa               [ 4] 	plx
d2ba : 68               [ 4] 	pla
d2bb : 60               [ 6] 	rts
                             
                             
                             ;****************************************
                             ;* fs_find_empty_clust
                             ;* Find an empty cluster to write to
                             ;* Input : None
                             ;* Output : fh_handle->FH_CurrClust is the empty 
                             ;* Regs affected : None
                             ;****************************************
d2bc :                       fs_find_empty_clust
                             	; Starting at cluster 0x0002
d2bc : a902             [ 2] 	lda #02
d2be : 855c             [ 3] 	sta fh_handle+FH_CurrClust
d2c0 : 645d             [ 3] 	stz fh_handle+FH_CurrClust+1
                             
                             	; Start at the first FAT sector
d2c2 : a203             [ 2] 	ldx #0x03
d2c4 :                       fs_find_init_fat
d2c4 : bd820c           [ 4] 	lda fs_fatsect,x
d2c7 : 955f             [ 4] 	sta fh_handle+FH_CurrSec,x
d2c9 : ca               [ 2] 	dex
d2ca : 10f8             [ 3] 	bpl fs_find_init_fat
                             
                             	; There is only enough room for 512/2 = 256 clus
                             	; There are 256 sectors of FAT entries
                             
d2cc :                       fs_check_empty_sector
d2cc : 2096d2           [ 6] 	jsr fs_load_curr_sect			; Load a FAT sector
d2cf :                       fs_check_curr_clust
d2cf : a45c             [ 3] 	ldy fh_handle+FH_CurrClust		; Index in to this F
d2d1 : 20ffcf           [ 6] 	jsr fs_getword_sd_buf
d2d4 : e000             [ 2] 	cpx #0
d2d6 : d018             [ 3] 	bne fs_next_fat_entry
d2d8 : c900             [ 2] 	cmp #0
d2da : d014             [ 3] 	bne fs_next_fat_entry
                             	
                             	; If got here then empty cluster found
                             	; fh_handle->FH_CurrClust is the empty cluster
                             	
                             	; Mark this cluster as used
d2dc : a2ff             [ 2] 	ldx #0xff
d2de : a9ff             [ 2] 	lda #0xff
d2e0 : 2012d0           [ 6] 	jsr fs_putword_sd_buf
                             
                             	; flush this FAT entry back so this cluster is s
d2e3 : 20a9d2           [ 6] 	jsr fs_flush_curr_sect
                             	
d2e6 : 645e             [ 3] 	stz fh_handle+FH_SectCounter	; Zero the sector c
d2e8 : a65c             [ 3] 	ldx fh_handle+FH_CurrClust
AS65 Assembler for R6502 [1.42].                                     Page   79
---------------------------------- bank2.s -----------------------------------

d2ea : a55d             [ 3] 	lda fh_handle+FH_CurrClust+1
d2ec : 205cd2           [ 6] 	jsr fs_get_start_sect_data		; Initialise the sec
d2ef : 60               [ 6] 	rts
                             	; If got here then need to find another cluster
d2f0 :                       fs_next_fat_entry
                             	_incZPWord fh_handle+FH_CurrClust	; Increment th
                             
                             	; Only 256 FAT entries in a sector of 512 bytes
d2f6 : a55c             [ 3] 	lda fh_handle+FH_CurrClust		; Check low byte of 
d2f8 : d0d5             [ 3] 	bne fs_check_curr_clust			; Else keep checking c
                             	; Every 256 FAT entries, need to get a new FAT s
d2fa :                       fs_next_fat_sect
d2fa : 20ffd2           [ 6] 	jsr fs_inc_curr_sec				; Increment to the next F
d2fd : 80cd             [ 3] 	bra fs_check_empty_sector		; Go an load the new 
                             	
                             
                             ;****************************************
                             ;* fs_inc_curr_sec
                             ;* Increment sector by 1
                             ;* Input : fh_handle has the sector
                             ;****************************************
d2ff :                       fs_inc_curr_sec
                             	; add 1 to LSB as sector address is little endia
d2ff : a200             [ 2] 	ldx #0x00
d301 : a004             [ 2] 	ldy #0x04
d303 : 38               [ 2] 	sec
d304 :                       fs_inc_sec_byte
d304 : b55f             [ 4] 	lda fh_handle+FH_CurrSec,x
d306 : 6900             [ 2] 	adc #0x00
d308 : 955f             [ 4] 	sta fh_handle+FH_CurrSec,x
d30a : e8               [ 2] 	inx
d30b : 88               [ 2] 	dey
d30c : d0f6             [ 3] 	bne fs_inc_sec_byte
                             
d30e : 60               [ 6] 	rts
                             	
                             
                             ;****************************************
                             ;* fs_get_FAT_clust_sect
                             ;* Given FH_CurrClust, set FH_CurrSec so that
                             ;* the sector contains the FAT entry
                             ;* Input : fh_handle has the details
                             ;* Output : None
                             ;* Regs affected : None
                             ;****************************************
d30f :                       fs_get_FAT_clust_sect
                             	; Sector offset in to FAT = high byte
                             	; because a sector can hold 256 FAT entries
d30f : a55d             [ 3] 	lda fh_handle+FH_CurrClust+1
d311 : 855f             [ 3] 	sta fh_handle+FH_CurrSec
d313 : 6460             [ 3] 	stz fh_handle+FH_CurrSec+1
d315 : 6461             [ 3] 	stz fh_handle+FH_CurrSec+2
d317 : 6462             [ 3] 	stz fh_handle+FH_CurrSec+3
                             	
                             	; Add the FAT offset
d319 : 18               [ 2] 	clc
d31a : a200             [ 2] 	ldx #0x00
d31c : a004             [ 2] 	ldy #0x04
d31e :                       fs_get_add_fat
d31e : b55f             [ 4] 	lda fh_handle+FH_CurrSec,x
d320 : 7d820c           [ 4] 	adc fs_fatsect,x
d323 : 955f             [ 4] 	sta fh_handle+FH_CurrSec,x
AS65 Assembler for R6502 [1.42].                                     Page   80
---------------------------------- bank2.s -----------------------------------

d325 : e8               [ 2] 	inx
d326 : 88               [ 2] 	dey
d327 : d0f5             [ 3] 	bne fs_get_add_fat
                             
                             	; Now load the sector containing this cluster en
d329 : 2096d2           [ 6] 	jsr fs_load_curr_sect
                             
d32c : 60               [ 6] 	rts
                             
                             	
                             ;****************************************
                             ;* fs_update_FAT_entry
                             ;* FH_LastClust updated with FH_CurrClust
                             ;* Input : fh_handle has the details
                             ;* Output : None
                             ;* Regs affected : None
                             ;****************************************
d32d :                       fs_update_FAT_entry
d32d : 48               [ 3] 	pha
d32e : da               [ 3] 	phx
d32f : 5a               [ 3] 	phy
                             	
d330 : a55c             [ 3] 	lda fh_handle+FH_CurrClust+0	; Save current clus
d332 : 48               [ 3] 	pha
d333 : a55d             [ 3] 	lda fh_handle+FH_CurrClust+1	; Save current clus
d335 : 48               [ 3] 	pha
                             	; Move back to the last cluster entry
                             	_cpyZPWord fh_handle+FH_LastClust,fh_handle+FH_C
                             
                             
d33e : 200fd3           [ 6] 	jsr fs_get_FAT_clust_sect		; Get the FAT sector 
                             	; Index in to the FAT sector
d341 : a46f             [ 3] 	ldy fh_handle+FH_LastClust
                             	; Get current cluster hi,lo from stack
d343 : 68               [ 4] 	pla
d344 : fa               [ 4] 	plx
d345 : 865c             [ 3] 	stx fh_handle+FH_CurrClust		; Make it the curren
d347 : 855d             [ 3] 	sta fh_handle+FH_CurrClust+1	; Make it the curre
                             
                             	; Update FAT entry Y with current cluster X,A
d349 : 2012d0           [ 6] 	jsr fs_putword_sd_buf
                             
                             	; The appropriate FAT sector has been updated
                             	; Now flush that sector back	
d34c : 20a9d2           [ 6] 	jsr fs_flush_curr_sect
                             	
d34f : 7a               [ 4] 	ply
d350 : fa               [ 4] 	plx
d351 : 68               [ 4] 	pla
d352 : 60               [ 6] 	rts
                             	
                             
                             ;****************************************
                             ;* fs_put_byte
                             ;* Put out a byte, incrementing size
                             ;* and committing clusters as necessary
                             ;* including reflecting this in the FAT table
                             ;* Input : fh_handle has the details, A = Byte to
                             ;* Output : None
                             ;* Regs affected : None
                             ;****************************************
d353 :                       fs_put_byte
AS65 Assembler for R6502 [1.42].                                     Page   81
---------------------------------- bank2.s -----------------------------------

d353 : 48               [ 3] 	pha			; Save A until needed later
                             	; First check that file is open to write
d354 : a980             [ 2] 	lda #FS_FILEMODEW
d356 : 2576             [ 3] 	and fh_handle+FH_FileMode
d358 : d003             [ 3] 	bne fs_put_skip_err
                             	; C=1 means error
d35a : 68               [ 4] 	pla
d35b : 38               [ 2] 	sec
d35c : 60               [ 6] 	rts
d35d :                       fs_put_skip_err
                             	; Before writing a byte, need to check if the cu
                             	; sector is full.
                             	; Check low 9 bits of size and if zero size (i.e
d35d : a558             [ 3] 	lda fh_handle+FH_Size
d35f : d024             [ 3] 	bne fs_put_do_put
d361 : a559             [ 3] 	lda fh_handle+FH_Size+1
d363 : f020             [ 3] 	beq fs_put_do_put
d365 : 2901             [ 2] 	and #1
d367 : d01c             [ 3] 	bne fs_put_do_put
                             	; Got here then current sector is full
                             	; We need to flush this sector to disk
d369 : 20a9d2           [ 6] 	jsr fs_flush_curr_sect
                             	; Move to next sector in the cluster
d36c : 20ffd2           [ 6] 	jsr fs_inc_curr_sec
                             	; Bump the sector counter
d36f : e65e             [ 5] 	inc fh_handle+FH_SectCounter
                             	; Check if counter at sectors per cluster limit
d371 : a55e             [ 3] 	lda fh_handle+FH_SectCounter
d373 : c920             [ 2] 	cmp #0x20
d375 : d00e             [ 3] 	bne fs_put_do_put
                             	; We need to find a new cluster now
                             	; But first update the FAT chain
                             	; so that the last cluster points to this
d377 : 202dd3           [ 6] 	jsr fs_update_FAT_entry
                             	; Before finding a new cluster
                             	; make the current the last
                             	_cpyZPWord fh_handle+FH_CurrClust,fh_handle+FH_L
                             
                             	; Go find a new empty clust
                             	; starts at sector 0
d382 : 20bcd2           [ 6] 	jsr fs_find_empty_clust
                             	; Finally, can write a byte to the
                             	; SD buffer in memory
d385 :                       fs_put_do_put	
d385 : a658             [ 3] 	ldx fh_handle+FH_Size			; Load size low as index
d387 : a459             [ 3] 	ldy fh_handle+FH_Size+1			; Check which half
d389 : 68               [ 4] 	pla								; Get A off stack
d38a : 20efcf           [ 6] 	jsr fs_putbyte_sd_buf
d38d :                       fs_put_inc_size
d38d : 38               [ 2] 	sec
d38e : a200             [ 2] 	ldx #0x00
d390 : a004             [ 2] 	ldy #0x04
d392 :                       fs_put_inc_size_byte
d392 : b558             [ 4] 	lda fh_handle+FH_Size,x
d394 : 6900             [ 2] 	adc #0
d396 : 9558             [ 4] 	sta fh_handle+FH_Size,x
d398 : e8               [ 2] 	inx
d399 : 88               [ 2] 	dey
d39a : d0f6             [ 3] 	bne fs_put_inc_size_byte
d39c :                       fs_put_fin
d39c : 18               [ 2] 	clc
d39d : 60               [ 6] 	rts
AS65 Assembler for R6502 [1.42].                                     Page   82
---------------------------------- bank2.s -----------------------------------

                             
                             
                             ;* Wrapper function to save A,X,Y
d39e :                       fs_put_byte_w
d39e : da               [ 3] 	phx
d39f : 5a               [ 3] 	phy
d3a0 : 48               [ 3] 	pha
                             
d3a1 : 2053d3           [ 6] 	jsr fs_put_byte
                             	
d3a4 : 68               [ 4] 	pla
d3a5 : 7a               [ 4] 	ply
d3a6 : fa               [ 4] 	plx
d3a7 : 60               [ 6] 	rts
                             
                             ;****************************************
                             ;* fs_dir_save_entry
                             ;* Save dir entry back to disk
                             ;* Input : fh_handle has all the details
                             ;* Output : None
                             ;* Regs affected : None
                             ;****************************************
d3a8 :                       fs_dir_save_entry
                             	; Retrieve the sector where the file entry goes
d3a8 : a203             [ 2] 	ldx #0x03
d3aa :                       fs_dir_curr_sect
d3aa : b567             [ 4] 	lda fh_handle+FH_DirSect,x
d3ac : 955f             [ 4] 	sta fh_handle+FH_CurrSec,x
d3ae : ca               [ 2] 	dex
d3af : 10f9             [ 3] 	bpl fs_dir_curr_sect
                             	
d3b1 : 2096d2           [ 6] 	jsr fs_load_curr_sect
                             
                             	; Restore index in to the correct entry
d3b4 : a56b             [ 3] 	lda fh_handle+FH_DirOffset
d3b6 : 8540             [ 3] 	sta sd_slo
d3b8 : a56c             [ 3] 	lda fh_handle+FH_DirOffset+1
d3ba : 8541             [ 3] 	sta sd_shi
                             	
                             	; Copy FAT file desc cache to sd position
d3bc : a01f             [ 2] 	ldy #FATFileDesc-1			; Cache the fs_direntry sd_
d3be :                       fs_dir_copy_entry_sd_byte
d3be : b95e0c           [ 4] 	lda fs_direntry,y
d3c1 : 9140             [ 5] 	sta (sd_slo),y
d3c3 : 88               [ 2] 	dey
d3c4 : 10f8             [ 3] 	bpl fs_dir_copy_entry_sd_byte
                             	
                             	; Now flush this back to disk
                             	
d3c6 : 20a9d2           [ 6] 	jsr fs_flush_curr_sect
                             	
                             	; Phew we are done
d3c9 : 60               [ 6] 	rts
                             
                             
                             ;****************************************
                             ;* fs_find_named
                             ;* Find named file in current directory
                             ;* Input : fh_handle has the name
                             ;* Output : None
                             ;* Regs affected : None
                             ;****************************************
AS65 Assembler for R6502 [1.42].                                     Page   83
---------------------------------- bank2.s -----------------------------------

d3ca :                       fs_find_named
d3ca : 18               [ 2] 	clc								; Find active file
d3cb : 204ad0           [ 6] 	jsr fs_dir_find_entry			; Find entry from curren
d3ce : b01c             [ 3] 	bcs	fs_name_not_found			; If C then no more entr
d3d0 : a000             [ 2] 	ldy #0							; Index to filespec
d3d2 : a200             [ 2] 	ldx #0							; Index to filename
d3d4 :                       fs_find_check_name
d3d4 : b177             [ 5] 	lda (fh_handle+FH_FSpecPtr),y	; File spec char
d3d6 : 204ad2           [ 6] 	jsr fs_to_upper					; Case insensitive
d3d9 : d54a             [ 4] 	cmp fh_handle,x					; compare with this filehand
d3db : d008             [ 3] 	bne fs_find_next
d3dd : c900             [ 2] 	cmp #0							; If no more bytes in name to check
d3df : f009             [ 3] 	beq fs_name_found
d3e1 : e8               [ 2] 	inx
d3e2 : c8               [ 2] 	iny
d3e3 : 80ef             [ 3] 	bra fs_find_check_name
d3e5 :                       fs_find_next
d3e5 : 208fd0           [ 6] 	jsr fs_dir_next_entry			; Get next entry to chec
d3e8 : 80e0             [ 3] 	bra fs_find_named
d3ea :                       fs_name_found
d3ea : 18               [ 2] 	clc								; C=0 file found
                             	; Y=index to terminating ch, A=terminating ch
d3eb : 60               [ 6] 	rts
d3ec :                       fs_name_not_found					; If C already set then not
d3ec : 38               [ 2] 	sec
d3ed : 60               [ 6] 	rts
                             
                             	
                             ;****************************************
                             ;* fs_open_read
                             ;* Open a file for reading
                             ;* Input : fh_handle has the name
                             ;* Output : None
                             ;* Regs affected : None
                             ;****************************************
d3ee :                       fs_open_read
d3ee : 202ad0           [ 6] 	jsr fs_dir_root_start		; Start at root of curren
d3f1 : 20cad3           [ 6] 	jsr fs_find_named			; Try to find the file
d3f4 : b01a             [ 4] 	bcs fs_open_not_found		; C=1 not found
d3f6 :                       fs_open_found
d3f6 : a920             [ 2] 	lda #0x20					; 32 sector per cluster countdown	
d3f8 : 855e             [ 3] 	sta fh_handle+FH_SectCounter
                             
d3fa : a66d             [ 3] 	ldx fh_handle+FH_FirstClust	; Load up first clus
d3fc : a56e             [ 3] 	lda fh_handle+FH_FirstClust+1
                             
d3fe : 205cd2           [ 6] 	jsr fs_get_start_sect_data	; Calc the first sect
d401 : 2096d2           [ 6] 	jsr fs_load_curr_sect		; Load it in to sd_buf
                             
                             
d404 : a203             [ 2] 	ldx #0x03					; Initialise pointer to beginning
d406 :                       fs_open_init_pointer
d406 : 7463             [ 4] 	stz fh_handle+FH_Pointer,x
d408 : ca               [ 2] 	dex
d409 : 10fb             [ 3] 	bpl fs_open_init_pointer
                             
                             	; Set file mode to read
d40b : a901             [ 2] 	lda #FS_FILEMODER
d40d : 8576             [ 3] 	sta fh_handle+FH_FileMode
                             
d40f : 18               [ 2] 	clc
d410 :                       fs_open_not_found
AS65 Assembler for R6502 [1.42].                                     Page   84
---------------------------------- bank2.s -----------------------------------

d410 : 60               [ 6] 	rts
                             
                             ;* Wrapper function that saves A,X,Y *
                             ;* X,A = file spec ptr
d411 :                       fs_open_read_w
d411 : 48               [ 3] 	pha
d412 : da               [ 3] 	phx
d413 : 5a               [ 3] 	phy
                             
                             	; Save file name pointer
d414 : 8677             [ 3] 	stx fh_handle+FH_FSpecPtr
d416 : 8578             [ 3] 	sta fh_handle+FH_FSpecPtr+1
d418 : 20eed3           [ 6] 	jsr fs_open_read
                             	
d41b : 7a               [ 4] 	ply
d41c : fa               [ 4] 	plx
d41d : 68               [ 4] 	pla
d41e : 60               [ 6] 	rts
                             
                             
                             ;****************************************
                             ;* fs_stamptimedate
                             ;* Stamp date and time to fhandle
                             ;* Input : None (reads RTC)
                             ;* Output : None
                             ;* Regs affected : all
                             ;****************************************
d41f :                       fs_stamptimedate
                             	; Point to temp space
d41f : a294             [ 2] 	ldx #lo(fs_scratch)
d421 : a90c             [ 2] 	lda #hi(fs_scratch)
                             	; Get the current time and date - 6 bytes
d423 : 2039c4           [ 6] 	jsr _rtc_gettimedate
                             	; Now convert from hhmmssddmmyy format to FAT16
                             	; Byte bit and byte order as follows
                             	; byte 0 = milliseconds
                             	; byte 1 = mmmsssss
                             	; byte 2 = hhhhhmmm
                             	; byte 3 = MMMDDDDD
                             	; byte 4 = YYYYYYYM
                             	; First decide on milliseconds
d426 : a200             [ 2] 	ldx #0								; Assume 0 milliseconds
d428 : ad960c           [ 4] 	lda fs_scratch+2					; Seconds
d42b : 2901             [ 2] 	and #1
d42d : d002             [ 3] 	bne fs_stamptimedate_ms
d42f : a264             [ 2] 	ldx #100							; 10x100 milliseconds = 1 second
d431 :                       fs_stamptimedate_ms
d431 : 8671             [ 3] 	stx fh_handle+FH_TimeDate			; Save milliseconds
                             	
d433 : ad940c           [ 4] 	lda fs_scratch+0					; Get hours
d436 : 0a               [ 2] 	asl a								; Move to top 5 bits
d437 : 0a               [ 2] 	asl a
d438 : 0a               [ 2] 	asl a
d439 : 8573             [ 3] 	sta fh_handle+FH_TimeDate+2			; Put in time fiel
                             
d43b : ad950c           [ 4] 	lda fs_scratch+1					; Get minutes
d43e : 4a               [ 2] 	lsr a								; Put top 3 bits in to LSB
d43f : 4a               [ 2] 	lsr a
d440 : 4a               [ 2] 	lsr a
d441 : 0573             [ 3] 	ora fh_handle+FH_TimeDate+2			; Combine with hou
d443 : 8573             [ 3] 	sta fh_handle+FH_TimeDate+2			; Put in time fiel
                             
AS65 Assembler for R6502 [1.42].                                     Page   85
---------------------------------- bank2.s -----------------------------------

d445 : ad950c           [ 4] 	lda fs_scratch+1					; Get minutes
d448 : 0a               [ 2] 	asl a								; Get bottom 3 bits of mins to top 
d449 : 0a               [ 2] 	asl a
d44a : 0a               [ 2] 	asl a
d44b : 0a               [ 2] 	asl a
d44c : 0a               [ 2] 	asl a
d44d : 8572             [ 3] 	sta fh_handle+FH_TimeDate+1			; Save in time fie
                             	
d44f : ad960c           [ 4] 	lda fs_scratch+2					; Get seconds again
d452 : 4a               [ 2] 	lsr a								; Divide by 2
d453 : 0572             [ 3] 	ora fh_handle+FH_TimeDate+1			; Combine with tim
d455 : 8572             [ 3] 	sta fh_handle+FH_TimeDate+1			; Save back to tim
                             	
d457 : ad990c           [ 4] 	lda fs_scratch+5					; Get year
d45a : 18               [ 2] 	clc									; Add 20 to get offset from 1980
d45b : 6914             [ 2] 	adc #20
d45d : 0a               [ 2] 	asl a								; Shift up
d45e : 8575             [ 3] 	sta fh_handle+FH_TimeDate+4			; Put in date fiel
                             
d460 : ad980c           [ 4] 	lda fs_scratch+4					; Get months
d463 : 4a               [ 2] 	lsr a								; Bit 3 in to bit 0
d464 : 4a               [ 2] 	lsr a
d465 : 4a               [ 2] 	lsr a
d466 : 0575             [ 3] 	ora fh_handle+FH_TimeDate+4			; Combine with dat
d468 : 8575             [ 3] 	sta fh_handle+FH_TimeDate+4			; Put in date fiel
                             
d46a : ad980c           [ 4] 	lda fs_scratch+4					; Get months
d46d : 0a               [ 2] 	asl a								; 3 LSBs in to MSB of A (discard MS
d46e : 0a               [ 2] 	asl a
d46f : 0a               [ 2] 	asl a
d470 : 0a               [ 2] 	asl a
d471 : 0a               [ 2] 	asl a
d472 : 0d970c           [ 4] 	ora fs_scratch+3					; Combine with day
d475 : 8574             [ 3] 	sta fh_handle+FH_TimeDate+3			; And save in date
                             
d477 : 60               [ 6] 	rts
                             	
                             
                             ;****************************************
                             ;* fs_create_filedir
                             ;* Create a file or directory
                             ;* Input : fh_handle has the name and type attrib
                             ;*		 : new file / directory will be created.
                             ;*		 : Careful to check filename is *unique*
                             ;*		 : before calling this routine.
                             ;*		 : File will be in write mode, needs to be
                             ;*		 : closed to be properly saved
                             ;*		 : C=0 means file, C=1 meand directory
                             ;* Output : None
                             ;* Regs affected : None
                             ;****************************************
d478 :                       fs_create_filedir
d478 : 48               [ 3] 	pha
d479 : da               [ 3] 	phx
d47a : 5a               [ 3] 	phy
d47b : 08               [ 3] 	php							; Save file or dir request for later
                             
d47c : 202ad0           [ 6] 	jsr fs_dir_root_start		; Start at root of curren
d47f : 38               [ 2] 	sec							; Find an empty file entry
d480 : 204ad0           [ 6] 	jsr fs_dir_find_entry		; Find a valid entry
d483 : b036             [ 3] 	bcs	fs_create_fd_err		; Error, didn't find!
                             
AS65 Assembler for R6502 [1.42].                                     Page   86
---------------------------------- bank2.s -----------------------------------

d485 : a900             [ 2] 	lda #0						; Assume creating file
d487 : 28               [ 4] 	plp							; Unless C=1
d488 : 9002             [ 3] 	bcc fh_create_skip_dir
                             	; Set attribute for directory
d48a : a910             [ 2] 	lda #FAT_Attr_Dir
d48c :                       fh_create_skip_dir
d48c : 8557             [ 3] 	sta fh_handle+FH_Attr
                             
                             	; Copy filespec to file handle
d48e : a000             [ 2] 	ldy #0
d490 : a200             [ 2] 	ldx #FH_Name
d492 :                       fs_create_copy_fspec
d492 : b177             [ 5] 	lda (fh_handle+FH_FSpecPtr),y
d494 : 954a             [ 4] 	sta fh_handle,x
d496 : f004             [ 3] 	beq fs_create_copy_fspec_done
d498 : e8               [ 2] 	inx
d499 : c8               [ 2] 	iny
d49a : 80f6             [ 3] 	bra fs_create_copy_fspec
                             
d49c :                       fs_create_copy_fspec_done
d49c : 6458             [ 3] 	stz fh_handle+FH_Size+0		; Size is zero
d49e : 6459             [ 3] 	stz fh_handle+FH_Size+1
d4a0 : 645a             [ 3] 	stz fh_handle+FH_Size+2
d4a2 : 645b             [ 3] 	stz fh_handle+FH_Size+3
                             
d4a4 : 201fd4           [ 6] 	jsr fs_stamptimedate		; Put date time stamp in t
                             	
d4a7 : 20bcd2           [ 6] 	jsr fs_find_empty_clust		; Find + record its fir
                             	
                             	; Set current, last and first cluster to the sam
d4aa : a55c             [ 3] 	lda fh_handle+FH_CurrClust
d4ac : 856d             [ 3] 	sta fh_handle+FH_FirstClust
d4ae : 856f             [ 3] 	sta fh_handle+FH_LastClust
d4b0 : a55d             [ 3] 	lda fh_handle+FH_CurrClust+1
d4b2 : 856e             [ 3] 	sta fh_handle+FH_FirstClust+1
d4b4 : 8570             [ 3] 	sta fh_handle+FH_LastClust+1
                             
                             	; Set file mode to write
d4b6 : a980             [ 2] 	lda #FS_FILEMODEW
d4b8 : 8576             [ 3] 	sta fh_handle+FH_FileMode
                             
d4ba : 18               [ 2] 	clc
d4bb :                       fs_create_fd_err
d4bb : 7a               [ 4] 	ply
d4bc : fa               [ 4] 	plx
d4bd : 68               [ 4] 	pla
d4be : 60               [ 6] 	rts
                             
                             
                             ;****************************************
                             ;* fs_create_dirptr
                             ;* Create a file that is a pointer to a directory
                             ;* Input : fh_handle has the name and type attrib
                             ;*		 : Entry will be created pointing tp the
                             ;*		 : cluster in FH_CurrClust.
                             ;*		 : Careful to check filename is *unique*
                             ;*		 : before calling this routine.
                             ;*		 : File will be in write mode, needs to be
                             ;*		 : closed to be properly saved
                             ;* Output : None
                             ;* Regs affected : None
                             ;****************************************
AS65 Assembler for R6502 [1.42].                                     Page   87
---------------------------------- bank2.s -----------------------------------

d4bf :                       fs_create_dirptr
d4bf : a910             [ 2] 	lda #FAT_Attr_Dir
d4c1 : 8557             [ 3] 	sta fh_handle+FH_Attr		; Make it a directory
                             
d4c3 : 6458             [ 3] 	stz fh_handle+FH_Size+0		; Size is zero
d4c5 : 6459             [ 3] 	stz fh_handle+FH_Size+1
d4c7 : 645a             [ 3] 	stz fh_handle+FH_Size+2
d4c9 : 645b             [ 3] 	stz fh_handle+FH_Size+3
                             
d4cb : 18               [ 2] 	clc
d4cc : 60               [ 6] 	rts
                             
                             
                             ;****************************************
                             ;* fs_open_write
                             ;* Open a file for writing
                             ;* Input : fh_handle has the name
                             ;*		 : existing file will overwritten
                             ;*		 : new file will be created
                             ;* Output : None
                             ;* Regs affected : None
                             ;****************************************
d4cd :                       fs_open_write
                             	; try and delete any file with the same name fir
d4cd : 202fd5           [ 6] 	jsr fs_delete
d4d0 : 18               [ 2] 	clc
d4d1 : 2078d4           [ 6] 	jsr fs_create_filedir		; Ok go create this file 
                             
d4d4 : 60               [ 6] 	rts
                             
                             ;* Wrapper function that saves A,X,Y *
d4d5 :                       fs_open_write_w
d4d5 : 48               [ 3] 	pha
d4d6 : da               [ 3] 	phx
d4d7 : 5a               [ 3] 	phy
                             
d4d8 : 8677             [ 3] 	stx fh_handle+FH_FSpecPtr
d4da : 8578             [ 3] 	sta fh_handle+FH_FSpecPtr+1
d4dc : 20cdd4           [ 6] 	jsr fs_open_write
                             	
d4df : 7a               [ 4] 	ply
d4e0 : fa               [ 4] 	plx
d4e1 : 68               [ 4] 	pla
d4e2 : 60               [ 6] 	rts
                             
                             
                             ;****************************************
                             ;* fs_close_filedir
                             ;* Close a file/dir, important for new files
                             ;* Input : fh_handle details
                             ;* Output : None
                             ;* Regs affected : None
                             ;****************************************
d4e3 :                       fs_close_filedir
                             	; Only need to close down stuff in write mode
d4e3 : a576             [ 3] 	lda fh_handle+FH_FileMode
                             	; Zero out file mode
d4e5 : 6476             [ 3] 	stz fh_handle+FH_FileMode
                             	; If filemode N bit clear then done
d4e7 : 103b             [ 4] 	bpl fs_close_done
                             		
                             	; Flush the current sector
AS65 Assembler for R6502 [1.42].                                     Page   88
---------------------------------- bank2.s -----------------------------------

d4e9 : 20a9d2           [ 6] 	jsr fs_flush_curr_sect
                             
                             	; Update the chain from the last cluster
d4ec : 202dd3           [ 6] 	jsr fs_update_FAT_entry
                             
                             	; Make current sector = last
d4ef : a55c             [ 3] 	lda fh_handle+FH_CurrClust
d4f1 : 856f             [ 3] 	sta fh_handle+FH_LastClust
d4f3 : a55d             [ 3] 	lda fh_handle+FH_CurrClust+1
d4f5 : 8570             [ 3] 	sta fh_handle+FH_LastClust+1
                             	; Need to update the FAT entry
                             	; to show this cluster is last
d4f7 : a9ff             [ 2] 	lda #0xff
d4f9 : 855c             [ 3] 	sta fh_handle+FH_CurrClust
d4fb : 855d             [ 3] 	sta fh_handle+FH_CurrClust+1
                             	; Now update the FAT entry to mark the last clus
d4fd : 202dd3           [ 6] 	jsr fs_update_FAT_entry
                             	; Then finally save the directory entry
                             	; First fhandle to FATFileDesc
d500 : 203ed1           [ 6] 	jsr fs_dir_fhandle_to_entry
                             
                             	; Update modified date and time to be same as cr
d503 : ad6e0c           [ 4] 	lda fs_direntry+FAT_CreateDate
d506 : 8d760c           [ 4] 	sta fs_direntry+FAT_ModDate
d509 : 8d700c           [ 4] 	sta fs_direntry+FAT_AccessDate
d50c : ad6f0c           [ 4] 	lda fs_direntry+FAT_CreateDate+1
d50f : 8d770c           [ 4] 	sta fs_direntry+FAT_ModDate+1
d512 : 8d710c           [ 4] 	sta fs_direntry+FAT_AccessDate+1
d515 : ad6c0c           [ 4] 	lda fs_direntry+FAT_CreateTime
d518 : 8d740c           [ 4] 	sta fs_direntry+FAT_ModTime
d51b : ad6d0c           [ 4] 	lda fs_direntry+FAT_CreateTime+1
d51e : 8d750c           [ 4] 	sta fs_direntry+FAT_ModTime+1
                             	
d521 : 20a8d3           [ 6] 	jsr fs_dir_save_entry
                             
d524 :                       fs_close_done
d524 : 60               [ 6] 	rts
                             
                             
                             ;* Wrapper function preserving A,X,Y *
d525 :                       fs_close_w
d525 : 48               [ 3] 	pha
d526 : da               [ 3] 	phx
d527 : 5a               [ 3] 	phy
                             	
d528 : 20e3d4           [ 6] 	jsr fs_close_filedir
                             	
d52b : 7a               [ 4] 	ply
d52c : fa               [ 4] 	plx
d52d : 68               [ 4] 	pla
d52e : 60               [ 6] 	rts
                             	
                             	
                             
                             
                             ;****************************************
                             ;* fs_delete
                             ;* Delete a file
                             ;* Input : fh_handle has the name
                             ;* Output : None
                             ;* Regs affected : None
                             ;****************************************
AS65 Assembler for R6502 [1.42].                                     Page   89
---------------------------------- bank2.s -----------------------------------

d52f :                       fs_delete
d52f : 20eed3           [ 6] 	jsr fs_open_read			; Try and open the file
d532 : b031             [ 3] 	bcs fs_delete_fin			; If not found then fin
                             	
                             	; Mark first char with deleted indicator
d534 : a9e5             [ 2] 	lda #0xe5
d536 : 854a             [ 3] 	sta fh_handle+FH_Name
                             
                             	; Save this back to directory table
                             	; First fhandle to FATFileDesc
d538 : 203ed1           [ 6] 	jsr fs_dir_fhandle_to_entry	
d53b : 20a8d3           [ 6] 	jsr fs_dir_save_entry
                             
                             	; Now mark all related clusters as free
d53e : a66d             [ 3] 	ldx fh_handle+FH_FirstClust
d540 : 865c             [ 3] 	stx fh_handle+FH_CurrClust
d542 : a46e             [ 3] 	ldy fh_handle+FH_FirstClust+1
d544 : 845d             [ 3] 	sty fh_handle+FH_CurrClust+1
d546 :                       fs_delete_clust
                             	; X and Y always contain current cluster
                             	; Make last = current
d546 : 866f             [ 3] 	stx fh_handle+FH_LastClust
d548 : 8470             [ 3] 	sty fh_handle+FH_LastClust+1
                             
                             	; Given current cluster, find next
                             	; save in X,Y
d54a : 20bfd1           [ 6] 	jsr fs_get_next_cluster
                             	; load X,Y with the next cluster
d54d : a65c             [ 3] 	ldx fh_handle+FH_CurrClust
d54f : a45d             [ 3] 	ldy fh_handle+FH_CurrClust+1
                             	
                             	; Zero out the cluster number
d551 : 645c             [ 3] 	stz fh_handle+FH_CurrClust
d553 : 645d             [ 3] 	stz fh_handle+FH_CurrClust+1
                             
                             	; Update FAT entry of Last Cluster with zero
d555 : 202dd3           [ 6] 	jsr fs_update_FAT_entry
                             
                             	; Restore the next cluster found earlier
d558 : 865c             [ 3] 	stx fh_handle+FH_CurrClust
d55a : 845d             [ 3] 	sty fh_handle+FH_CurrClust+1
                             
                             	; If the next cluster is not 0xffff
                             	; then continue
d55c : e0ff             [ 2] 	cpx #0xff
d55e : d0e6             [ 3] 	bne fs_delete_clust
d560 : c0ff             [ 2] 	cpy #0xff
d562 : d0e2             [ 3] 	bne fs_delete_clust
d564 : 18               [ 2] 	clc
d565 :                       fs_delete_fin
d565 : 60               [ 6] 	rts
                             
                             ;** Wrapper function which saves A,X,Y **
d566 :                       fs_delete_w
d566 : 48               [ 3] 	pha
d567 : da               [ 3] 	phx
d568 : 5a               [ 3] 	phy
                             
d569 : 8677             [ 3] 	stx fh_handle+FH_FSpecPtr
d56b : 8578             [ 3] 	sta fh_handle+FH_FSpecPtr+1
d56d : 202fd5           [ 6] 	jsr fs_delete
                             	
AS65 Assembler for R6502 [1.42].                                     Page   90
---------------------------------- bank2.s -----------------------------------

d570 : 7a               [ 4] 	ply
d571 : fa               [ 4] 	plx
d572 : 68               [ 4] 	pla
d573 : 60               [ 6] 	rts
                             	
                             ;****************************************
                             ;* fs_chdir_direct
                             ;* Change root directory directly using cluster
                             ;* Input : FH_FirstClust has cluster number of di
                             ;* Output : None
                             ;* Regs affected : None
                             ;****************************************
d574 :                       fs_chdir_direct
                             	; Calculate sector from this directory cluster
d574 : a66d             [ 3] 	ldx fh_handle+FH_FirstClust
d576 : a56e             [ 3] 	lda fh_handle+FH_FirstClust+1
                             	
                             	; Also record the directory cluster #
d578 : 8e920c           [ 4] 	stx fs_dirclust
d57b : 8d930c           [ 4] 	sta fs_dirclust+1
                             	
d57e : 205cd2           [ 6] 	jsr fs_get_start_sect_data	; Calc the first sect
                             	
d581 : a203             [ 2] 	ldx #3						; Copy sector to dirsect
d583 :                       fs_chdir_direct_sect
d583 : b55f             [ 4] 	lda fh_handle+FH_CurrSec,x
d585 : 9d8e0c           [ 5] 	sta fs_dirsect,x
d588 : ca               [ 2] 	dex
d589 : 10f8             [ 3] 	bpl fs_chdir_direct_sect
d58b : 60               [ 6] 	rts
                             	
                             
                             ;****************************************
                             ;* fs_chdir
                             ;* Change root directory
                             ;* Input : fh_handle has the name
                             ;* Output : None
                             ;* Regs affected : None
                             ;****************************************
d58c :                       fs_chdir
d58c : b277             [ 5] 	lda (fh_handle+FH_FSpecPtr)		; First byte of nam
d58e : f004             [ 3] 	beq fs_chdir_root				; If zero then goto root fo
d590 : c92f             [ 2] 	cmp #FS_FOLDERCH				; Is it '/'
d592 : d016             [ 3] 	bne fs_chdir_find				; If not then find the file
d594 :                       fs_chdir_root
d594 : 48               [ 3] 	pha								; Remember the 1st char
d595 : 646d             [ 3] 	stz fh_handle+FH_FirstClust		; Else use zero to 
d597 : 646e             [ 3] 	stz fh_handle+FH_FirstClust+1
d599 : 2074d5           [ 6] 	jsr fs_chdir_direct
d59c : 68               [ 4] 	pla								; If 1st char is zero then done
d59d : f029             [ 3] 	beq fs_chdir_fin
d59f : 18               [ 2] 	clc								; Add 1 to filespec pointer base
d5a0 : a577             [ 3] 	lda fh_handle+FH_FSpecPtr
d5a2 : 6901             [ 2] 	adc #1
d5a4 : 8577             [ 3] 	sta fh_handle+FH_FSpecPtr
d5a6 : a578             [ 3] 	lda fh_handle+FH_FSpecPtr+1
d5a8 : 8578             [ 3] 	sta fh_handle+FH_FSpecPtr+1
                             	; Drop through to processing rest of file spec
                             	
d5aa :                       fs_chdir_find
d5aa : 202ad0           [ 6] 	jsr fs_dir_root_start			; Start at root of curre
d5ad : 20cad3           [ 6] 	jsr fs_find_named				; Try to find the file
AS65 Assembler for R6502 [1.42].                                     Page   91
---------------------------------- bank2.s -----------------------------------

d5b0 : b017             [ 3] 	bcs fs_chdir_not_found			; C=1 not found
d5b2 : 5a               [ 3] 	phy								; Remember where we got to in filespe
d5b3 : 2074d5           [ 6] 	jsr fs_chdir_direct				; Go to the found folder
d5b6 : 7a               [ 4] 	ply
d5b7 : b177             [ 5] 	lda (fh_handle+FH_FSpecPtr),y	; What was the las
d5b9 : f00d             [ 3] 	beq fs_chdir_fin				; If an actual zero then we'
d5bb : c8               [ 2] 	iny								; Else move past '/'
d5bc : 98               [ 2] 	tya								; Pull index but into A
d5bd : 18               [ 2] 	clc								; Add this index to filespec pointer 
d5be : 6577             [ 3] 	adc fh_handle+FH_FSpecPtr
d5c0 : 8577             [ 3] 	sta fh_handle+FH_FSpecPtr
d5c2 : a578             [ 3] 	lda fh_handle+FH_FSpecPtr+1
d5c4 : 8578             [ 3] 	sta fh_handle+FH_FSpecPtr+1
d5c6 : 80e2             [ 3] 	bra fs_chdir_find				; And go and try to navigat
                             
d5c8 :                       fs_chdir_fin
d5c8 : 18               [ 2] 	clc
d5c9 :                       fs_chdir_not_found
d5c9 : 60               [ 6] 	rts
                             
                             ;** Wrapper function which saves A,X,Y **
d5ca :                       fs_chdir_w
d5ca : 48               [ 3] 	pha
d5cb : da               [ 3] 	phx
d5cc : 5a               [ 3] 	phy
                             	
d5cd : 8677             [ 3] 	stx fh_handle+FH_FSpecPtr
d5cf : 8578             [ 3] 	sta fh_handle+FH_FSpecPtr+1
d5d1 : 208cd5           [ 6] 	jsr fs_chdir
                             	
d5d4 : 7a               [ 4] 	ply
d5d5 : fa               [ 4] 	plx
d5d6 : 68               [ 4] 	pla
d5d7 : 60               [ 6] 	rts
                             
                             ;****************************************
                             ;* fs_mkdir
                             ;* Create a file
                             ;* Input : fh_handle has the name
                             ;*		 : checks if file already exists
                             ;*		 : new directory will be created
                             ;*       : including . and .. entries
                             ;* Output : None
                             ;* Regs affected : None
                             ;****************************************
d5d8 :                       fs_mkdir
d5d8 : 202ad0           [ 6] 	jsr fs_dir_root_start		; Start at root of curren
                             
                             	; If file or directory with same name exists, th
d5db : 20cad3           [ 6] 	jsr fs_find_named			; Try to find the file
d5de : b002             [ 3] 	bcs fs_mkdir_ok				; C=1 then no file found - ok
                             
d5e0 : 38               [ 2] 	sec							; Indicate fail
d5e1 : 60               [ 6] 	rts
                             
d5e2 :                       fs_mkdir_ok	
                             	; Remember parent directory ".." cluster #
d5e2 : ad920c           [ 4] 	lda fs_dirclust
d5e5 : 48               [ 3] 	pha
d5e6 : ad930c           [ 4] 	lda fs_dirclust+1
d5e9 : 48               [ 3] 	pha
                             
AS65 Assembler for R6502 [1.42].                                     Page   92
---------------------------------- bank2.s -----------------------------------

d5ea : 38               [ 2] 	sec
d5eb : 2078d4           [ 6] 	jsr fs_create_filedir		; Go create the directory
d5ee : 20e3d4           [ 6] 	jsr fs_close_filedir		; Commit
                             	
                             	; Remember this directory "." cluster #
d5f1 : a56d             [ 3] 	lda fh_handle+FH_FirstClust
d5f3 : 48               [ 3] 	pha
d5f4 : a56e             [ 3] 	lda fh_handle+FH_FirstClust+1
d5f6 : 48               [ 3] 	pha
                             	
                             	; Need to zero the directory cluster
                             	; First create a zero filled buffer 512 bytes
d5f7 : a900             [ 2] 	lda #0
d5f9 : aa               [ 2] 	tax
d5fa : a000             [ 2] 	ldy #0
d5fc :                       fs_mkdir_zero_sector
d5fc : 20efcf           [ 6] 	jsr fs_putbyte_sd_buf
d5ff : ca               [ 2] 	dex 
d600 : d0fa             [ 4] 	bne fs_mkdir_zero_sector
d602 : c8               [ 2] 	iny
d603 : c002             [ 2] 	cpy #2
d605 : d0f5             [ 4] 	bne fs_mkdir_zero_sector
                             	; Now fill a cluster's worth of sectors with zer
                             	; Cluster = 16k, buffer = 512 bytes => 32 sector
                             	
                             	; Get directory cluster # in to X,A and calculat
d607 : a66d             [ 3] 	ldx fh_handle+FH_FirstClust
d609 : a56e             [ 3] 	lda fh_handle+FH_FirstClust+1
d60b : 205cd2           [ 6] 	jsr fs_get_start_sect_data
                             	
                             	; Now write cluster worth of sectors
d60e : a220             [ 2] 	ldx #32
d610 :                       fs_mkdir_zero_cluster
d610 : da               [ 3] 	phx
d611 : 20a9d2           [ 6] 	jsr fs_flush_curr_sect
d614 : 20ffd2           [ 6] 	jsr fs_inc_curr_sec
d617 : fa               [ 4] 	plx
d618 : ca               [ 2] 	dex
d619 : d0f5             [ 3] 	bne fs_mkdir_zero_cluster
                             	
                             	; Goto newly created directory (it's empty)
                             	; Use cluster number
d61b : 208cd5           [ 6] 	jsr fs_chdir
d61e : 202ad0           [ 6] 	jsr fs_dir_root_start		; Start at root of curren
                             	; Go and find first available slot in directory 
d621 : 38               [ 2] 	sec
d622 : 204ad0           [ 6] 	jsr fs_dir_find_entry
                             	; Restore current directory cluster - it's rever
d625 : 68               [ 4] 	pla
d626 : 856e             [ 3] 	sta fh_handle+FH_FirstClust+1
d628 : 68               [ 4] 	pla
d629 : 856d             [ 3] 	sta fh_handle+FH_FirstClust
d62b : 20bfd4           [ 6] 	jsr fs_create_dirptr		; Go create the '.' file e
                             	; Create name for entry "."
d62e : a92e             [ 2] 	lda #'.'
d630 : 854a             [ 3] 	sta fh_handle+0
d632 : 644b             [ 3] 	stz fh_handle+1
                             	; Convert fhandle to FATFileDesc
d634 : 203ed1           [ 6] 	jsr fs_dir_fhandle_to_entry	
d637 : 20a8d3           [ 6] 	jsr fs_dir_save_entry		; Save it to to the direc
                             
                             	; Go and find next available slot in directory C
AS65 Assembler for R6502 [1.42].                                     Page   93
---------------------------------- bank2.s -----------------------------------

d63a : 208fd0           [ 6] 	jsr fs_dir_next_entry
d63d : 38               [ 2] 	sec
d63e : 204ad0           [ 6] 	jsr fs_dir_find_entry
                             	; Restore parent directory cluster - it's revers
d641 : 68               [ 4] 	pla
d642 : 856e             [ 3] 	sta fh_handle+FH_FirstClust+1
d644 : 68               [ 4] 	pla
d645 : 856d             [ 3] 	sta fh_handle+FH_FirstClust
d647 : 20bfd4           [ 6] 	jsr fs_create_dirptr		; Go create the '..' file 
                             	; Create name for entry ".."
d64a : a92e             [ 2] 	lda #'.'
d64c : 854a             [ 3] 	sta fh_handle+0
d64e : 854b             [ 3] 	sta fh_handle+1
d650 : 644c             [ 3] 	stz fh_handle+2
                             	; Convert fhandle to FATFileDesc
d652 : 203ed1           [ 6] 	jsr fs_dir_fhandle_to_entry	
d655 : 20a8d3           [ 6] 	jsr fs_dir_save_entry		; Save it to to the direc
                             
                             	; FH_FirstClust points to parent - go to it
d658 : 2074d5           [ 6] 	jsr fs_chdir_direct
                             	
d65b : 18               [ 2] 	clc							; Indicate success
                             
d65c :                       fs_mkdir_fin
d65c : 60               [ 6] 	rts
                             
                             ;** Wrapper function which saves A,X,Y **
d65d :                       fs_mkdir_w
d65d : 48               [ 3] 	pha
d65e : da               [ 3] 	phx
d65f : 5a               [ 3] 	phy
                             	
d660 : 8677             [ 3] 	stx fh_handle+FH_FSpecPtr
d662 : 8578             [ 3] 	sta fh_handle+FH_FSpecPtr+1
d664 : 20d8d5           [ 6] 	jsr fs_mkdir
                             
d667 : 7a               [ 4] 	ply
d668 : fa               [ 4] 	plx
d669 : 68               [ 4] 	pla
d66a : 60               [ 6] 	rts
                             
                             ;****************************************
                             ;* fs_dir_fhandle_to_str
                             ;* Unpack contents of fhandle to a string 
                             ;* Input : fs_fhandle, A,X=pointer to string
                             ;* Output : 43 bytes of string (inc, zero pointer
                             ;* Column	Len	Offset	Desc
                             ;*	name	12	0 		8.3 space padded to right
                             ;*	type	3	13		DIR if directory else FIL
                             ;*	date	8	19		DD/MM/YY
                             ;*	time	8	28		hh/mm/ss
                             ;*	size	5	37		right justified no leading zeros
                             ;* Regs affected : None
                             ;****************************************
d66b :                       fs_dir_str
d66b : 444952                	db "DIR"
d66e :                       fs_dir_fil
d66e : 202020                	db "   "
d671 :                       fs_dir_fhandle_str
d671 : 8633             [ 3] 	stx tmp_v1
d673 : 8534             [ 3] 	sta tmp_v1+1
                             	; Put zero terminator at pos 41
AS65 Assembler for R6502 [1.42].                                     Page   94
---------------------------------- bank2.s -----------------------------------

d675 : a028             [ 2] 	ldy #40
d677 : a900             [ 2] 	lda #0
d679 : 9133             [ 5] 	sta (tmp_v1),y
                             	; Pre-fill with spaces
d67b : 88               [ 2] 	dey
d67c : a920             [ 2] 	lda #' '
d67e :                       fs_dir_fhandle_pad_spc
d67e : 9133             [ 5] 	sta (tmp_v1),y
d680 : 88               [ 2] 	dey
d681 : 10fb             [ 3] 	bpl fs_dir_fhandle_pad_spc
                             	; Put '/' separator for date
d683 : a92f             [ 2] 	lda #'/'
d685 : a013             [ 2] 	ldy #19
d687 : 9133             [ 5] 	sta (tmp_v1),y
d689 : a016             [ 2] 	ldy #22
d68b : 9133             [ 5] 	sta (tmp_v1),y
                             	; Put ':' separator for time
d68d : a93a             [ 2] 	lda #':'
d68f : a01c             [ 2] 	ldy #28
d691 : 9133             [ 5] 	sta (tmp_v1),y
d693 : a01f             [ 2] 	ldy #31
d695 : 9133             [ 5] 	sta (tmp_v1),y
                             	;* Unpack name - copy 8.3 (12 chars) until zero
d697 : a200             [ 2] 	ldx #FH_Name				; Source
d699 : a000             [ 2] 	ldy #0						; Name offset
d69b :                       fs_dir_fhandle_name
d69b : b54a             [ 4] 	lda fh_handle,x				; Get name char
d69d : f00b             [ 3] 	beq	fs_dir_fhandle_dotype	; Process attribute if
d69f : 204ad2           [ 6] 	jsr fs_to_upper				; Case insensitive
d6a2 : 9133             [ 5] 	sta (tmp_v1),y
d6a4 : e8               [ 2] 	inx
d6a5 : c8               [ 2] 	iny
d6a6 : c00c             [ 2] 	cpy #12
d6a8 : d0f1             [ 3] 	bne fs_dir_fhandle_name		; Max 12 chars for a fi
d6aa :                       fs_dir_fhandle_dotype
d6aa : a557             [ 3] 	lda fh_handle+FH_Attr		; Check the type
d6ac : a00d             [ 2] 	ldy #13						; Point to column for type
d6ae : a200             [ 2] 	ldx #0						; Point to DIR string
d6b0 : c910             [ 2] 	cmp #FAT_Attr_Dir			; Directory?
d6b2 : f002             [ 3] 	beq fs_dir_fhandle_type
d6b4 : a203             [ 2] 	ldx #3						; Point to FIL string
d6b6 :                       fs_dir_fhandle_type				; copy 3 chars
d6b6 : bd6bd6           [ 4] 	lda fs_dir_str,x
d6b9 : 9133             [ 5] 	sta (tmp_v1),y
d6bb : e8               [ 2] 	inx
d6bc : c8               [ 2] 	iny
d6bd : c010             [ 2] 	cpy #16
d6bf : d0f5             [ 3] 	bne fs_dir_fhandle_type
                             
                             	;* Date
                             	; Extract year
d6c1 : a575             [ 3] 	lda fh_handle+FH_TimeDate+4 ; Top 7 bits is year
d6c3 : 4a               [ 2] 	lsr a
d6c4 : 38               [ 2] 	sec							; Remove offset from 1980 (-20)
d6c5 : e914             [ 2] 	sbc #20
d6c7 : a017             [ 2] 	ldy #23						; Save to date field
d6c9 : 203bd7           [ 6] 	jsr fs_util_num_bcd			; Put digits
                             	; Extract month
d6cc : a575             [ 3] 	lda fh_handle+FH_TimeDate+4 ; Bottom bit is bit 
d6ce : 4a               [ 2] 	lsr a						; Put in to C
d6cf : a574             [ 3] 	lda fh_handle+FH_TimeDate+3	; Top 3 bits are mon
d6d1 : 6a               [ 2] 	ror a						; Rotate in C for bit 3 (now have 4 b
AS65 Assembler for R6502 [1.42].                                     Page   95
---------------------------------- bank2.s -----------------------------------

d6d2 : 4a               [ 2] 	lsr a						; Bring to low nibble
d6d3 : 4a               [ 2] 	lsr a
d6d4 : 4a               [ 2] 	lsr a
d6d5 : 4a               [ 2] 	lsr a
d6d6 : a014             [ 2] 	ldy #20						; Month field position
d6d8 : 203bd7           [ 6] 	jsr fs_util_num_bcd			; Put digits
                             	; Extract days
d6db : a574             [ 3] 	lda fh_handle+FH_TimeDate+3 ; Bottom bottom 5 bi
d6dd : 291f             [ 2] 	and #0x1f					; So mask that
d6df : a011             [ 2] 	ldy #17						; Day field position
d6e1 : 203bd7           [ 6] 	jsr fs_util_num_bcd			; Put digits
                             
                             	;* Time
                             	; Extract hours
d6e4 : a573             [ 3] 	lda fh_handle+FH_TimeDate+2	; Ignore ms. Top5 bi
d6e6 : 4a               [ 2] 	lsr a
d6e7 : 4a               [ 2] 	lsr a
d6e8 : 4a               [ 2] 	lsr a
d6e9 : a01a             [ 2] 	ldy #26						; Hours field
d6eb : 203bd7           [ 6] 	jsr fs_util_num_bcd			; Put digits
                             	; Extract minutes
d6ee : a572             [ 3] 	lda fh_handle+FH_TimeDate+1	; Top 3 bits is bit 
d6f0 : 4a               [ 2] 	lsr a						; Shift it to bottom
d6f1 : 4a               [ 2] 	lsr a
d6f2 : 4a               [ 2] 	lsr a
d6f3 : 4a               [ 2] 	lsr a
d6f4 : 4a               [ 2] 	lsr a
d6f5 : 8d940c           [ 4] 	sta fs_scratch				; Save partial result
d6f8 : a573             [ 3] 	lda fh_handle+FH_TimeDate+2	; Bottom 3 bits is b
d6fa : 2907             [ 2] 	and #0x07					; Mask for those bits
d6fc : 0a               [ 2] 	asl a						; Shift up in to position 3,4,5
d6fd : 0a               [ 2] 	asl a
d6fe : 0a               [ 2] 	asl a
d6ff : 0d940c           [ 4] 	ora fs_scratch				; Combine with top 3 bits
d702 : a01d             [ 2] 	ldy #29						; Minutes field
d704 : 203bd7           [ 6] 	jsr fs_util_num_bcd			; Put digits
                             	; Extract seconds
d707 : a572             [ 3] 	lda fh_handle+FH_TimeDate+1	; Bottom 5 bits is s
d709 : 291f             [ 2] 	and #0x1f					; Mask for those
d70b : 0a               [ 2] 	asl a						; x2
d70c : a020             [ 2] 	ldy #32						; Seconds field
d70e : 203bd7           [ 6] 	jsr fs_util_num_bcd			; Put digits
                             	; Extract size
d711 : a559             [ 3] 	lda fh_handle+FH_Size+1		; Only taking 16 bits o
d713 : a658             [ 3] 	ldx fh_handle+FH_Size+0		; X=Low
d715 : 20cfca           [ 6] 	jsr word_to_bcd				; X,A to BCD in num_a (3 byte
d718 : a57b             [ 3] 	lda num_a+2					; 100k and 10k digits
d71a : a023             [ 2] 	ldy #35						; Position of size field
d71c : 2051d7           [ 6] 	jsr fs_util_num_bcd_a		; Put only 10k digit
d71f : a57a             [ 3] 	lda num_a+1					; 1k and hundreds digits
d721 : 2043d7           [ 6] 	jsr fs_util_num_bcd_xa		; Put digits in AX
d724 : a579             [ 3] 	lda num_a+0					; tens and units digits
d726 : 2043d7           [ 6] 	jsr fs_util_num_bcd_xa		; Put digits in AX
d729 : a023             [ 2] 	ldy #35						; Check for leading zeros
d72b :                       fs_dir_fhandle_zeros
d72b : b133             [ 5] 	lda (tmp_v1),y
d72d : c930             [ 2] 	cmp #'0'
d72f : d009             [ 3] 	bne fs_dir_fhandle_done
d731 : a920             [ 2] 	lda #' '
d733 : 9133             [ 5] 	sta (tmp_v1),y
d735 :                       fs_dir_fhandle_zskip
d735 : c8               [ 2] 	iny
AS65 Assembler for R6502 [1.42].                                     Page   96
---------------------------------- bank2.s -----------------------------------

d736 : c027             [ 2] 	cpy #39						; Last zero can stay
d738 : d0f1             [ 3] 	bne fs_dir_fhandle_zeros
                             	; byte 0 = milliseconds
                             	; byte 1 = mmmsssss
                             	; byte 2 = hhhhhmmm
                             	; byte 3 = MMMDDDDD
                             	; byte 4 = YYYYYYYM
d73a :                       fs_dir_fhandle_done
d73a : 60               [ 6] 	rts
                             
d73b :                       fs_util_num_bcd
d73b : aa               [ 2] 	tax							; Only can do 00-99
d73c : a900             [ 2] 	lda #0						; So high byte = 0
d73e : 20cfca           [ 6] 	jsr word_to_bcd				; X,A to BCD in num_a
d741 : a579             [ 3] 	lda num_a+0					; Two least significant BCD digi
d743 :                       fs_util_num_bcd_xa				; Enter here if bcd convers
d743 : 48               [ 3] 	pha
d744 : aa               [ 2] 	tax							; X contains this
d745 : 68               [ 4] 	pla							; Two least significant BCD digits (00
d746 : 4a               [ 2] 	lsr a						; Get tens digit 
d747 : 4a               [ 2] 	lsr a
d748 : 4a               [ 2] 	lsr a
d749 : 4a               [ 2] 	lsr a
d74a : 18               [ 2] 	clc
d74b : 6930             [ 2] 	adc #'0'					; Convert to ascii
d74d : 9133             [ 5] 	sta (tmp_v1),y				; Save in string position (2 c
d74f : c8               [ 2] 	iny
d750 : 8a               [ 2] 	txa
d751 :                       fs_util_num_bcd_a				; Enter here if only units n
d751 : 290f             [ 2] 	and #0x0f					; Get units digit
d753 : 18               [ 2] 	clc
d754 : 6930             [ 2] 	adc #'0'					; Convert to ascii
d756 : 9133             [ 5] 	sta (tmp_v1),y
d758 : c8               [ 2] 	iny
d759 : 60               [ 6] 	rts
                             
                             
                             	
d75a :                       msg_initialising_fs
d75a : 4d6f756e74696e..      	db "Mounting filesystem\r\r",0
d770 :                       msg_noinit_fs
d770 : 4e6f2066696c65..      	db "No filesystem available\r\r",0
d78a :                       mod_sz_sd_fs_e
                             
                             
                             	; End of Code
d78a :                       _bank2_end
                             	
                             
No errors in pass 2.
Wrote binary from address $c000 through $ffff.
Total size 16384 bytes.
