AS65 Assembler for R6502 [1.42].                                     Page    1
---------------------------------- bank3.s -----------------------------------

5572 lines read, no errors in pass 1.
c000 =                       _bank0_start=0xc000
                             	include "kernel\kernel.s"
                             ;************************************************
                             ;*
                             ;*	BBC-128 HOMEBREW COMPUTER
                             ;*	Hardware and software design by @6502Nerd (Dol
                             ;*	Copyright 2014-20
                             ;*  Free to use for any non-commercial purpose su
                             ;*  appropriate credit of my authorship please!
                             ;*
                             ;*  KERNEL.S
                             ;*	The 'kernel' routine includes code and data wh
                             ;* 	be in every ROM bank.  In the auto-generated 
                             ;*  files, the kernel is added before the bank sp
                             ;*	code.  See bank0.s as an example.
                             ;*
                             ;************************************************
                             
                             ;* Include all definition and code files in the r
                             	include "inc\includes.i"
                             ;************************************************
                             ;*
                             ;*	BBC-128 HOMEBREW COMPUTER
                             ;*	Hardware and software design by @6502Nerd (Dol
                             ;*	Copyright 2014-20
                             ;*  Free to use for any non-commercial purpose su
                             ;*  appropriate credit of my authorship please!
                             ;*
                             ;*  INCLUDES.S
                             ;*  Main include file for key definitions and mac
                             ;*  Many of the settings here are exremely machin
                             ;*  Defines : IO block addresses, VIA port usage,
                             ;*  settings, useful macros, sound chip registers
                             ;*  VDP registers, ACIA registers.
                             ;*
                             ;************************************************
                             
                             ;* The IO block is at 0x04000 and decodes up to
                             ;* eight IO addresses, at 0x0080 intervals
                             ;* All eight are not used at the present time:
                             ;* - 0 : VIA 1 (Keyboard)
                             ;* - 1 : VIA 2 (Sound and SD card interface)
                             ;* - 2 : VDP (Video)
                             ;* - 3 : ACIA (Serial)
                             ;* - 4 : RTC (DS12887 real time clock + RAM)
0400 =                       IO_0		= 0x0400
0480 =                       IO_1		= 0x0480
0500 =                       IO_2		= 0x0500
0580 =                       IO_3		= 0x0580
0600 =                       IO_4		= 0x0600
0680 =                       IO_5		= 0x0680
0700 =                       IO_6		= 0x0700
0780 =                       IO_7		= 0x0780
                             
                             ;* VDP is accessed through IO_2
0500 =                       VDP_MODE0		= IO_2
0501 =                       VDP_MODE1		= IO_2+1
0501 =                       VDP_STATUS		= IO_2+1
0501 =                       VDP_ADDR		= IO_2+1
0500 =                       VDP_VRAM		= IO_2
0001 =                       VDP_SHORTDELAY	= 1
AS65 Assembler for R6502 [1.42].                                     Page    2
---------------------------------- bank3.s -----------------------------------

0003 =                       VDP_LONGDELAY 	= 3
0010 =                       VDP_FLASH		= 0x10				;* Must be a power of 2 *
                             
                             ;* This structure defines the key information
                             ;* kept about the VDP current mode
0000 =                       	struct vdp_addr_struct
0000 =                       	dw vdp_addr_nme				;* Address of name table
0002 =                       	dw vdp_addr_col				;* Address of colour table
0004 =                       	dw vdp_addr_pat				;* Address of pattern table
0006 =                       	dw vdp_addr_spa				;* Address of sprite pattern 
0008 =                       	dw vdp_addr_spp				;* Address of sprite position
000a =                       	db vdp_bord_col				;* Value of border colour
000b =                       	db vdp_gmode				;* Graphics mode 0,1,2 or 0x80 (
                             	end struct
                             
                             ;* Standard definitions of 6522 registers
                             ;* As found in the datasheets
0000 =                       PRB			= 0x00
0001 =                       PRA			= 0x01
0002 =                       DDRB		= 0x02
0003 =                       DDRA		= 0x03
0004 =                       T1CL		= 0x04
0005 =                       T1CH		= 0x05
0006 =                       T1LL		= 0x06
0007 =                       T1LH		= 0x07
0008 =                       T2CL		= 0x08
0009 =                       T2CH		= 0x09
000a =                       SR			= 0x0a
000b =                       ACR			= 0x0b
000c =                       PCR			= 0x0c
000d =                       IFR			= 0x0d
000e =                       IER			= 0x0e
000f =                       PRAH		= 0x0f
                             
0001 =                       IFR_CA2		= 0x01
0002 =                       IFR_CA1		= 0x02
                             
                             ;* AY-3-8910 definitions
                             ;* The sound chip is accessed through VIA 2
0481 =                       SND_ADBUS	= IO_1+PRA
0480 =                       SND_MODE	= IO_1+PRB
                             
0040 =                       SND_SELREAD			= 0x40
0002 =                       SND_SELWRITE		= 0x02
0042 =                       SND_SELSETADDR		= (SND_SELREAD|SND_SELWRITE)
00bd =                       SND_DESELECT_MASK	= (0xff-SND_SELREAD-SND_SELWRIT
                             
0000 =                       SND_REG_CHAPL	= 0x00
0001 =                       SND_REG_CHAPH	= 0x01
0002 =                       SND_REG_CHBPL	= 0x02
0003 =                       SND_REG_CHBPH	= 0x03
0004 =                       SND_REG_CHCPL	= 0x04
0005 =                       SND_REG_CHCPH	= 0x05
0006 =                       SND_REG_CHNP	= 0x06
0007 =                       SND_REG_CTL		= 0x07
0008 =                       SND_REG_CHAVOL	= 0x08
0009 =                       SND_REG_CHBVOL	= 0x09
000a =                       SND_REG_CHBVOL	= 0x0a
000b =                       SND_REG_ENVPL	= 0x0b
000c =                       SND_REG_ENVPH	= 0x0c
000d =                       SND_REG_ENVCYC	= 0x0d
                             
AS65 Assembler for R6502 [1.42].                                     Page    3
---------------------------------- bank3.s -----------------------------------

000e =                       SND_REG_IOA	= 0x0e
000f =                       SND_REG_IOB	= 0x0f
                             
                             ;* 6551 ACIA definitions
                             ;* As found in the datasheets
0580 =                       SER_DATA	= (IO_3+0)
0581 =                       SER_STATUS	= (IO_3+1)
0581 =                       SER_RESET	= (IO_3+1)
0582 =                       SER_CMD		= (IO_3+2)
0583 =                       SER_CTL		= (IO_3+3)
                             
0080 =                       SER_IRQ		= 0x80
0040 =                       SER_DSRB	= 0x40
0020 =                       SER_DCDB	= 0x20
0010 =                       SER_TDRE	= 0x10
0008 =                       SER_RDRF	= 0x08
0004 =                       SER_OVRN	= 0x04
0002 =                       SER_FE		= 0x02
0001 =                       SER_PE		= 0x01
0080 =                       SER_SBN		= 0x80
0040 =                       SER_WL1		= 0x40
0020 =                       SER_WL0		= 0x20
0060 =                       SER_WL		= (SER_WL1|SER_WL0)
0010 =                       SER_RCS		= 0x10
0008 =                       SER_SBR3	= 0x08
0004 =                       SER_SBR2	= 0x04
0002 =                       SER_SBR1	= 0x02
0001 =                       SER_SBR0	= 0x01
000f =                       SER_SBR		= (SER_SBR3|SER_SBR2|SER_SBR1|SER_SBR0)
000f =                       SER_19200B	= (SER_SBR3|SER_SBR2|SER_SBR1|SER_SBR0
000e =                       SER_9600B	= (SER_SBR3|SER_SBR2|SER_SBR1)
0080 =                       SER_PMC1	= 0x80
0040 =                       SER_PMC0	= 0x40
00c0 =                       SER_PMC		= (SER_PMC1|SER_PMC0)
0020 =                       SER_PME		= 0x20
0010 =                       SER_REM		= 0x10
0008 =                       SER_TIC1	= 0x08
0004 =                       SER_TIC0	= 0x04
000c =                       SER_TIC		= (SER_TIC1|SER_TIC0)
0002 =                       SER_IRD		= 0x02
0001 =                       SER_DTR		= 0x01
                             
                             ;* BBC keyboard definitions
                             ;* The keyboard is accessed through VIA 1
                             ;* Port A - all output
0001 =                       KB_ROWA		= 0x01
0002 =                       KB_ROWB		= 0x02
0004 =                       KB_ROWC		= 0x04
0008 =                       KB_COLA		= 0x08
0010 =                       KB_COLB		= 0x10
0020 =                       KB_COLC		= 0x20
0040 =                       KB_COLD		= 0x40
0080 =                       KB_EN		= 0x80
                             ;* Port B
0001 =                       KB_W		= 0x01			; Input - BBC keyboard hardware se
0002 =                       KB_LED0		= 0x02			; Output - led 0
0004 =                       KB_LED1		= 0x04			; Output - led 1
0008 =                       KB_LED2		= 0x08			; Output - led 2
0001 =                       KB_CAPSLK	= 0x01			; Id of Caps Lock - maps to Le
0002 =                       KB_SHIFTLK	= 0x02			; Id of Shift lock - maps to 
                             
0003 =                       KB_REP_TIM	= 3				; Number of VB periods for the 
AS65 Assembler for R6502 [1.42].                                     Page    4
---------------------------------- bank3.s -----------------------------------

0014 =                       KB_REP_DEL	= 20			; Number of VB periods before r
0002 =                       KB_DEBOUNCE	= 2				; Number of VB periods before 
                             
0001 =                       UTF_SOH		= 0x01
0003 =                       UTF_ETX		= 0x03			; Break character
0007 =                       UTF_BEL		= 0x07
0008 =                       CRSR_LEFT	= 0x08
0009 =                       CRSR_RIGHT	= 0x09
000a =                       CRSR_DOWN	= 0x0a
000b =                       CRSR_UP		= 0x0b
0006 =                       UTF_ACK		= 0x06			; Used for the copy key in this
000c =                       UTF_FF		= 0x0c
000d =                       UTF_CR		= 0x0d
0015 =                       UTF_NACK	= 0x15
0017 =                       UTF_ETB		= 0x17
001a =                       UTF_BRK		= 0x1a			; Debug - drop in to monitor
007f =                       UTF_DEL		= 0x7f
0020 =                       UTF_SPECIAL = 0x20
                             
                             ;* SD Card interface definitions
                             ;* The card is accessed through port B of VIA 2
0001 =                       SD_CLK		= 0x01			; Clock output to SD card
0004 =                       SD_CD		= 0x04			; Card detect input
0008 =                       SD_CS		= 0x08			; Card select output
0010 =                       SD_DI		= 0x10			; Data output from VIA to SD Card
0080 =                       SD_DO		= 0x80			; Data input to VIA from SD card
                             
0010 =                       SD_MOSI		= SD_DI
0080 =                       SD_MISO		= SD_DO
0480 =                       SD_REG		= IO_1+PRB
                             
0000 =                       CMD_ERR_NOERROR			= 0x00
0001 =                       CMD_ERR_NOTFOUND		= 0x01
0002 =                       CMD_ERR_PARM			= 0x02
0003 =                       CMD_ERR_VAL				= 0x03
                             
                             ;* Memory management definitions
                             ;* Y1,Y0 = ROM bank selection CIA1 PORTB
0080 =                       MM_Y1					= 0x80
0040 =                       MM_Y0					= 0x40
                             ;* X1,X0 = RAM bank selection CIA1 PORTB
0020 =                       MM_X1					= 0x20
0010 =                       MM_X0					= 0x10
                             ;* DIS = ROM disable *CIA2* PORTB
0020 =                       MM_DIS					= 0x20
                             
                             ;* Number formats for conversion routines
0000 =                       NUM_ANY		= 0x00
0001 =                       NUM_DEC		= 0x01
0002 =                       NUM_HEX		= 0x02
0003 =                       NUM_BIN		= 0x03
                             
                             	
                             ;* SD Card Master Boot Record (MBR) definitions
                             ;* The MBR contains the essential information
                             ;* needed to access the data on the card
                             ;* MBR is usually sector 0, but not always
                             ;* however the card I am using does work ok.
0000 =                       MBR_Code				=	0x0000
0003 =                       MBR_OEMName				=	0x0003
000b =                       MBR_BytesPerSect		=	0x000b
000d =                       MBR_SectPerClust		=	0x000d
AS65 Assembler for R6502 [1.42].                                     Page    5
---------------------------------- bank3.s -----------------------------------

000e =                       MBR_ResvSect			=	0x000e
0010 =                       MBR_FATCopies			=	0x0010
0011 =                       MBR_RootEntries			=	0x0011
0013 =                       MBR_SmlSect				=	0x0013
0015 =                       MBR_MediaDesc			=	0x0015
0016 =                       MBR_SectPerFAT			=	0x0016
0018 =                       MBR_SectPerTrk			=	0x0018
001a =                       MBR_NumHeads			=	0x001a
001c =                       MBR_NumHidSect			=	0x001c
0020 =                       MBR_NumSect				=	0x0020
0024 =                       MBR_DrvNum				=	0x0024
0026 =                       MBR_ExtSig				=	0x0026
0027 =                       MBR_SerNo				=	0x0027
002b =                       MBR_VolName				=	0x002b
0036 =                       MBR_FATName				=	0x0036
003e =                       MBR_ExeCode				=	0x003e
01c6 =                       MBR_BootPart1			=	(0x01be+0x08)
01fe =                       MBR_ExeMark				=	0x01fe
                             
                             ;* FAT16 definitions - these are offsets
                             ;* in to a FAT table entry which is
                             ;* 32 bytes in length.
0000 =                       	struct FATFileDesc
0000 =                       	ds FAT_Name,8
0008 =                       	ds FAT_Ext,3
000b =                       	ds FAT_Attr,1
000c =                       	ds FAT_Resv,1
000d =                       	ds FAT_Createms,1
000e =                       	ds FAT_CreateTime,2
0010 =                       	ds FAT_CreateDate,2
0012 =                       	ds FAT_AccessDate,2
0014 =                       	ds FAT_EAIndex,2
0016 =                       	ds FAT_ModTime,2
0018 =                       	ds FAT_ModDate,2
001a =                       	ds FAT_FirstClust,2
001c =                       	ds FAT_FileSize,4
                             	end struct
                             
                             ;* Flag to mark file as a directory
0010 =                       FAT_Attr_Dir			=	0x10
                             
                             ;* The FileHandle stucture is key to
                             ;* accessing the file system
0000 =                       	struct FileHandle
0000 =                       	ds FH_Name, 13				; 8 name, 3 extension, 1 separ
000d =                       	ds FH_Attr, 1				; What kind of file ** keep str
000e =                       	ds FH_Size, 4				; File size
0012 =                       	ds FH_CurrClust, 2			; Current cluster
0014 =                       	ds FH_SectCounter, 1		; Sector counter to know w
0015 =                       	ds FH_CurrSec, 4			; Current sector
0019 =                        	ds FH_Pointer, 4			; Pointer in to file for nex
001d =                       	ds FH_DirSect, 4			; Parent directory sector
0021 =                       	ds FH_DirOffset, 2			; Offset of this entry in t
0023 =                       	ds FH_FirstClust, 2			; First cluster of file da
0025 =                       	ds FH_LastClust, 2			; Last cluster accessed
0027 =                       	ds FH_TimeDate, 5			; Time-Date created (ms, tim
002c =                       	ds FH_FileMode, 1			; File mode (0=read, else wr
002d =                       	ds FH_FSpecPtr, 2			; Pointer to file spec being
                             	end struct
                             
0001 =                       FS_BLK_FLG_LOAD		 	= 	0x01		; On next byte, load 
0002 =                       FS_BLK_FLG_FLUSH		=	0x02		; Block has changed, ne
AS65 Assembler for R6502 [1.42].                                     Page    6
---------------------------------- bank3.s -----------------------------------

                             	
0001 =                       FS_ERR_EOF				=	0x01
                             
                             
                             ;* USEFUL MACROS HERE
                             
                             ;* Software break to throw errors
                             ;* use like this : SWBRK XX
                             ;* Where XX is the error code
                             SWBRK macro sig
                             	brk
                             	db sig
                             	endm
                             
                             _pushAXY macro
                             	pha
                             	phx
                             	phy
                             	endm
                             
                             _pullAXY macro
                             	ply
                             	plx
                             	pla
                             	endm
                             
                             _println macro msg
                             	_pushAXY
                             	ldx #lo(msg)
                             	lda #hi(msg)
                             	jsr io_print_line
                             	_pullAXY
                             	endm
                             
                             _println_low macro msg
                             	ldx #lo(msg)
                             	lda #hi(msg)
                             	jsr io_print_line
                             	endm
                             
                             _printmsgA macro msg
                             	phx
                             	phy
                             	pha
                             	ldx #lo(msg)
                             	lda #hi(msg)
                             	jsr io_print_line
                             	pla
                             	pha
                             	jsr str_a_to_x
                             	jsr _put_byte
                             	txa
                             	jsr _put_byte
                             	lda #UTF_CR
                             	jsr _put_byte
                             	pla
                             	ply
                             	plx
                             	endm
                             
                             _printA macro
                             	phx
AS65 Assembler for R6502 [1.42].                                     Page    7
---------------------------------- bank3.s -----------------------------------

                             	phy
                             	pha
                             	jsr str_a_to_x
                             	jsr _put_byte
                             	txa
                             	jsr _put_byte
                             	pla
                             	ply
                             	plx
                             	endm
                             
                             _printCRLF macro
                             	pha
                             	lda #UTF_CR
                             	jsr _put_byte
                             	pla
                             	endm
                             
                             _printC macro ch
                             	pha
                             	lda #ch
                             	jsr _put_byte
                             	pla
                             	endm
                             
                             _printCA macro
                             	pha
                             	jsr _put_byte
                             	pla
                             	endm
                             
                             _sendcmd macro cmd
                             	_pushAXY
                             	ldx #lo(cmd)
                             	lda #hi(cmd)
                             	jsr sd_sendcmd
                             	_pullAXY
                             	endm
                             
                             _incZPWord macro wordp
                             	inc wordp
                             	db	0xd0, 0x02
                             	inc wordp+1
                             	endm
                             
                             _decZPWord macro wordp
                             	pha
                             	sec
                             	lda wordp
                             	sbc #1
                             	sta wordp
                             	lda wordp+1
                             	sbc #0
                             	sta wordp+1
                             	pla
                             	endm
                             
                             _decZPWordA macro wordp
                             	sec
                             	lda wordp
                             	sbc #1
                             	sta wordp
AS65 Assembler for R6502 [1.42].                                     Page    8
---------------------------------- bank3.s -----------------------------------

                             	lda wordp+1
                             	sbc #0
                             	sta wordp+1
                             	endm
                             
                             _cpyZPWord macro worda,wordb
                             	lda worda
                             	sta wordb
                             	lda worda+1
                             	sta wordb+1
                             	endm
                             	
                             _addZPWord macro worda, wordb
                             	clc
                             	lda worda
                             	adc wordb
                             	sta worda
                             	lda worda+1
                             	adc wordb+1
                             	sta worda+1
                             	endm
                             
                             _subZPWord macro worda, wordb
                             	sec
                             	lda worda
                             	sbc wordb
                             	sta worda
                             	lda worda+1
                             	sbc wordb+1
                             	sta worda+1
                             	endm
                             	
                             _adcZPWord macro worda,const
                             	clc
                             	lda worda
                             	adc #const
                             	sta worda
                             	lda worda+1
                             	adc #0
                             	sta worda+1
                             	endm
                             
                             _adcZPByte macro worda, byte
                             	clc
                             	lda worda
                             	adc byte
                             	sta worda
                             	db 0x90, 0x02		; bcc 2
                             	inc worda+1
                             	endm
                             
                             _sbcZPByte macro worda, byte
                             	sec
                             	lda worda
                             	sbc byte
                             	sta worda
                             	db 0xb0, 0x02		; bcs 2
                             	inc worda+1
                             	endm
                             
                             _bcc macro skip
                             	db 0x90, skip
AS65 Assembler for R6502 [1.42].                                     Page    9
---------------------------------- bank3.s -----------------------------------

                             	endm
                             
                             _bcs macro skip
                             	db 0xb0, skip
                             	endm
                             
                             _df_ost_peekType macro
                             	ldy df_parmtop
                             	lda df_rtstck-1,y
                             	endm
                             
                             	include "inc\graph.i"
                             ;************************************************
                             ;*
                             ;*	BBC-128 HOMEBREW COMPUTER
                             ;*	Hardware and software design by @6502Nerd (Dol
                             ;*	Copyright 2014-20
                             ;*  Free to use for any non-commercial purpose su
                             ;*  appropriate credit of my authorship please!
                             ;*
                             ;*  GRAPH.I
                             ;*  This is the definition file for graphics, spe
                             ;*  The graphics screen handling module.  It is j
                             ;*  structure definition - but this structure is 
                             ;*  record the important attributes of a text scr
                             ;*  Needed because there is both a 40 and 32 colu
                             ;*  supported by the VDP, and the screens are not
                             ;*  same location.
                             ;*
                             ;************************************************
                             
0000 =                       	struct gr_screen
0000 =                       	dw gr_screen_start			; Start of screen memory in
0002 =                       	dw gr_screen_size			; Number of bytes screen occ
0004 =                       	db gr_screen_w				; Number of columns
0005 =                       	db gr_screen_h				; Number of rows
0006 =                       	db gr_cur_off				; Y offset of cursor image from
0007 =                       	db gr_cur_x					; Current X position of cursor
0008 =                       	db gr_cur_y					; Current Y position of cursor
0009 =                       	dw gr_cur_ptr				; VDP address of cursor
000b =                       	db gr_pixmode				; Pixel plot mode (0=Erase, 1=P
000c =                       	db gr_pixmask				; Pixel plot mask
000d =                       	db gr_pixcol				; Pixel colour
000e =                       	dw gr_geom_tmp				; One word of temp storage for
                             	end struct
                             	include "io\io.i"
                             ;************************************************
                             ;*
                             ;*	BBC-128 HOMEBREW COMPUTER
                             ;*	Hardware and software design by @6502Nerd (Dol
                             ;*	Copyright 2014-20
                             ;*  Free to use for any non-commercial purpose su
                             ;*  appropriate credit of my authorship please!
                             ;*
                             ;*  IO.I
                             ;*  Definitions file for the IO module.  The key 
                             ;*  used by the IO system is defined here.
                             ;*
                             ;************************************************
                             
                             ;* General IO structure allows the system to swap
                             ;* different IO devices by using indirect calls t
AS65 Assembler for R6502 [1.42].                                     Page   10
---------------------------------- bank3.s -----------------------------------

                             ;* the appropriate routines.
0000 =                       	struct io_struct
0000 =                       	ds	io_get_byte,	2			;* Address of get byte
0002 =                       	ds	io_put_byte,	2			;* Address of put byte
0004 =                       	ds	io_open_r,		2			;* Address of open file for r
0006 =                       	ds	io_open_w,		2			;* Address of open file for w
0008 =                       	ds	io_close_f,		2			;* Address of close file
000a =                       	ds	io_del_f,		2			;* Address of delete file
000c =                       	ds	io_ext1,		2			;* Address of extended function
000e =                       	ds	io_ext2,		2			;* Address of extended function
                             	end struct
                             	include "rtc\rtc.i"
                             ;************************************************
                             ;*
                             ;*	BBC-128 HOMEBREW COMPUTER
                             ;*	Hardware and software design by @6502Nerd (Dol
                             ;*	Copyright 2014-20
                             ;*  Free to use for any non-commercial purpose su
                             ;*  appropriate credit of my authorship please!
                             ;*
                             ;*  RTC.I
                             ;*  Definitions file for the RTC module.  The key
                             ;*  used by the real time clock is defined here.
                             ;*  It is a DS1288
                             ;*
                             ;************************************************
                             
0000 =                       RTC_SEC		= 0x00
0001 =                       RTC_SECA	= 0x01
0002 =                       RTC_MIN		= 0x02
0003 =                       RTC_MINA	= 0x03
0004 =                       RTC_HR		= 0x04
0005 =                       RTC_HRA		= 0x05
0006 =                       RTC_DOW		= 0x06
0007 =                       RTC_DAY		= 0x07
0008 =                       RTC_MTH		= 0x08
0009 =                       RTC_YR		= 0x09
000a =                       RTC_REGA	= 0x0a
000b =                       RTC_REGB	= 0x0b
000c =                       RTC_REGC	= 0x0c
000d =                       RTC_REGD	= 0x0d
                             
0080 =                       RTC_UIP		= 0x80
0040 =                       RTC_DV2		= 0x40
0020 =                       RTC_DV1		= 0x20
0010 =                       RTC_DV0		= 0x10
0080 =                       RTC_RS3		= 0x80
0040 =                       RTC_RS2		= 0x40
0020 =                       RTC_RS1		= 0x20
0010 =                       RTC_RS0		= 0x10
                             
0080 =                       RTC_SET		= 0x80
0040 =                       RTC_PIE		= 0x40
0020 =                       RTC_AIE		= 0x20
0010 =                       RTC_UIE		= 0x10
0080 =                       RTC_SQWE	= 0x80
0004 =                       RTC_DM		= 0x04
0002 =                       RTC_2412	= 0x02
0001 =                       RTC_DSE		= 0x01
                             
0080 =                       RTC_IRQF	= 0x80
0040 =                       RTC_PF		= 0x40
AS65 Assembler for R6502 [1.42].                                     Page   11
---------------------------------- bank3.s -----------------------------------

0020 =                       RTC_AF		= 0x20
0010 =                       RTC_UF		= 0x10
                             
0080 =                       RTC_VRT		= 0x80
                             
0600 =                       RTC_ADDR	= 0x600
0601 =                       RTC_DATA	= 0x601
                             
000e =                       NV_MODE     = 0x0e          ; Default boot up scr
000f =                       NV_COLOUR   = 0x0f          ; Default boot up col
                             
003f =                       NV_RAMSZ    = 63            ; Checksum byte in NV
                             	include "dflat\dflat.i"
                             ;************************************************
                             ;*
                             ;*	BBC-128 HOMEBREW COMPUTER
                             ;*	Hardware and software design by @6502Nerd (Dol
                             ;*	Copyright 2014-20
                             ;*  Free to use for any non-commercial purpose su
                             ;*  appropriate credit of my authorship please!
                             ;*
                             ;*  DFLAT.I
                             ;*  This is the main definitions file for dflat. 
                             ;*  definitions are in here to access the data st
                             ;*  used by dflat.
                             ;*
                             ;************************************************
                             
                             ;* Start dflat program memory
0cb6 =                       DF_PROGSTART=	mem_start
                             ;* This is the top of usable dflat memory plus 1
c000 =                       DF_MEMTOP	=	0xc000
                             
                             ;* Offset in to tokenised line of length and line
0000 =                       DFTK_LINLEN	=	0x00
0001 =                       DFTK_LINNUM	=	0x01
                             
                             ;* Flags for token, escape value for data types a
0080 =                       DFTK_TOKEN	=	0x80
0020 =                       DFTK_ESCVAL	=	0x20
0000 =                       DFTK_EOL	=	0x00
                             
                             ;* Numeric constants are encoded based on size an
                             ;* user representation.
                             ;* For example the decimal value 16 will be encod
                             ;* DFTK_INTDEC followed by the bytes 0 and 16 to 
                             ;* The same value in binary will be encoded as DF
                             ;* followed by the same 0 and 16 bytes.  This is 
                             ;* tokenised value to be displayed in original re
                             ;* So in the two examples, they will be shown as 
                             ;* '0x0010' respectively.
0000 =                       DFTK_CHR	=	0x00
0001 =                       DFTK_RESV1	=	0x01
0002 =                       DFTK_RESV2	=	0x02
0003 =                       DFTK_RESV3	=	0x03
0004 =                       DFTK_RESV4	=	0x04
0005 =                       DFTK_BYTDEC	=	0x05
0006 =                       DFTK_BYTHEX = 	0x06
0007 =                       DFTK_BYTBIN =	0x07
0008 =                       DFTK_RESV8	=	0x08
0009 =                       DFTK_INTDEC	=	0x09
000a =                       DFTK_INTHEX =	0x0a
AS65 Assembler for R6502 [1.42].                                     Page   12
---------------------------------- bank3.s -----------------------------------

000b =                       DFTK_INTBIN	=	0x0b
000c =                       DFTK_RESVC	=	0x0c
000d =                       DFTK_RESVD	=	0x0d
000e =                       DFTK_RESVE	=	0x0e
000f =                       DFTK_RESVF	=	0x0f
                             
                             ;* String constant, variable and procedure tokens
0010 =                       DFTK_STRLIT	=	0x10
0011 =                       DFTK_VAR	=	0x11
0012 =                       DFTK_PROC	=	0x12
001f =                       DFTK_STEND	=	0x1f
                             
                             ;* Qualifier for non-local parameters passed to a
0026 =                       DFTK_VARPARM=	'&'
                             
                             ;* Variable Value Table (VVT) definitions
                             ;* The VVT records the values of variables define
                             ;* the Variable Name Table (VNT).  When a variabl
                             ;* used, it is added to the VNT, and the position
                             ;* VNT is used as an index in to the VVT.
                             ;* Every VVT entry is 8 bytes - so the VNT index 
                             ;* shifted left 3 bits to get the VVT offset.
                             ;* The VNT grows from top of memory down, the VVT
                             ;* grows from start of VNT down.
                             
                             ;* Index in to each entry of the VVT
0000 =                       DFVVT_TYPE	=	0x00
0001 =                       DFVVT_LO	=	0x01
0002 =                       DFVVT_HI	=	0x02
0003 =                       DFVVT_DIM1	=	0x03
0004 =                       DFVVT_DIM2	=	0x04
0008 =                       DFVVT_SZ	=	0x08	;VVT is aligned to 8 byte blocks
                             
                             ;* The meaning of the DFVVT_TYPE entry
0001 =                       DFVVT_INT	=	0x01
0002 =                       DFVVT_BYT	=	0x02
0004 =                       DFVVT_STR	=	0x04
0008 =                       DFVVT_FLT	=	0x08
0040 =                       DFVVT_PROC	=	0x40
0080 =                       DFVVT_PTR	=	0x80
                             
                             ;* Flags indicating the meaning of a token
                             ;* A token has the top bit set (0x80), then the
                             ;* remaining bits indicate what it represents.
0001 =                       DFTK_KW		=	0x01
0002 =                       DFTK_FN		=	0x02
0004 =                       DFTK_STROP	=	0x04
0008 =                       DFTK_OP		=	0x08
0010 =                       DFTK_INT	=	0x10
0020 =                       DFTK_BYT	=	0x20
0040 =                       DFTK_STR	=	0x40
0080 =                       DFTK_FLT	=	0x80
0007 =                       DFTK_OPMSK	=	0x07
00f8 =                       DFTK_RTMSK	= 	0xf8
                             
                             ;* Defines what type of value is on the parameter
                             ;* All numerics are stored as INT, all STR
                             ;* are pointers to the actual string, thus
                             ;* all entries in the parmeter stack are 3 bytes
0003 =                       DFST_INT	=	DFVVT_INT|DFVVT_BYT
0004 =                       DFST_STR	=	DFVVT_STR
00ff =                       DFST_PTR	=	0xff
AS65 Assembler for R6502 [1.42].                                     Page   13
---------------------------------- bank3.s -----------------------------------

                             
                             ;* Token values of specific commands, used during
                             ;* command processing.
                             ;* ANY CHANGE TO THE ORDER OF KEYWORDS NEEDS TO R
0086 =                       DFRT_DEF	=	0x86
0087 =                       DFRT_ENDDEF	=	0x87
0088 =                       DFRT_RETURN	=	0x88
0089 =                       DFRT_ABORT	=	0x89
008c =                       DFRT_REPEAT	=	0x8c
008e =                       DFRT_FOR	=	0x8e
008f =                       DFRT_NEXT	=	0x8f
0090 =                       DFRT_WHILE	=	0x90
0091 =                       DFRT_WEND	=	0x91
0092 =                       DFRT_IF		=	0x92
0093 =                       DFRT_ELSE	=	0x93
0094 =                       DFRT_ENDIF	=	0x94
0095 =                       DFRT_ELSEIF	=	0x95
0096 =                       DFRT_DATA	=	0x96
0097 =                       DFRT_ASM	=	0x97
                             
                             _PushTrueJmp macro
                             	ldx #0xff
                             	txa
                             	jmp df_ost_pushInt
                             	endm
                             
                             _PushFalseJmp macro
                             	ldx #0x00
                             	txa
                             	jmp df_ost_pushInt
                             	endm
                             
                             	include "dflat\dflat.i"
                             ;************************************************
                             ;*
                             ;*	BBC-128 HOMEBREW COMPUTER
                             ;*	Hardware and software design by @6502Nerd (Dol
                             ;*	Copyright 2014-20
                             ;*  Free to use for any non-commercial purpose su
                             ;*  appropriate credit of my authorship please!
                             ;*
                             ;*  DFLAT.I
                             ;*  This is the main definitions file for dflat. 
                             ;*  definitions are in here to access the data st
                             ;*  used by dflat.
                             ;*
                             ;************************************************
                             
                             ;* Start dflat program memory
0cb6 =                       DF_PROGSTART=	mem_start
                             ;* This is the top of usable dflat memory plus 1
c000 =                       DF_MEMTOP	=	0xc000
                             
                             ;* Offset in to tokenised line of length and line
0000 =                       DFTK_LINLEN	=	0x00
0001 =                       DFTK_LINNUM	=	0x01
                             
                             ;* Flags for token, escape value for data types a
0080 =                       DFTK_TOKEN	=	0x80
0020 =                       DFTK_ESCVAL	=	0x20
0000 =                       DFTK_EOL	=	0x00
                             
AS65 Assembler for R6502 [1.42].                                     Page   14
---------------------------------- bank3.s -----------------------------------

                             ;* Numeric constants are encoded based on size an
                             ;* user representation.
                             ;* For example the decimal value 16 will be encod
                             ;* DFTK_INTDEC followed by the bytes 0 and 16 to 
                             ;* The same value in binary will be encoded as DF
                             ;* followed by the same 0 and 16 bytes.  This is 
                             ;* tokenised value to be displayed in original re
                             ;* So in the two examples, they will be shown as 
                             ;* '0x0010' respectively.
0000 =                       DFTK_CHR	=	0x00
0001 =                       DFTK_RESV1	=	0x01
0002 =                       DFTK_RESV2	=	0x02
0003 =                       DFTK_RESV3	=	0x03
0004 =                       DFTK_RESV4	=	0x04
0005 =                       DFTK_BYTDEC	=	0x05
0006 =                       DFTK_BYTHEX = 	0x06
0007 =                       DFTK_BYTBIN =	0x07
0008 =                       DFTK_RESV8	=	0x08
0009 =                       DFTK_INTDEC	=	0x09
000a =                       DFTK_INTHEX =	0x0a
000b =                       DFTK_INTBIN	=	0x0b
000c =                       DFTK_RESVC	=	0x0c
000d =                       DFTK_RESVD	=	0x0d
000e =                       DFTK_RESVE	=	0x0e
000f =                       DFTK_RESVF	=	0x0f
                             
                             ;* String constant, variable and procedure tokens
0010 =                       DFTK_STRLIT	=	0x10
0011 =                       DFTK_VAR	=	0x11
0012 =                       DFTK_PROC	=	0x12
001f =                       DFTK_STEND	=	0x1f
                             
                             ;* Qualifier for non-local parameters passed to a
0026 =                       DFTK_VARPARM=	'&'
                             
                             ;* Variable Value Table (VVT) definitions
                             ;* The VVT records the values of variables define
                             ;* the Variable Name Table (VNT).  When a variabl
                             ;* used, it is added to the VNT, and the position
                             ;* VNT is used as an index in to the VVT.
                             ;* Every VVT entry is 8 bytes - so the VNT index 
                             ;* shifted left 3 bits to get the VVT offset.
                             ;* The VNT grows from top of memory down, the VVT
                             ;* grows from start of VNT down.
                             
                             ;* Index in to each entry of the VVT
0000 =                       DFVVT_TYPE	=	0x00
0001 =                       DFVVT_LO	=	0x01
0002 =                       DFVVT_HI	=	0x02
0003 =                       DFVVT_DIM1	=	0x03
0004 =                       DFVVT_DIM2	=	0x04
0008 =                       DFVVT_SZ	=	0x08	;VVT is aligned to 8 byte blocks
                             
                             ;* The meaning of the DFVVT_TYPE entry
0001 =                       DFVVT_INT	=	0x01
0002 =                       DFVVT_BYT	=	0x02
0004 =                       DFVVT_STR	=	0x04
0008 =                       DFVVT_FLT	=	0x08
0040 =                       DFVVT_PROC	=	0x40
0080 =                       DFVVT_PTR	=	0x80
                             
                             ;* Flags indicating the meaning of a token
AS65 Assembler for R6502 [1.42].                                     Page   15
---------------------------------- bank3.s -----------------------------------

                             ;* A token has the top bit set (0x80), then the
                             ;* remaining bits indicate what it represents.
0001 =                       DFTK_KW		=	0x01
0002 =                       DFTK_FN		=	0x02
0004 =                       DFTK_STROP	=	0x04
0008 =                       DFTK_OP		=	0x08
0010 =                       DFTK_INT	=	0x10
0020 =                       DFTK_BYT	=	0x20
0040 =                       DFTK_STR	=	0x40
0080 =                       DFTK_FLT	=	0x80
0007 =                       DFTK_OPMSK	=	0x07
00f8 =                       DFTK_RTMSK	= 	0xf8
                             
                             ;* Defines what type of value is on the parameter
                             ;* All numerics are stored as INT, all STR
                             ;* are pointers to the actual string, thus
                             ;* all entries in the parmeter stack are 3 bytes
0003 =                       DFST_INT	=	DFVVT_INT|DFVVT_BYT
0004 =                       DFST_STR	=	DFVVT_STR
00ff =                       DFST_PTR	=	0xff
                             
                             ;* Token values of specific commands, used during
                             ;* command processing.
                             ;* ANY CHANGE TO THE ORDER OF KEYWORDS NEEDS TO R
0086 =                       DFRT_DEF	=	0x86
0087 =                       DFRT_ENDDEF	=	0x87
0088 =                       DFRT_RETURN	=	0x88
0089 =                       DFRT_ABORT	=	0x89
008c =                       DFRT_REPEAT	=	0x8c
008e =                       DFRT_FOR	=	0x8e
008f =                       DFRT_NEXT	=	0x8f
0090 =                       DFRT_WHILE	=	0x90
0091 =                       DFRT_WEND	=	0x91
0092 =                       DFRT_IF		=	0x92
0093 =                       DFRT_ELSE	=	0x93
0094 =                       DFRT_ENDIF	=	0x94
0095 =                       DFRT_ELSEIF	=	0x95
0096 =                       DFRT_DATA	=	0x96
0097 =                       DFRT_ASM	=	0x97
                             
                             _PushTrueJmp macro
                             	ldx #0xff
                             	txa
                             	jmp df_ost_pushInt
                             	endm
                             
                             _PushFalseJmp macro
                             	ldx #0x00
                             	txa
                             	jmp df_ost_pushInt
                             	endm
                             
                             	include "dflat\error.i"
                             ;************************************************
                             ;*
                             ;*	BBC128
                             ;*	Dolo Miah (@6502Nerd)
                             ;*	Copyright (c) 2020
                             ;*  Free to use for any non-commercial purpose su
                             ;*  credit of original my authorship please!
                             ;*
                             ;*  ERROR.I
AS65 Assembler for R6502 [1.42].                                     Page   16
---------------------------------- bank3.s -----------------------------------

                             ;*  Error definitions file.
                             ;*  The macro to throw an error is elswhere, but 
                             ;*  It issues a 6502 BRK commmand with the next b
                             ;*  the error code.  The BRK handler then picks u
                             ;*  code and shows the appropriate message plus a
                             ;*  number if a program was running.
                             ;*
                             ;************************************************
                             
                             	; ROM code
                             	code  
                             
                             ; Error message numbers
0000 =                       DFERR_OK		=	0
0001 =                       DFERR_SYNTAX	=	1
0002 =                       DFERR_TYPEMISM	=	2
0003 =                       DFERR_DIM		=	3
0004 =                       DFERR_UNTIL		=	4
0005 =                       DFERR_NOPROC	=	5
0006 =                       DFERR_PROCPARM	=	6
0007 =                       DFERR_IMMEDIATE	=	7
0008 =                       DFERR_UNCLOSEDIF=	8
0009 =                       DFERR_NOIF		=	9
000a =                       DFERR_NEXTFOR	=	10
000b =                       DFERR_FNAME		=	11
000c =                       DFERR_STRLONG	=	12
000d =                       DFERR_BREAK		=	13
000e =                       DFERR_NODATA	=	14
000f =                       DFERR_WEND		=	15
0010 =                       DFERR_NOLINE	=	16
0011 =                       DFERR_RETURN	=	17
0012 =                       DFERR_ABORT		=	18
0013 =                       DFERR_QUANTITY	=	19
0014 =                       DFERR_NOORG		=	20
                             
                             
                             
                             	include "bank\bank.i"
c000 =                       bankjsr_nul_addr	=	0xc000
0000 =                       bankjsr_nul_bank	=	0x00
003f =                       ROM_ZMASK			=	0x3f
00cf =                       RAM_ZMASK			=	0xcf
                             
                             _bankjsr	macro	addr,bank
                             	; Save A
                             	sta tmp_bank1
                             	
                             	; Save current bank
                             	lda bank_num
                             	pha
                             	
                             	; Switch to new bank
                             	lda IO_0+PRB
                             	and #ROM_ZMASK
                             	ora #(bank^3) << 6			; Shift left 6 bits
                             	sta IO_0+PRB
                             
                             	; Restore A
                             	lda tmp_bank1
                             	; JSR to the routine
                             	jsr addr
                             	
AS65 Assembler for R6502 [1.42].                                     Page   17
---------------------------------- bank3.s -----------------------------------

                             	jmp _restore_bank
                             	; 62 clock cycles inc restore vs 6 for a near js
                             
                             	endm
                             	
                             _bankram macro bank
                             	pha
                             	lda IO_0+PRB
                             	and #RAM_ZMASK
                             	ora #bank << 4
                             	sta IO_0+PRB
                             	pla
                             	endm
                             	
                             _bankram_fast macro bank
                             	lda IO_0+PRB
                             	and #RAM_ZMASK
                             	ora #bank << 4
                             	sta IO_0+PRB
                             	endm
                             	
                             
                             	include "kernel\zeropage.i"
                             ;************************************************
                             ;*
                             ;*	BBC-128 HOMEBREW COMPUTER
                             ;*	Hardware and software design by @6502Nerd (Dol
                             ;*	Copyright 2014-20
                             ;*  Free to use for any non-commercial purpose su
                             ;*  appropriate credit of my authorship please!
                             ;*
                             ;*  ZEROPAGE.I
                             ;*  This module name is misleading it is not only
                             ;*  allocations, but also page 2, 3, 4, 5, 6, 7 a
                             ;*  Basically, this module defines:
                             ;*  - All zero page variables for system and dfla
                             ;*  - Page 1 is stack so no need to worry about t
                             ;*  - Page 2 is the serial IO buffer for the 6551
                             ;*  - Page 3 and 4 is a 512 buffer for SD card se
                             ;*  - Page 5 onwards is mainly for dflat working 
                             ;*    but also non-zero page storage for general 
                             ;*    system and scratch usage.
                             ;*  memstart is a handy label that indicates the 
                             ;*  location that we can store dflat programs fro
                             ;*  Zero page is a valuable asset as the 6502 can
                             ;*  this page one cycle quicker than the rest of 
                             ;*  and infact some addressing modes can only use
                             ;*  Due to the value of zero page, a lot of syste
                             ;*  dflat variables are put here.  But we don't h
                             ;*  luxury for single use variables - so you will
                             ;*  see a lot of temporary sounding names which a
                             ;*  have multiple used across the code base.
                             ;*
                             ;************************************************
                             
                             	; Zero page declarations
                             	bss
0000 =                       	org 0x0000
                             
0000 =                       tmp_bank1	ds	1		; Temp storage ONLY FOR USE BY BA
0001 =                       tmp_bank2	ds	1		; Temp storage ONLY FOR USE BY BA
                             
AS65 Assembler for R6502 [1.42].                                     Page   18
---------------------------------- bank3.s -----------------------------------

                             ; Serial FIFO buffer pointers
0002 =                       ser_first	ds	1		; Pointer to first byte in buffer
0003 =                       ser_last	ds	1		; Pointer to last byte in buffer
                             ; VDP parameters
0004 =                       vdp_int_cnt	ds  2		; VDP interrupt counter
0006 =                       vdp_curoff	ds	1		; Cursor off (0 = On)
0007 =                       vdp_curstat	ds	1		; Cursor status
0008 =                       vdp_curval	ds	1		; Cursor value on screen
0009 =                       vdp_blank	ds	1		; Screen blank value normally 32
000a =                       vdp_delay	ds	1		; Delay counter for VRAM access
                             
                             ; vdp settings
000b =                       vdp_base	ds	vdp_addr_struct
                             
                             ; Screen geometry
0017 =                       gr_scrngeom	ds	gr_screen
                             
                             ;Keyboard parameters
0027 =                       kb_raw  	ds	1		; Raw keyboard code
0028 =                       kb_last		ds	1		; Raw code of last key
0029 =                       kb_code 	ds	1		; Converted keyboard code
002a =                       kb_stat		ds	1		; Keyboard status for caps and shi
002b =                       kb_deb		ds	1		; VB periods since last KB spike
002c =                       kb_rep		ds	1		; Keyboard repeat timer
002d =                       kb_rep_tim 	ds	1		; Default repeat speed
002e =                       kb_rep_del 	ds	1		; Default repeat delay timing
002f =                       kb_debounce ds	1		; Default repeat debounce
0030 =                       kb_pressed	ds	1		; Set by the interrupt handler i
                             
0031 =                       tmp_c		ds	2		; Temp address c
0033 =                       tmp_v1		ds	2		; VDP temp addresses
0035 =                       tmp_a		ds	2		; Temp storage a
0037 =                       tmp_b 		ds	2		; Temp address b
0039 =                       tmp_d		ds	2		; Temp storage d
                             
                             ; Raw input/output parameters
003b =                       buf_adr		ds	2		; Line buffer address
003d =                       buf_sz		ds	1		; Buffer size
003e =                       buf_ef		ds	1		; End file / line marker
                             
                             ; SD card driver parameters
003f =                       sd_status	ds	1		; SD card status
0040 =                       sd_slo		ds	1		; Sector pointer low
0041 =                       sd_shi		ds	1		; Sector pointer high
0042 =                       sd_sect		ds	4		; SD Card sector address
0046 =                       sd_addr		ds	4		; SD Card byte address
                             
                             ; File system zp parameters
004a =                       fh_handle	ds	FileHandle ; File handle parameters
                             
                             ; ** Integer function storage **
0079 =                       ztmp_16					; Start of 16 byte scratch area (all 
0079 =                       num_a		ds	4		; 4 byte primary accumulator
007d =                       num_b		ds	4		; 4 byte secondary accumulator
0081 =                       num_x		ds	4		; 4 byte x register
0085 =                       num_tmp		ds	4		; 4 byte temp space
0089 =                       num_buf		ds	8		; 8 byte string buffer
                             
                             ;
                             ; **** INTERPRETER ZERO PAGE ****
                             ;
0091 =                       dflat_zp_s
AS65 Assembler for R6502 [1.42].                                     Page   19
---------------------------------- bank3.s -----------------------------------

0091 =                       dflat_zp_save_s			; ZP save dflat from here
0091 =                       df_checkkey	ds	1		; Key check interval counter
0092 =                       df_checkmsk	ds	1		; Mask for check key
0093 =                       errno		ds	1		; General error condition status
0094 =                       df_immed	ds	1		; Immediate mode (0 = not immediat
0095 =                       df_sp		ds	1		; Stack pointer after error to resto
0096 =                       df_pc		ds	2		; PC after error to return to
0098 =                       df_brkpc	ds	2		; PC pushed on the stack for BRK
009a =                       df_brkval	ds	1		; Byte after BRK instruction
009b =                       df_prgstrt	ds	2		; Start of program code
009d =                       df_prgend	ds	2		; End of program code
009f =                       df_vntstrt	ds	2		; Variable name table start
00a1 =                       df_vntend	ds	2		; Variable name table end
00a3 =                       df_vvtstrt	ds	2		; Variable value table start
00a5 =                       df_vvtend	ds	2		; Variable value table end
00a7 =                       df_varcnt	ds	1		; Variable counter
00a8 =                       df_starstrt	ds	2		; String and array table start
00aa =                       df_starend	ds	2		; String and array table end
00ac =                       df_rtstop	ds	1		; Runtime stack pointer
00ad =                       df_parmtop	ds	1		; Top of parameter stack (grows 
00ae =                       df_strbuff	ds	1		; String expression buffer
00af =                       df_stridx	ds	1		; Top of string buffer (grows dow
00b0 =                       df_sevalptr	ds	2		; Pointer to next free char in 
                             
00b2 =                       df_linoff	ds	1		; Offset in to line buffer
00b3 =                       df_tokoff	ds	1		; Offset in to tokenised buffer
00b4 =                       df_eolidx	ds	1		; End of line index (i.e length)
00b5 =                       df_nxtstidx	ds	1		; Offset to the next statement 
00b6 =                       df_curstidx	ds	1		; Offset to the start of curren
00b7 =                       df_symtab	ds	2		; Pointer to next free symtab ent
00b9 =                       df_symoff	ds	1		; Offset in to token table
00ba =                       df_symini	ds	2		; Start of symtab
00bc =                       df_currlin	ds	2		; Execution current line pointer
00be =                       df_exeoff	ds	1		; Execution line buffer offset
00bf =                       df_nextlin	ds	2		; Next line to execute
00c1 =                       df_procmode	ds	1		; Only used during tokenisation
00c2 =                       df_procargs	ds	1		; Only used during tokenisation
00c3 =                       df_procloc	ds	1		; Counts the number of local par
00c4 =                       df_procptr	ds	2		; Pointer to proc vvt slot
00c6 =                       df_lineptr	ds	2		; Pointer to line during searche
00c8 =                       df_lineidx	ds	1		; Pointer to line index during s
00c9 =                       df_ifnest	ds	1		; Global nested if counter
00ca =                       df_currdat	ds	2		; Data current line pointer
00cc =                       df_datoff	ds	1		; Data line buffer offset
00cd =                       df_rnd		ds	2		; Random number seed
                             
00cf =                       df_asmpc	ds	2		; Assembler program counter
00d1 =                       df_asmopt	ds	1		; Assembler current option
00d2 =                       df_asmadmd	ds	1		; Addressing mode
00d3 =                       df_asmopcde	ds	1		; Current opcode
00d4 =                       df_asmoprnd	ds	2		; Current operand
00d6 =                       df_asmlen	ds	1		; Instruction length
                             
00d7 =                       dflat_zp_save_e			; Save up to this place
                             
                             ; Temp space for dflat
00d7 =                       df_tmpptra	ds	2		; Temp pointer a
00d9 =                       df_tmpptrb	ds	2		; Temp pointer b
00db =                       df_tmpptrc	ds	2		; Temp pointer c
00dd =                       df_tmpptrd	ds	2		; Temp pointer d
00df =                       df_tmpptre	ds	2		; Temp pointer e
                             
AS65 Assembler for R6502 [1.42].                                     Page   20
---------------------------------- bank3.s -----------------------------------

                             
                             ;***** END OF ZERO PAGE *****
00e1 =                       _end_zero_page
                             
                             ;***** Page 1 is CPU stack ****
0100 =                       	org 0x0100
0100 =                       _cpu_stack
0100 =                       			ds	256		; All of page 1
                             
                             ;***** Page 2 and 3 is SD card buffer
0200 =                       	org 0x0200			; SD Card data buffer 512 bytes
0200 =                       sd_buf		ds	512
                             
                             ;***** Page 4,5,6,7 is IO space
0400 =                       	org 0x0400
0400 =                       			ds	1024	; 1 k area divided in to 8x128 byte de
                             
                             
                             ;***** Page 8 is serial buffer *****
0800 =                       	org 0x0800
0800 =                       ser_buf		ds	256		; Serial input / output line buf
                             
                             ;***** Scratch area, used by many things - do not
                             ; string and numeric expression evaluation, scree
0900 =                       	org 0x0900
0900 =                       scratch		ds	256
                             
                             ;***** Dflat space *****
0a00 =                       	org 0x0a00			; Page 9 = dflat space
0a00 =                       df_linbuff
0a00 =                       df_raw		ds	128		; untokenised input line
0a80 =                       df_tokbuff
0a80 =                       df_tok		ds 	128		; tokenised output line
                             
0b00 =                       	org 0x0b00			; Page 10 = fixed space for runtime
0b00 =                       df_rtstck				; operator stack grows up, runtime g
0b00 =                       df_rtspace	ds	256
                             
                             ;***** NON-ZERO PAGE VARIABLES *****
                             
0c00 =                       	org 0x0c00			; Page 11 = non-zero page variables
                             ; Interrupt routine addresses
0c00 =                       int_nmi		 ds 2		; Master NMI handler
0c02 =                       int_irq		 ds	2		; Master IRQ handler
0c04 =                       int_brk		 ds	2		; Master BRK handler
0c06 =                       int_uservdp	 ds	2		; Where to jump for VDP interr
0c08 =                       int_usercia0 ds	2		; Where to jump for CIA0 inter
0c0a =                       int_usercia1 ds	2		; Where to jump for CIA1 inter
                             
                             ; Self-modifying code or code that needs to run w
0c0c =                       ram_code	ds  64		; 64 bytes of RAM code space
0c4c =                       pt3_int		ds	1		; =1 when PT3 interrupt routine is
                             
                             
                             ; Active IO device settings
0c4d =                       io_default	ds	1		; The default device number - es
                             ; Copy of jump tables to active device io routine
0c4e =                       io_block	ds	io_struct
                             
                             ; Copy of FAT16 directory
0c5e =                       fs_direntry	ds	FATFileDesc ; copy of dir entry - 
                             
AS65 Assembler for R6502 [1.42].                                     Page   21
---------------------------------- bank3.s -----------------------------------

                             ; Filesystem parameters
0c7e =                       fs_bootsect	ds	4		; Start of partition (usually 0
0c82 =                       fs_fatsect	ds	4		; Start of FAT tables
0c86 =                       fs_rootsect	ds	4		; Start of Root Directory
0c8a =                       fs_datasect	ds	4		; Start of Data Area
0c8e =                       fs_dirsect	ds	4		; Current directory sector numbe
0c92 =                       fs_dirclust	ds	2		; Current directory cluster num
                             
                             ; Working and scratch for filesystem - some data 
0c94 =                       fs_scratch	ds	32		; 32 bytes should be more than 
                             
                             ; Dflat top of memory+1 - normally initialised to
0cb4 =                       df_memtop	ds	2
                             
                             ;***** THIS IS THE START OF FREE SPACE for DFLAT 
0cb6 =                       mem_start
                             
                             
                             
                             
                             ;****************************************
                             ;*	Set 6502 default vectors	*
                             ;****************************************
                             	data				; Set vectors
fffa =                       	org 0xfffa			; Vectors lie at addresses
fffa : 4ac7                  	fcw call_nmi_master	; 0xfffa : NMI Vector
fffc : 67cb                  	fcw init			; 0xfffc : Reset Vector
fffe : 87c7                  	fcw call_irq_master	; 0xfffe : IRQ Vector
                             	
                             	; ROM code
                             	code				;  
c000 =                       	org 0xc000			; Start of ROM
                             
                             	; The bank number is hardwired and aligned to PB
c000 :                       bank_num
                             	if BANK0
                             	  db 192
                             	endif
                             	if BANK1
                             	  db 128
                             	endif
                             	if BANK2
                             	  db 64
                             	endif
                             	if BANK3
c000 : 00                    	  db 0
                             	endif
                             
c001 :                       _code_start
                             	; Restore current bank always at address c001
c001 :                       _OSVectors
                             	include "kernel\osvec.s"
                             ;************************************************
                             ;*
                             ;*	BBC-128 HOMEBREW COMPUTER
                             ;*	Hardware and software design by @6502Nerd (Dol
                             ;*	Copyright 2014-20
                             ;*  Free to use for any non-commercial purpose su
                             ;*  appropriate credit of my authorship please!
                             ;*
                             ;*  OSVEC.S
                             ;*  Simply this is a bunch of JMP XXXX the order 
AS65 Assembler for R6502 [1.42].                                     Page   22
---------------------------------- bank3.s -----------------------------------

                             ;*  will always be maintained.  This is to allow 
                             ;*  code programs to be able to rely on fixed loc
                             ;*  some key low-level functions.
                             ;*  Only low level functions are needed, the idea
                             ;*  as the assembler is part of the BASIC, one ca
                             ;*  level slow stuff using BASIC then switch to M
                             ;*  speed up.
                             ;*  This code goes straight after the bank number
                             ;*  Each JMP is at 0xc001+3*(vector #)
                             ;*
                             ;************************************************
                             
c001 : 4c93c5           [ 3] 	jmp	io_put_ch			; Vec 0
c004 : 4c90c5           [ 3] 	jmp io_get_ch			; Vec 1
c007 : 4c23c6           [ 3] 	jmp vdp_wr_reg			; Vec 2
c00a : 4c5dc6           [ 3] 	jmp vdp_poke			; Vec 3
c00d : 4c6ac6           [ 3] 	jmp vdp_peek			; Vec 4
c010 : 4cccc6           [ 3] 	jmp snd_get_joy0		; Vec 5
c013 : 4c74c6           [ 3] 	jmp snd_set				; Vec 6
c016 : 4c30c6           [ 3] 	jmp vdp_wr_addr			; Vec 7
c019 : 4c48c6           [ 3] 	jmp	vdp_rd_addr			; Vec 8
c01c : 4c9bc6           [ 3] 	jmp snd_get				; Vec 9
c01f :                       _restore_bank
                             	; Save A
c01f : 8500             [ 3] 	sta tmp_bank1
                             	; Get old bank from stack
c021 : 68               [ 4] 	pla
c022 : 8501             [ 3] 	sta tmp_bank2
c024 : ad0004           [ 4] 	lda IO_0+PRB
c027 : 293f             [ 2] 	and #ROM_ZMASK
c029 : 0501             [ 3] 	ora tmp_bank2
c02b : 8d0004           [ 4] 	sta IO_0+PRB
                             	
                             	; Restore A
c02e : a500             [ 3] 	lda tmp_bank1
                             
c030 : 60               [ 6] 	rts
                             
                             	; include cross-bank functions (see extern.mak)
                             	include "bank\autogen.s"	
                             ;
c031 :                       mod_sz_autogen_s
c031 :                       _df_init
                              _bankjsr $f330, 1
                             
c049 :                       _df_pg_dflat
                              _bankjsr $d85c, 1
                             
c061 :                       _fs_chdir_w
                              _bankjsr $d5ca, 2
                             
c079 :                       _fs_mkdir_w
                              _bankjsr $d65d, 2
                             
c091 :                       _fs_delete_w
                              _bankjsr $d566, 2
                             
c0a9 :                       _fs_close_w
                              _bankjsr $d525, 2
                             
c0c1 :                       _fs_get_byte_w
                              _bankjsr $d242, 2
AS65 Assembler for R6502 [1.42].                                     Page   23
---------------------------------- bank3.s -----------------------------------

                             
c0d9 :                       _fs_open_read_w
                              _bankjsr $d411, 2
                             
c0f1 :                       _fs_open_write_w
                              _bankjsr $d4d5, 2
                             
c109 :                       _fs_put_byte_w
                              _bankjsr $d39e, 2
                             
c121 :                       _fs_dir_find_entry_w
                              _bankjsr $d085, 2
                             
c139 :                       _fs_dir_entry_next_w
                              _bankjsr $d0bb, 2
                             
c151 :                       _fs_dir_root_start_w
                              _bankjsr $d040, 2
                             
c169 :                       _ser_get_byte
                              _bankjsr $d26f, 0
                             
c181 :                       _ser_put_byte
                              _bankjsr $d284, 0
                             
c199 :                       _gr_get_key
                              _bankjsr $e390, 0
                             
c1b1 :                       _gr_put_byte
                              _bankjsr $e39d, 0
                             
c1c9 :                       _gr_init_screen
                              _bankjsr $de59, 0
                             
c1e1 :                       _init_acia
                              _bankjsr $d291, 0
                             
c1f9 :                       _init_cia0
                              _bankjsr $d21c, 0
                             
c211 :                       _init_cia1
                              _bankjsr $d24d, 0
                             
c229 :                       _init_fs
                              _bankjsr $cf1d, 2
                             
c241 :                       _init_sdcard
                              _bankjsr $cc17, 2
                             
c259 :                       _init_snd
                              _bankjsr $d65f, 0
                             
c271 :                       _init_keyboard
                              _bankjsr $d2a8, 0
                             
c289 :                       _kb_read_raw
                              _bankjsr $d2b7, 0
                             
c2a1 :                       _kb_read_dip
                              _bankjsr $d322, 0
                             
c2b9 :                       _command_line
AS65 Assembler for R6502 [1.42].                                     Page   24
---------------------------------- bank3.s -----------------------------------

                              _bankjsr $cc20, 0
                             
c2d1 :                       _gr_cls
                              _bankjsr $de6c, 0
                             
c2e9 :                       _gr_init_hires
                              _bankjsr $de16, 0
                             
c301 :                       _gr_line
                              _bankjsr $e1ca, 0
                             
c319 :                       _gr_box
                              _bankjsr $e00a, 0
                             
c331 :                       _gr_circle
                              _bankjsr $e115, 0
                             
c349 :                       _gr_plot
                              _bankjsr $ded7, 0
                             
c361 :                       _gr_hchar
                              _bankjsr $df15, 0
                             
c379 :                       _gr_point
                              _bankjsr $dfbb, 0
                             
c391 :                       _gr_get
                              _bankjsr $def2, 0
                             
c3a9 :                       _gr_set_cur
                              _bankjsr $defa, 0
                             
c3c1 :                       _snd_get_note
                              _bankjsr $d658, 0
                             
c3d9 :                       _vdp_peek
                              _bankjsr $c66a, 0
                             
c3f1 :                       _vdp_poke
                              _bankjsr $c65d, 0
                             
c409 :                       _vdp_init
                              _bankjsr $dc00, 0
                             
c421 :                       _rtc_init
                              _bankjsr $d47e, 0
                             
c439 :                       _rtc_gettimedate
                              _bankjsr $d5e4, 0
                             
c451 :                       _rtc_setdatetime
                              _bankjsr $d535, 0
                             
c469 :                       _rtc_nvread
                              _bankjsr $d64f, 0
                             
c481 :                       _rtc_nvwrite
                              _bankjsr $d637, 0
                             
c499 :                       _fs_dir_fhandle_str
                              _bankjsr $d671, 2
                             
AS65 Assembler for R6502 [1.42].                                     Page   25
---------------------------------- bank3.s -----------------------------------

c4b1 :                       _sd_sendcmd17
                              _bankjsr $cdef, 2
                             
c4c9 :                       _sd_sendcmd24
                              _bankjsr $ce68, 2
                             
c4e1 :                       _cmd_immediate
                              _bankjsr $cc17, 0
                             
c4f9 :                       _PT3INIT
                              _bankjsr $cc20, 3
                             
c511 :                       _PT3START
                              _bankjsr $cc17, 3
                             
c529 :                       _PT3PAUSE
                              _bankjsr $cc1a, 3
                             
c541 :                       _PT3RESUME
                              _bankjsr $cc1d, 3
                             
c559 :                       mod_sz_autogen_e
                             
                             	
c559 :                       mod_sz_kernel_s
                             
                             ;* Include all common code in the right order
                             	include "io\io.s"
                             ;************************************************
                             ;*
                             ;*	BBC-128 HOMEBREW COMPUTER
                             ;*	Hardware and software design by @6502Nerd (Dol
                             ;*	Copyright 2014-20
                             ;*  Free to use for any non-commercial purpose su
                             ;*  appropriate credit of my authorship please!
                             ;*
                             ;*  IO.S
                             ;*  General IO module.  Allows different IO devic
                             ;*  utilised transparently by the rest of the cod
                             ;*  Other code should use "io_" commands so that 
                             ;*  do not need to know what specific device is p
                             ;*  input and output capabilities.  On startup, t
                             ;*  examines the BBC DIP switch to decide whether
                             ;*  initialise the IO to serial through the ACIA 
                             ;*  the BBC keyboard for input with the VDP for o
                             ;*  Loading and saving files from the SD card is 
                             ;*  achieved by pointing to SD card get and put b
                             ;*  routines.
                             ;*
                             ;************************************************
                             
                             	; ROM code
                             	code
                             
c559 :                       mod_sz_io_s
                             
                             ;****************************************
                             ;* io_init
                             ;* Initialise the default device and make active
                             ;* No keys pressed = serial (default)
                             ;* F0 pressed = KB/VDP
                             ;* F1 pressed = Serial
AS65 Assembler for R6502 [1.42].                                     Page   26
---------------------------------- bank3.s -----------------------------------

                             ;* Keyboard and screen or serial port
                             ;* Output : None
                             ;* Regs affected : P, A
                             ;****************************************
c559 :                       io_init
c559 : a900             [ 2] 	lda #0				; Assume it's serial
c55b : 48               [ 3] 	pha
c55c : 20a1c2           [ 6] 	jsr _kb_read_dip	; Check DIPs if 0xff then assum
c55f : 2910             [ 2] 	and #0x10
c561 : d00b             [ 3] 	bne io_init_set_default
c563 : 2089c2           [ 6] 	jsr _kb_read_raw	; Check pressed key
c566 : e081             [ 2] 	cpx #0x81			; f1 key pressed (i.e. boot up in se
c568 : f004             [ 3] 	beq io_init_set_default
                             	; Else set to KB/screen for IO
c56a : 68               [ 4] 	pla
c56b : a901             [ 2] 	lda #1
c56d : 48               [ 3] 	pha
c56e :                       io_init_set_default
c56e : 68               [ 4] 	pla
c56f : 8d4d0c           [ 4] 	sta io_default
c572 : 4c75c5           [ 3] 	jmp io_set_default	; Activate the default device
                             
                             ;****************************************
                             ;* io_set_default, io_active_device
                             ;* Activate device based on default or A
                             ;* Input : A = Device number
                             ;* Output : None
                             ;* Regs affected : P, A
                             ;****************************************
c575 :                       io_set_default			; Entry point for default
c575 : ad4d0c           [ 4] 	lda io_default
c578 :                       io_active_device		; Entry point for A set
c578 : 0a               [ 2] 	asl	a				; x16 the Block number
c579 : 0a               [ 2] 	asl a
c57a : 0a               [ 2] 	asl a
c57b : 0a               [ 2] 	asl a
c57c : a8               [ 2] 	tay
c57d : a200             [ 2] 	ldx #0
                             	; Copy device settings to io block
c57f :                       io_copy_data
c57f : b9f3c5           [ 4] 	lda io_devices,y
c582 : 9d4e0c           [ 5] 	sta io_block,x
c585 : c8               [ 2] 	iny
c586 : e8               [ 2] 	inx
c587 : e010             [ 2] 	cpx #io_struct
c589 : d0f4             [ 3] 	bne io_copy_data
                             	
c58b : a90d             [ 2] 	lda #UTF_CR		; Line terminator is CR
c58d : 853e             [ 3] 	sta buf_ef
c58f : 60               [ 6] 	rts
                             
                             ;****************************************
                             ;* io_get_ch
                             ;* Get a char (wait forever or just check)
                             ;* Input : C = 1 for synchronous, 0 for async
                             ;* Output : A = Byte code, C = 0 means A is inval
                             ;* Regs affected : P, A
                             ;****************************************
c590 :                       io_get_ch
c590 : 6c4e0c           [ 6] 	jmp (io_block+io_get_byte)
                             	
                             
AS65 Assembler for R6502 [1.42].                                     Page   27
---------------------------------- bank3.s -----------------------------------

                             ;****************************************
                             ;* io_put_ch
                             ;* Put a char
                             ;* Input : A = char
                             ;* Regs affected : P, A
                             ;****************************************
c593 :                       io_put_ch
c593 : 6c500c           [ 6] 	jmp (io_block+io_put_byte)
                             	
                             ;****************************************
                             ;* io_open_read
                             ;* Open for reading
                             ;* Input : X,A = pointer to filename (zero termin
                             ;* Output : C=0 success
                             ;* Regs affected : All
                             ;****************************************
c596 :                       io_open_read
c596 : 6c520c           [ 6] 	jmp (io_block+io_open_r)
                             	
                             ;****************************************
                             ;* io_open_write
                             ;* Open for reading
                             ;* Input : X,A = pointer to filename (zero termin
                             ;* Output : C=0 success
                             ;* Regs affected : All
                             ;****************************************
c599 :                       io_open_write
c599 : 6c540c           [ 6] 	jmp (io_block+io_open_w)
                             
                             ;****************************************
                             ;* io_close
                             ;* Close a file
                             ;* Input : 
                             ;* Output : C=0 success
                             ;* Regs affected : All
                             ;****************************************
c59c :                       io_close
c59c : 6c560c           [ 6] 	jmp (io_block+io_close_f)
                             	
                             ;****************************************
                             ;* io_delete
                             ;* Delete a file
                             ;* Input : 
                             ;* Output : C=0 success
                             ;* Regs affected : All
                             ;****************************************
c59f :                       io_delete
c59f : 6c580c           [ 6] 	jmp (io_block+io_del_f)
                             	
                             ;****************************************
                             ;* io_read_line
                             ;* Read a line, terminated by terminating char or
                             ;* Input : buf_(sz/ef) : Address, Max size, end m
                             ;*		    X,A = destination (uses buf_adr)
                             ;*		    Y=max line length
                             ;* Output : Y = Line length C = Buffer limit reac
                             ;* Regs affected : None
                             ;****************************************
c5a2 :                       io_read_line
c5a2 : 863b             [ 3] 	stx buf_adr			; Save pointer to storage
c5a4 : 853c             [ 3] 	sta buf_adr+1
c5a6 : 843d             [ 3] 	sty buf_sz			; Max length
AS65 Assembler for R6502 [1.42].                                     Page   28
---------------------------------- bank3.s -----------------------------------

c5a8 : 08               [ 3] 	php					; Save echo state
c5a9 : a000             [ 2] 	ldy #0x00			; Starting at first byte
c5ab :                       io_get_line_byte
c5ab : 38               [ 2] 	sec					; Getting bytes synchronously
c5ac : 2090c5           [ 6] 	jsr io_get_ch		; Get a byte
c5af : b026             [ 3] 	bcs io_get_line_done; Got nothing then finish
c5b1 : 28               [ 4] 	plp					; Get echo state
c5b2 : 08               [ 3] 	php					; Instantly save it back
c5b3 : 900c             [ 3] 	bcc io_skip_echo	; Carry not set = don't echo
c5b5 : c97f             [ 2] 	cmp #UTF_DEL		; Delete?
c5b7 : d005             [ 3] 	bne io_do_echo
c5b9 : c000             [ 2] 	cpy #0				; Already at beginning?
c5bb : f004             [ 3] 	beq io_skip_echo	; Don't echo delete
c5bd : 88               [ 2] 	dey					; Else decrement length
c5be :                       io_do_echo
c5be : 2093c5           [ 6] 	jsr io_put_ch		; Echo it
c5c1 :                       io_skip_echo
c5c1 : c920             [ 2] 	cmp #UTF_SPECIAL	; Special character?
c5c3 : 9007             [ 3] 	bcc io_skip_special	; Skip if so (don't add to b
c5c5 : c97f             [ 2] 	cmp #UTF_DEL		; Don't proces DEL either
c5c7 : f003             [ 3] 	beq io_skip_special
c5c9 : 913b             [ 5] 	sta (buf_adr),y		; Save it
c5cb : c8               [ 2] 	iny					; Increase length
c5cc :                       io_skip_special
c5cc : c53e             [ 3] 	cmp buf_ef			; Is it the terminating char?
c5ce : f007             [ 3] 	beq io_get_line_done	; If yes then done
c5d0 : c43d             [ 3] 	cpy buf_sz			; Reached the buffer max size?
c5d2 : d0d7             [ 3] 	bne io_get_line_byte	; No, get another byte
c5d4 : 28               [ 4] 	plp					; Remember to pull echo state off stack
c5d5 : 38               [ 2] 	sec					; Yes, set carry flag
c5d6 : 60               [ 6] 	rts					; And done
c5d7 :                       io_get_line_done
c5d7 : a900             [ 2] 	lda #0
c5d9 : 913b             [ 5] 	sta (buf_adr),y		; Terminate with 0
c5db : 28               [ 4] 	plp					; Remember to pull echo state off stack
c5dc : 18               [ 2] 	clc					; Clear carry flag
c5dd : 60               [ 6] 	rts					; Fin
                             
                             ;****************************************
                             ;* io_print_line
                             ;* Print a line (when data is not already in seri
                             ;* Input : X = Address Lo, A = Address Hi
                             ;* Output : Y=number chars output
                             ;* Regs affected : All
                             ;****************************************
c5de :                       io_print_line
c5de : 48               [ 3] 	pha
                             
c5df : 8631             [ 3] 	stx tmp_c					; Store the string pointer
c5e1 : 8532             [ 3] 	sta tmp_c+1					; lo and hi
c5e3 : a000             [ 2] 	ldy #0						; Start at the beginning!
c5e5 :                       io_print_line_byte
c5e5 : b131             [ 5] 	lda (tmp_c),y				; Copy byte to
c5e7 : f006             [ 3] 	beq io_print_done			; If zero then done - print
c5e9 : 2093c5           [ 6] 	jsr io_put_ch				; Transmit
c5ec : c8               [ 2] 	iny
c5ed : d0f6             [ 3] 	bne io_print_line_byte		; Carry on until zero fo
c5ef :                       io_print_done
c5ef : 68               [ 4] 	pla
c5f0 : 60               [ 6] 	rts
                             
                             
AS65 Assembler for R6502 [1.42].                                     Page   29
---------------------------------- bank3.s -----------------------------------

                             ;*** Null operation just clc and return ***
c5f1 :                       io_null_op
c5f1 : 18               [ 2] 	clc
c5f2 : 60               [ 6] 	rts
                             	
                             ;* IO devices defined here
c5f3 :                       io_devices
                             ;* Device zero is the serial port
                             ;* only offers get and put
c5f3 :                       io_device0					; Serial device, input = Ser, outp
c5f3 : 69c1                  	dw	_ser_get_byte		; io_get_ch
c5f5 : 81c1                  	dw	_ser_put_byte		; io_put_ch
c5f7 : f1c5                  	dw	io_null_op			; io_open_r
c5f9 : f1c5                  	dw	io_null_op			; io_open_w
c5fb : f1c5                  	dw	io_null_op			; io_close_f
c5fd : f1c5                  	dw	io_null_op			; io_del_f
c5ff : f1c5                  	dw	io_null_op			; io_ext1
c601 : f1c5                  	dw	io_null_op			; io_ext2
                             ;* Device one is keyboard / screen
                             ;* only offers get and put
c603 :                       io_device1					; Default device, input = screen e
c603 : 99c1                  	dw	_gr_get_key			; io_get_ch
c605 : b1c1                  	dw	_gr_put_byte		; io_put_ch
c607 : f1c5                  	dw	io_null_op			; io_open_r
c609 : f1c5                  	dw	io_null_op			; io_open_w
c60b : f1c5                  	dw	io_null_op			; io_close_f
c60d : f1c5                  	dw	io_null_op			; io_del_f
c60f : f1c5                  	dw	io_null_op			; io_ext1
c611 : f1c5                  	dw	io_null_op			; io_ext2
                             ;* Device two is the file system on SD card
                             ;* Offers all IO functions
c613 :                       io_device2					; SD device, input = SD, output = 
c613 : c1c0                  	dw	_fs_get_byte_w		; io_get_ch
c615 : 09c1                  	dw	_fs_put_byte_w		; io_put_ch
c617 : d9c0                  	dw	_fs_open_read_w		; io_open_r
c619 : f1c0                  	dw	_fs_open_write_w	; io_open_w
c61b : a9c0                  	dw	_fs_close_w			; io_close_f
c61d : 91c0                  	dw	_fs_delete_w		; io_del_f
c61f : f1c5                  	dw	io_null_op			; io_ext1
c621 : f1c5                  	dw	io_null_op			; io_ext2
                             
c623 :                       mod_sz_io_e
                             
                             
                             	include "kernel\vdp-low.s"
                             ;************************************************
                             ;*
                             ;*	BBC-128 HOMEBREW COMPUTER
                             ;*	Hardware and software design by @6502Nerd (Dol
                             ;*	Copyright 2014-20
                             ;*  Free to use for any non-commercial purpose su
                             ;*  appropriate credit of my authorship please!
                             ;*
                             ;*  VDP-LOW.S
                             ;*  Low level VDP routines which will always be p
                             ;*  every ROM bank.  This is to ensure if IRQ nee
                             ;*  no slow bank switching is needed, but also to
                             ;*	OS vectored access to VDP routines for M/C fro
                             ;*
                             ;************************************************
                             
                             ;****************************************
AS65 Assembler for R6502 [1.42].                                     Page   30
---------------------------------- bank3.s -----------------------------------

                             ;* vdp_wr_reg
                             ;* Write to Register A the value X
                             ;* Input : A - Register Number, X - Data
                             ;* Output : None
                             ;* Regs affected : P
                             ;****************************************
c623 :                       vdp_wr_reg
c623 : 8e0105           [ 4] 	stx VDP_MODE1
                             ; Extra nop for fast CPU
c626 : ea               [ 2] 	nop
c627 : ea               [ 2] 	nop
c628 : 0980             [ 2] 	ora #0x80
c62a : 8d0105           [ 4] 	sta VDP_MODE1
c62d : 4980             [ 2] 	eor #0x80
c62f : 60               [ 6] 	rts
                             	
                             ;****************************************
                             ;* vdp_wr_addr
                             ;* Write to address in X (low) and A (high) - for
                             ;* Input : A - Address high byte, X - Address low
                             ;* Output : None
                             ;* Regs affected : P
                             ;****************************************
c630 :                       vdp_wr_addr
c630 : 8e0105           [ 4] 	stx VDP_MODE1
                             ; Extra nop for fast CPU
c633 : ea               [ 2] 	nop
c634 : ea               [ 2] 	nop
c635 : ea               [ 2] 	nop
c636 : 0940             [ 2] 	ora #0x40		; Required by VDP
c638 : 8d0105           [ 4] 	sta VDP_MODE1
c63b : 4940             [ 2] 	eor #0x40		; Undo that bit
c63d : 60               [ 6] 	rts
                             
                             
                             ;****************************************
                             ;* vdp_mem_wait
                             ;* Delay some time before a memory access,
                             ;* taking in to account mode 9918 needs up
                             ;* to 3.1uS for text mode, 8uS for graphics
                             ;* I and II
                             ;* @ 5.35Mhz	= 16 cycles for 3.1uS
                             ;*				= 43 cycles for 8uS
                             ;* Input : None
                             ;* Output : None
                             ;* Regs affected : None
                             ;****************************************
c63e :                       vdp_mem_wait
c63e : da               [ 3] 	phx								; 3
c63f : a60a             [ 3] 	ldx vdp_delay					; 3
c641 : f003             [ 3] 	beq vdp_mem_wait_end			; 3
c643 :                       vdp_mem_wait_loop
c643 : ca               [ 2] 	dex								; 2
c644 : d0fd             [ 3] 	bne	vdp_mem_wait_loop			; 3
c646 :                       vdp_mem_wait_end
c646 : fa               [ 4] 	plx								; 3
c647 : 60               [ 6] 	rts								; 6
                             	
                             ;****************************************
                             ;* vdp_rd_addr
                             ;* Set read address 
                             ;* Input : A - high, X - low 
AS65 Assembler for R6502 [1.42].                                     Page   31
---------------------------------- bank3.s -----------------------------------

                             ;* Output : None
                             ;* Regs affected : None
                             ;****************************************
c648 :                       vdp_rd_addr
c648 : 8e0105           [ 4] 	stx VDP_MODE1
                             ; These nops are needed for fast CPU
c64b : ea               [ 2] 	nop
c64c : ea               [ 2] 	nop
c64d : ea               [ 2] 	nop
c64e : 8d0105           [ 4] 	sta VDP_MODE1
c651 : 80eb             [ 3] 	bra vdp_mem_wait
                             	
                             ;****************************************
                             ;* vdp_rd_vram
                             ;* Read VRAM byte, result in A
                             ;* Input : None
                             ;* Output : A - Byte from VRAM
                             ;* Regs affected : P
                             ;****************************************
c653 :                       vdp_rd_vram
c653 : ad0005           [ 4] 	lda VDP_VRAM
c656 : 80e6             [ 3] 	bra vdp_mem_wait
                             	
                             ;****************************************
                             ;* vdp_wr_vram
                             ;* Write VRAM byte in A
                             ;* Input : A - Byte to write
                             ;* Output : None
                             ;* Regs affected : None
                             ;****************************************
c658 :                       vdp_wr_vram
c658 : 8d0005           [ 4] 	sta VDP_VRAM
c65b : 80e1             [ 3] 	bra vdp_mem_wait
                             	
                             ;****************************************
                             ;* vdp_poke
                             ;* Write VRAM byte in A, (YX)
                             ;* Input : A - Byte to write
                             ;*		   X = Low Address
                             ;*		   Y = High Address
                             ;* Output : None
                             ;* Regs affected : None
                             ;****************************************
c65d :                       vdp_poke
c65d : 08               [ 3] 	php
c65e : 48               [ 3] 	pha
c65f : 98               [ 2] 	tya
c660 : 78               [ 2] 	sei
c661 : 2030c6           [ 6] 	jsr vdp_wr_addr
c664 : 68               [ 4] 	pla
c665 : 2058c6           [ 6] 	jsr vdp_wr_vram
c668 : 28               [ 4] 	plp
c669 : 60               [ 6] 	rts
                             
                             ;****************************************
                             ;* vdp_peek
                             ;* Get VRAM byte in (AX)
                             ;*		   X = Low Address
                             ;*		   A = High Address
                             ;* Output : A = byte read
                             ;* Regs affected : None
                             ;****************************************
AS65 Assembler for R6502 [1.42].                                     Page   32
---------------------------------- bank3.s -----------------------------------

c66a :                       vdp_peek
c66a : 08               [ 3] 	php
c66b : 78               [ 2] 	sei
c66c : 2048c6           [ 6] 	jsr vdp_rd_addr
c66f : 2053c6           [ 6] 	jsr vdp_rd_vram
c672 : 28               [ 4] 	plp
c673 : 60               [ 6] 	rts
                             
                             	include "kernel\snd-low.s"
                             ;************************************************
                             ;*
                             ;*	BBC-128 HOMEBREW COMPUTER
                             ;*	Hardware and software design by @6502Nerd (Dol
                             ;*	Copyright 2014-20
                             ;*  Free to use for any non-commercial purpose su
                             ;*  appropriate credit of my authorship please!
                             ;*
                             ;*  SND-LOW.S
                             ;*  Low level sound routines which will always be
                             ;*  in every ROM bank.  Mainly to provide fast OS
                             ;*	access to VDP routines for M/C from BASIC
                             ;*
                             ;************************************************
                             
                             ;****************************************
                             ;* snd_set
                             ;* Set AY register X to value Y
                             ;* Input : X = Reg no, Y = Value
                             ;* Output : None
                             ;* Regs affected : None
                             ;****************************************
c674 :                       snd_set
c674 : 48               [ 3] 	pha
                             
c675 : a9ff             [ 2] 	lda #0xff				; Set Port A to output
c677 : 8d8304           [ 4] 	sta IO_1 + DDRA
                             
c67a : 8e8104           [ 4] 	stx SND_ADBUS			; Put X on the sound bus (X = re
                             
c67d : ad8004           [ 4] 	lda SND_MODE			; Need to preserve contents of ot
c680 : 29bd             [ 2] 	and #SND_DESELECT_MASK	; Mask off mode bits
c682 : 0942             [ 2] 	ora #SND_SELSETADDR		; Select AY mode to latch a
c684 : 8d8004           [ 4] 	sta SND_MODE			; This write will process the dat
                             
c687 : 29bd             [ 2] 	and #SND_DESELECT_MASK	; Mask off mode bits
c689 : 8d8004           [ 4] 	sta SND_MODE			; This write will deselect the AY
                             	
c68c : 8c8104           [ 4] 	sty SND_ADBUS			; Put Y on the sound bus (Y = va
c68f : 0902             [ 2] 	ora #SND_SELWRITE		; Select mode for writing dat
c691 : 8d8004           [ 4] 	sta SND_MODE			; This write will process the dat
                             	
c694 : 29bd             [ 2] 	and #SND_DESELECT_MASK	; Mask off mode bits
c696 : 8d8004           [ 4] 	sta SND_MODE			; This write will deselect the AY
                             
c699 : 68               [ 4] 	pla
                             	
c69a : 60               [ 6] 	rts
                             
                             ;****************************************
                             ;* snd_get
                             ;* Get AY register X to Y
                             ;* Input : X = Reg no
AS65 Assembler for R6502 [1.42].                                     Page   33
---------------------------------- bank3.s -----------------------------------

                             ;* Output : Y = Value
                             ;* Regs affected : None
                             ;****************************************
c69b :                       snd_get
c69b : 48               [ 3] 	pha
                             
c69c : a9ff             [ 2] 	lda #0xff				; Set Port A to output
c69e : 8d8304           [ 4] 	sta IO_1 + DDRA
                             
c6a1 : 8e8104           [ 4] 	stx SND_ADBUS			; Put X on the sound bus (X = re
                             
c6a4 : ad8004           [ 4] 	lda SND_MODE			; Need to preserve contents of ot
c6a7 : 29bd             [ 2] 	and #SND_DESELECT_MASK	; Mask off mode bits
c6a9 : 0942             [ 2] 	ora #SND_SELSETADDR		; Select AY mode to latch a
c6ab : 8d8004           [ 4] 	sta SND_MODE			; This write will process the dat
                             
c6ae : 29bd             [ 2] 	and #SND_DESELECT_MASK	; Mask off mode bits
c6b0 : 8d8004           [ 4] 	sta SND_MODE			; This write will deselect the AY
                             
c6b3 : a900             [ 2] 	lda #0x00				; Set Port A to input
c6b5 : 8d8304           [ 4] 	sta IO_1 + DDRA
                             
c6b8 : ad8004           [ 4] 	lda SND_MODE			; Need to preserve contents of ot
c6bb : 29bd             [ 2] 	and #SND_DESELECT_MASK	; Mask off mode bits
c6bd : 0940             [ 2] 	ora #SND_SELREAD		; Select mode for reading data
c6bf : 8d8004           [ 4] 	sta SND_MODE			; This write will process the dat
                             
c6c2 : ac8104           [ 4] 	ldy SND_ADBUS			; Get value in to Y
                             	
c6c5 : 29bd             [ 2] 	and #SND_DESELECT_MASK	; Mask off mode bits
c6c7 : 8d8004           [ 4] 	sta SND_MODE			; This write will deselect the AY
                             
c6ca : 68               [ 4] 	pla
                             	
c6cb : 60               [ 6] 	rts
                             
                             ;****************************************
                             ;* snd_get_joy0
                             ;* Return value of joystick 0
                             ;* Input : None
                             ;* Output : Y = Value
                             ;* Regs affected : X
                             ;****************************************
c6cc :                       snd_get_joy0
c6cc : 48               [ 3] 	pha
c6cd : 48               [ 3] 	pha
c6ce :                       snd_get_joy0_retry
c6ce : 7a               [ 4] 	ply
c6cf : a20f             [ 2] 	ldx #SND_REG_IOB		; Joystick is plugged in to IO
c6d1 : 209bc6           [ 6] 	jsr snd_get				; Get IOB, result in Y
c6d4 : 5a               [ 3] 	phy						; Put on stack
c6d5 : 209bc6           [ 6] 	jsr snd_get				; Get IOB, result in Y
c6d8 : 98               [ 2] 	tya
c6d9 : ba               [ 2] 	tsx						; Get stack pointer
c6da : dd0101           [ 4] 	cmp 0x101,x				; Compare with stack value
c6dd : d0ef             [ 3] 	bne snd_get_joy0_retry	; If not equal, try again
c6df : 68               [ 4] 	pla
c6e0 : 68               [ 4] 	pla
c6e1 : 60               [ 6] 	rts
                             
                             	include "kernel\main.s"
                             ;************************************************
AS65 Assembler for R6502 [1.42].                                     Page   34
---------------------------------- bank3.s -----------------------------------

                             ;*
                             ;*	BBC-128 HOMEBREW COMPUTER
                             ;*	Hardware and software design by @6502Nerd (Dol
                             ;*	Copyright 2014-20
                             ;*  Free to use for any non-commercial purpose su
                             ;*  appropriate credit of my authorship please!
                             ;*
                             ;*  MAIN.S
                             ;*  This is where the main user program is execut
                             ;*  the 'kernel' once the system is initialised a
                             ;*  Today, main does very little - first shows th
                             ;*  boot up message, and then passes control to d
                             ;*
                             ;************************************************
                             
                             	; ROM code
                             	code  
                             
c6e2 :                       main
                             
c6e2 :                       infinity
c6e2 : 2049c0           [ 6] 	jsr _df_pg_dflat
c6e5 : 4ce2c6           [ 3] 	jmp infinity
                             
c6e8 :                       msg_hello_world
                             	;* build.s is generated by the assemble.bat file
                             	;* all it does is echo an assembler line to
                             	;* including the build date in the message.
                             	include "kernel\build.s"
c6e8 : 4275696c64203a..       db "Build : 04-05-2026\r"
c6fb : 3132384b204272..       db "128K Breadboard Computer\r"
c714 : 42792040363530..       db "By @6502Nerd\r"
c721 : 436f7079726967..       db "Copyright (c) 2025\r",0
                             
                             
                             	include "kernel\irq.s"
                             	
                             ;************************************************
                             ;*
                             ;*	BBC-128 HOMEBREW COMPUTER
                             ;*	Hardware and software design by @6502Nerd (Dol
                             ;*	Copyright 2014-20
                             ;*  Free to use for any non-commercial purpose su
                             ;*  appropriate credit of my authorship please!
                             ;*
                             ;*  IRQ.S
                             ;*	This is the IRQ handler - handles both the ver
                             ;*  blank interrupt from the VDP as well as softw
                             ;*  
                             ;*  As the handler has to be in every bank and it
                             ;*  accesses the VDP, then low level VDP routines
                             ;*  bundled in this file to ensure they are alway
                             ;*  without a bank switch being needed (which is 
                             ;************************************************
                             
                             ;* NMI handler installs to handle serial receive 
c735 :                       init_nmi
                             	; Core IRQ handler
c735 : a94a             [ 2] 	lda #lo(nmi)
c737 : 8d000c           [ 4] 	sta int_nmi
c73a : a9c7             [ 2] 	lda #hi(nmi)
c73c : 8d010c           [ 4] 	sta int_nmi+1
AS65 Assembler for R6502 [1.42].                                     Page   35
---------------------------------- bank3.s -----------------------------------

                             
c73f : a997             [ 2] 	lda #lo(null_handler)
c741 : 8d0a0c           [ 4] 	sta int_usercia1
c744 : a9c7             [ 2] 	lda #hi(null_handler)
c746 : 8d0b0c           [ 4] 	sta int_usercia1+1
                             
c749 : 60               [ 6] 	rts
                             
                             ;* Calls the master IRQ handler
c74a :                       call_nmi_master
                             ;	jmp (int_nmi)
                             
                             ;* Master NMI handler
                             ;* 6551 uses this - fills the receive buffer
                             ;* VIA 2 uses this- user interrupt
c74a :                       nmi
c74a : 48               [ 3] 	pha
                             
c74b : ad8105           [ 4] 	lda SER_STATUS				; Read status register (clears
c74e : 100c             [ 3] 	bpl	nmi_skip_acia			; If no interrupt don't do a
                             
c750 : 5a               [ 3] 	phy
c751 : ad8005           [ 4] 	lda SER_DATA				; Read the data register of 6551
c754 : a403             [ 3] 	ldy ser_last				; Put byte in last position of F
c756 : 990008           [ 5] 	sta ser_buf,y
c759 : e603             [ 5] 	inc ser_last				; Advance position of last
                             
c75b : 7a               [ 4] 	ply
c75c :                       nmi_skip_acia
c75c :                       nmi_fin
c75c : 68               [ 4] 	pla
c75d : 40               [ 6] 	rti
                             
                             
                             ;* Obviously this can only be done with
                             ;* interrupts disabled!
c75e :                       init_irq
                             	; Core IRQ handler
c75e : a998             [ 2] 	lda #lo(irq)
c760 : 8d020c           [ 4] 	sta int_irq
c763 : a9c7             [ 2] 	lda #hi(irq)
c765 : 8d030c           [ 4] 	sta int_irq+1
                             	
                             	; Core BRK handler
c768 : a9ec             [ 2] 	lda #lo(irq_brk)
c76a : 8d040c           [ 4] 	sta int_brk
c76d : a9c7             [ 2] 	lda #hi(irq_brk)
c76f : 8d050c           [ 4] 	sta int_brk+1
                             
                             	; User handlers for VDP, PIA0 interrupts
c772 : a997             [ 2] 	lda #lo(null_handler)
c774 : 8d060c           [ 4] 	sta int_uservdp
c777 : a9c7             [ 2] 	lda #hi(null_handler)
c779 : 8d070c           [ 4] 	sta int_uservdp+1
                             
c77c : a997             [ 2] 	lda #lo(null_handler)
c77e : 8d080c           [ 4] 	sta int_usercia0
c781 : a9c7             [ 2] 	lda #hi(null_handler)
c783 : 8d090c           [ 4] 	sta int_usercia0+1
                             
c786 : 60               [ 6] 	rts
                             
AS65 Assembler for R6502 [1.42].                                     Page   36
---------------------------------- bank3.s -----------------------------------

                             ;* Calls the master IRQ handler
c787 :                       call_irq_master
c787 : 6c020c           [ 6] 	jmp (int_irq)
                             	
                             ;* Calls the BRK handler
c78a :                       call_irq_brk
c78a : 6c040c           [ 6] 	jmp (int_brk)
                             
                             ;* Call the userVDP handler
c78d :                       call_irq_uservdp
c78d : 6c060c           [ 6] 	jmp (int_uservdp)
                             	
                             ;* Call the user CIA0 handler
c790 :                       call_irq_usercia0
c790 : 6c080c           [ 6] 	jmp (int_usercia0)
                             
                             ;* Call the user CIA1 handler
c793 :                       call_irq_usercia1
c793 : 6c0a0c           [ 6] 	jmp (int_usercia1)
                             	
                             ;* null interrupt
c796 :                       null_irq
c796 : 40               [ 6] 	rti
                             
                             ;* null handler
c797 :                       null_handler
c797 : 60               [ 6] 	rts
                             	
                             
                             ;* Master IRQ handler
c798 :                       irq
                             	_pushAXY
                             
                             
                             	; Check if IRQ or BRK
                             	; load P from stack in to A
c79b : ba               [ 2] 	tsx
c79c : bd0401           [ 4] 	lda 0x104,x
                             	; BRK bit set?
c79f : 2910             [ 2] 	and #0x10
c7a1 : d0e7             [ 3] 	bne call_irq_brk
                             	
c7a3 : 18               [ 2] 	clc						; Standard behaviour
                             
                             	;* Try PIA1 first for rapid Timer handling
c7a4 : ad8d04           [ 4] 	lda IO_1 + IFR
c7a7 : 1029             [ 3] 	bpl irq_check_vdp		; Skip if no interrupt
                             	; Reset interrupt by reading T1C-L
c7a9 : ad8404           [ 4] 	lda IO_1+T1CL
c7ac : 5a               [ 3] 	phy
c7ad : da               [ 3] 	phx
                             	; Swtich to RAM bank 2 don't touch anything else
c7ae : ad0004           [ 4] 	lda IO_0+PRB
c7b1 : 48               [ 3] 	pha                     ; Remember the bank #
c7b2 : 29cf             [ 2] 	and #0b11001111
c7b4 : 0920             [ 2] 	ora #0b00100000
c7b6 : 8d0004           [ 4] 	sta IO_0+PRB
                             	; Switch out ROM for RAM
c7b9 : ad8004           [ 4] 	lda IO_1+PRB                    ; Get current RO
c7bc : 48               [ 3] 	pha
c7bd : 29df             [ 2] 	and #(0xff ^ MM_DIS)            ; Switch off ROM
c7bf : 8d8004           [ 4] 	sta IO_1+PRB                    ; Update port to
AS65 Assembler for R6502 [1.42].                                     Page   37
---------------------------------- bank3.s -----------------------------------

c7c2 : ee4c0c           [ 6] 	inc pt3_int 				  	; Set PT3 interrupt flag
c7c5 : 2093c7           [ 6] 	jsr call_irq_usercia1			; Call user cia1 handler
                             	; Restore ROM
c7c8 : 68               [ 4] 	pla                             ; Get original p
c7c9 : 8d8004           [ 4] 	sta IO_1+PRB                    ; Update port to
                             	; Restore RAM bank
c7cc : 68               [ 4] 	pla                             ; Get original p
c7cd : 8d0004           [ 4] 	sta IO_0+PRB                    ; Update port to
c7d0 : fa               [ 4] 	plx
c7d1 : 7a               [ 4] 	ply
                             
                             	;* Try VDP next
c7d2 :                       irq_check_vdp	
c7d2 : ad0105           [ 4] 	lda VDP_STATUS			; Read status register
c7d5 : 1009             [ 3] 	bpl	irq_check_cia0		; Skip if not VBLANK
c7d7 : 208dc7           [ 6] 	jsr call_irq_uservdp	; Call use VDP handler
c7da : 2043c8           [ 6] 	jsr int_vdp_handler		; Call  OS VDP handler
c7dd : 2021c8           [ 6] 	jsr int_kb_handler		; Call OS cia0 handler (keyb
                             
                             	;* Try VIA0 last as it's keyboard (low speed)
c7e0 :                       irq_check_cia0
c7e0 : ad0d04           [ 4] 	lda IO_0 + IFR
c7e3 : 1003             [ 3] 	bpl irq_fin
c7e5 : 2090c7           [ 6] 	jsr call_irq_usercia0	; Call user cia0 handler
                             
c7e8 :                       irq_fin
                             	_pullAXY
                             
c7eb : 40               [ 6] 	rti
                             	
                             ;* Handle BRK
c7ec :                       irq_brk
                             	; Handle BRK
                             	; Get PCL,H minus 2 gives the BRK instruction ad
c7ec : 38               [ 2] 	sec
c7ed : bd0501           [ 4] 	lda 0x0105,x
c7f0 : e902             [ 2] 	sbc #2
c7f2 : 8598             [ 3] 	sta df_brkpc
c7f4 : bd0601           [ 4] 	lda 0x0106,x
c7f7 : e900             [ 2] 	sbc #0
c7f9 : 8599             [ 3] 	sta df_brkpc+1
                             	; Get the byte pointed to by old PC
                             	; which is 1 on from the BRK
c7fb : a001             [ 2] 	ldy #1
c7fd : b198             [ 5] 	lda (df_brkpc),y
c7ff : 859a             [ 3] 	sta df_brkval
c801 : 8593             [ 3] 	sta errno
                             	; now update the return address
c803 : a596             [ 3] 	lda df_pc
c805 : 9d0501           [ 5] 	sta 0x105,x
c808 : a597             [ 3] 	lda df_pc+1
c80a : 9d0601           [ 5] 	sta 0x106,x
                             
                                 ; Switch to dflat bank
c80d : ad0004           [ 4]     lda IO_0+PRB
c810 : 293f             [ 2]     and #%00111111
c812 : 0980             [ 2]     ora #%10000000          ; 10 = bank 1
c814 : 8d0004           [ 4]     sta IO_0+PRB
                             
                             	_pullAXY
                             
                             	; Save the registers in temp area
AS65 Assembler for R6502 [1.42].                                     Page   38
---------------------------------- bank3.s -----------------------------------

c81a : 8579             [ 3] 	sta num_a
c81c : 867a             [ 3] 	stx num_a+1
c81e : 847b             [ 3] 	sty num_a+2
                             	; when RTI occurs:
                             	;  will return to error handler
                             	;  df_brkval will contain signature
c820 : 40               [ 6] 	rti
                             	
                             ;****************************************
                             ;* int_kb_handler
                             ;* Keyboard interrupt handler
                             ;****************************************
c821 :                       int_kb_handler	
c821 : a52b             [ 3] 	lda kb_deb				; If keyboard pressed is debounce 
c823 : d00d             [ 3] 	bne int_skip_scan		; If not zero, then don't che
c825 : ad0d04           [ 4] 	lda IO_0 + IFR			; Check status register CIA0
c828 : 2901             [ 2] 	and #IFR_CA2			; Keyboard pressed?
c82a : f00c             [ 3] 	beq int_keys_up
c82c :                       int_do_read
c82c : 8530             [ 3] 	sta kb_pressed			; Put non-zero in to this flag
c82e : a52f             [ 3] 	lda kb_debounce			; Set debounce
c830 : 852b             [ 3] 	sta kb_deb
c832 :                       int_skip_scan
c832 : a901             [ 2] 	lda #IFR_CA2			; Clear CA2
c834 : 8d0d04           [ 4] 	sta IO_0 + IFR
c837 : 60               [ 6] 	rts
c838 :                       int_keys_up					; No key pressed
c838 : 6427             [ 3] 	stz kb_raw				; Using 65c02 stz opcode
c83a : 6428             [ 3] 	stz kb_last
c83c : 6429             [ 3] 	stz kb_code
c83e : 642b             [ 3] 	stz kb_deb
c840 : 642c             [ 3] 	stz kb_rep
c842 : 60               [ 6] 	rts
                             	
                             ;****************************************
                             ;* int_vdp_handler
                             ;* VDP interrupt handler
                             ;****************************************
c843 :                       int_vdp_handler
c843 : 206fc8           [ 6] 	jsr update_timers	; If it is then update system 
                             
c846 : a506             [ 3] 	lda vdp_curoff		; Is cursor enabled?
c848 : d024             [ 3] 	bne int_vdp_fin		; Skip if not
                             
c84a : c607             [ 5] 	dec vdp_curstat		; Decrement VDP counter
c84c : a507             [ 3] 	lda vdp_curstat		; Check it
c84e : 297f             [ 2] 	and #0x7f			; If bottom 7 bits !=0
c850 : d01c             [ 3] 	bne int_vdp_fin		; No flashing to be done
c852 : a507             [ 3] 	lda vdp_curstat		; Invert top bit (bottoms bits=
c854 : 4990             [ 2] 	eor #0x80+VDP_FLASH	; Start counter again
c856 : 8507             [ 3] 	sta vdp_curstat		
                             
c858 : 18               [ 2] 	clc					; Add offset for cursor address in vram
c859 : a520             [ 3] 	lda gr_scrngeom+gr_cur_ptr
c85b : 651d             [ 3] 	adc gr_scrngeom+gr_cur_off
c85d : aa               [ 2] 	tax
c85e : a521             [ 3] 	lda gr_scrngeom+gr_cur_ptr+1
c860 : 6900             [ 2] 	adc #0
                             
c862 : 2030c6           [ 6] 	jsr vdp_wr_addr
                             	
c865 : a507             [ 3] 	lda vdp_curstat
AS65 Assembler for R6502 [1.42].                                     Page   39
---------------------------------- bank3.s -----------------------------------

c867 : 2980             [ 2] 	and #0x80
c869 : 4508             [ 3] 	eor vdp_curval		; EOR top bit with what is under
c86b : 2058c6           [ 6] 	jsr vdp_wr_vram
c86e :                       int_vdp_fin	
c86e : 60               [ 6] 	rts
                             
                             
                             ;****************************************
                             ;* update_timers
                             ;* Update 24 bit timer and debounce counters
                             ;****************************************
c86f :                       update_timers
c86f : e604             [ 5] 	inc vdp_int_cnt
c871 : d002             [ 3] 	bne inc_kb_timers
c873 : e605             [ 5] 	inc vdp_int_cnt+1
c875 :                       inc_kb_timers
c875 : a62b             [ 3] 	ldx kb_deb			; Is debounce 0?
c877 : f002             [ 3] 	beq skip_kb_deb
c879 : c62b             [ 5] 	dec kb_deb
c87b :                       skip_kb_deb
c87b : a62c             [ 3] 	ldx kb_rep			; Is repeat timer 0?
c87d : f002             [ 3] 	beq skip_kb_rep
c87f : c62c             [ 5] 	dec kb_rep
c881 :                       skip_kb_rep
c881 : 60               [ 6] 	rts
                             	
                             
                             	include "utils\misc.s"
                             ;************************************************
                             ;*
                             ;*	BBC-128 HOMEBREW COMPUTER
                             ;*	Hardware and software design by @6502Nerd (Dol
                             ;*	Copyright 2014-20
                             ;*  Free to use for any non-commercial purpose su
                             ;*  appropriate credit of my authorship please!
                             ;*
                             ;*  MISC.S
                             ;*  Miscellaneous module for commmon utility func
                             ;*
                             ;************************************************
                             
                             	; ROM code
                             	code
                             
                             ;****************************************
                             ;* long_delay
                             ;* Long delay (X decremented every 0.125ms)
                             ;* Input : X = number of 0.125ms ticks to wait (m
                             ;* Output : None
                             ;* Regs affected : None
                             ;****************************************
c882 :                       long_delay
c882 : 08               [ 3] 	php
                             	_pushAXY
                             
                             	
c886 : a000             [ 2] 	ldy #0x00
c888 :                       long_delay_1
c888 : ea               [ 2] 	nop
c889 : ea               [ 2] 	nop
c88a : ea               [ 2] 	nop
c88b : ea               [ 2] 	nop
AS65 Assembler for R6502 [1.42].                                     Page   40
---------------------------------- bank3.s -----------------------------------

c88c : 88               [ 2] 	dey
c88d : d0f9             [ 3] 	bne long_delay_1
c88f : ca               [ 2] 	dex
c890 : d0f6             [ 3] 	bne long_delay_1
                             
                             	_pullAXY
                             
c895 : 28               [ 4] 	plp
                             	
c896 : 60               [ 6] 	rts
                             
                             
                             	include "utils\utils.s"
                             ;************************************************
                             ;*
                             ;*	BBC-128 HOMEBREW COMPUTER
                             ;*	Hardware and software design by @6502Nerd (Dol
                             ;*	Copyright 2014-20
                             ;*  Free to use for any non-commercial purpose su
                             ;*  appropriate credit of my authorship please!
                             ;*
                             ;*  UTILS.S
                             ;*  This module implements various utility functi
                             ;*  converting from ASCII to binary form for numb
                             ;*  vice-versa to allow humans to actually be abl
                             ;*  and read numbers in their prefered form!
                             ;*
                             ;************************************************
                             
                             	; ROM code
                             	code
                             
c897 :                       utilPrintSPC
c897 : 48               [ 3] 	pha
c898 : a920             [ 2] 	lda #' '
c89a : 2093c5           [ 6] 	jsr io_put_ch
c89d : 68               [ 4] 	pla
c89e : 60               [ 6] 	rts
                             
c89f :                       utilPrintCRLF
c89f : 48               [ 3] 	pha
c8a0 : a90d             [ 2] 	lda #UTF_CR
c8a2 : 2093c5           [ 6] 	jsr io_put_ch
c8a5 : 68               [ 4] 	pla
c8a6 : 60               [ 6] 	rts
                             
c8a7 :                       utilPrintA
c8a7 : 8539             [ 3] 	sta tmp_d
c8a9 : 48               [ 3] 	pha
c8aa : 8a               [ 2] 	txa
c8ab : 48               [ 3] 	pha
c8ac : a539             [ 3] 	lda tmp_d
c8ae : 20ccc8           [ 6] 	jsr str_a_to_x
c8b1 : 2093c5           [ 6] 	jsr io_put_ch
c8b4 : 8a               [ 2] 	txa
c8b5 : 2093c5           [ 6] 	jsr io_put_ch
c8b8 : 68               [ 4] 	pla
c8b9 : aa               [ 2] 	tax
c8ba : 68               [ 4] 	pla
c8bb : 60               [ 6] 	rts
                             
                             ;****************************************
AS65 Assembler for R6502 [1.42].                                     Page   41
---------------------------------- bank3.s -----------------------------------

                             ;* util_clr_mem
                             ;* Clear a block of main ram
                             ;* Input : X, A = Block start, Y = Block size
                             ;* Regs affected : P
                             ;****************************************
c8bc :                       util_clr_mem
c8bc : 48               [ 3] 	pha
c8bd : 5a               [ 3] 	phy
c8be : 8633             [ 3] 	stx tmp_v1
c8c0 : 8534             [ 3] 	sta tmp_v1+1
c8c2 : a900             [ 2] 	lda #0
c8c4 :                       mem_clr_byte
c8c4 : 88               [ 2] 	dey
c8c5 : 9133             [ 5] 	sta (tmp_v1),y
c8c7 : d0fb             [ 3] 	bne mem_clr_byte
c8c9 : 7a               [ 4] 	ply
c8ca : 68               [ 4] 	pla
c8cb : 60               [ 6] 	rts
                             
                             ;****************************************
                             ;* str_a_to_x
                             ;* Convert accumulator to hex string
                             ;* Input : A = Byte to convert
                             ;* Output : A = High Char, X = Low Char
                             ;* Regs affected : P
                             ;****************************************
c8cc :                       str_a_to_x
c8cc : 48               [ 3] 	pha					; Save the byte using later on
c8cd : 290f             [ 2] 	and #0x0f			; Mask low nibble
c8cf : 18               [ 2] 	clc
c8d0 : 6930             [ 2] 	adc #'0'			; Convert to UTF
c8d2 : c93a             [ 2] 	cmp #('9'+1)		; If A greater than '9' then
c8d4 : 9002             [ 3] 	bcc skip_a_f_1		; skip a-f adjustment
c8d6 : 6926             [ 2] 	adc #0x26			; Add 27 (6+C) to get in to A-F rang
c8d8 :                       skip_a_f_1
c8d8 : aa               [ 2] 	tax					; Low char is in X
c8d9 : 68               [ 4] 	pla					; Get byte back
c8da : 4a               [ 2] 	lsr a				; Make high nibble low
c8db : 4a               [ 2] 	lsr a
c8dc : 4a               [ 2] 	lsr a
c8dd : 4a               [ 2] 	lsr a
c8de : 18               [ 2] 	clc
c8df : 6930             [ 2] 	adc #'0'			; Convert to UTF
c8e1 : c93a             [ 2] 	cmp #('9'+1)		; If A greater than '9' then
c8e3 : 9002             [ 3] 	bcc skip_a_f_2		; skip a-f adjustment
c8e5 : 6926             [ 2] 	adc #0x26			; Add 27 (6+C) to get in to A-F rang
c8e7 :                       skip_a_f_2
                             
c8e7 : 18               [ 2] 	clc					; No error
c8e8 : 60               [ 6] 	rts					; A high nibble
                             
                             ;****************************************
                             ;* str_x_to_a
                             ;* Convert hex string to accumulator
                             ;* Input : A = High Char, X = Low Char
                             ;* Output : A = Value
                             ;* Regs affected : P
                             ;****************************************
c8e9 :                       str_x_to_a
c8e9 : 0920             [ 2] 	ora #0x20			; Make alpha in to lower case
c8eb : 38               [ 2] 	sec					; Process high char in A
c8ec : e930             [ 2] 	sbc #'0'			; Convert to hex nibble
AS65 Assembler for R6502 [1.42].                                     Page   42
---------------------------------- bank3.s -----------------------------------

c8ee : c90a             [ 2] 	cmp #10				; If A < 10 then
c8f0 : 9002             [ 3] 	bcc skip_x_f_1		; skip a-f adjustment
c8f2 : e927             [ 2] 	sbc #0x27			; Sub 7 to get in to A-F range
c8f4 :                       skip_x_f_1
c8f4 : c910             [ 2] 	cmp #0x10			; Nibble should be <= 0x0f
c8f6 : b01d             [ 4] 	bcs	str_x_to_a_err	; Error if not
                             
c8f8 : 0a               [ 2] 	asl a				; This is the high nibble
c8f9 : 0a               [ 2] 	asl a
c8fa : 0a               [ 2] 	asl a
c8fb : 0a               [ 2] 	asl a
c8fc : 48               [ 3] 	pha					; Save the high nibble
c8fd : 8a               [ 2] 	txa					; Now process the low char in X
c8fe : 0920             [ 2] 	ora #0x20			; Make alpha in to lower case
c900 : 38               [ 2] 	sec
c901 : e930             [ 2] 	sbc #'0'			; Convert to hex nibble
c903 : c90a             [ 2] 	cmp #10				; If A < 10 then
c905 : 9002             [ 3] 	bcc skip_x_f_2		; skip a-f adjustment
c907 : e927             [ 2] 	sbc #0x27			; Sub 7 to get in to A-F range
c909 :                       skip_x_f_2
c909 : c910             [ 2] 	cmp #0x10			; Nibble should be <= 0x0f
c90b : b007             [ 3] 	bcs	str_x_to_a_errl	; Error if not
                             
c90d : 8579             [ 3] 	sta num_a			; Store low nibble in temp
c90f : 68               [ 4] 	pla					; Get high nibble
c910 : 0579             [ 3] 	ora num_a			; OR with low nibble
                             
c912 : 18               [ 2] 	clc					; No error
c913 : 60               [ 6] 	rts					; A contains value
                             
c914 :                       str_x_to_a_errl
c914 : 68               [ 4] 	pla
c915 :                       str_x_to_a_err
                             	SWBRK CMD_ERR_VAL
                             
                             
                             ;****************************************
                             ;* con_n_to_a
                             ;* Convert numeric string to accumulator (unsigne
                             ;* Input : Pointer to string (X=L, A=H), Y = Sour
                             ;* Output : num_a, num_a+1 contains word, X=numbe
                             ;* A = Source type detected
                             ;* Regs affected : CS = Error
                             ;****************************************
c917 :                       con_n_to_a
c917 : 8685             [ 3] 	stx num_tmp
c919 : 8586             [ 3] 	sta num_tmp+1
c91b : 6479             [ 3] 	stz num_a
c91d : 647a             [ 3] 	stz num_a+1
c91f : c000             [ 2] 	cpy #NUM_ANY
c921 : f014             [ 3] 	beq con_n_to_a_detect
c923 : 88               [ 2] 	dey
c924 : d003             [ 3] 	bne con_n_not_dec
c926 :                       con_dec_jmp
c926 : 4cbac9           [ 3] 	jmp con_dec_to_a_int
c929 :                       con_n_not_dec
c929 : 88               [ 2] 	dey
c92a : d003             [ 3] 	bne con_n_not_hex
c92c :                       con_hex_jmp
c92c : 4c51c9           [ 3] 	jmp con_hex_to_a_int
c92f :                       con_n_not_hex
c92f : 88               [ 2] 	dey
AS65 Assembler for R6502 [1.42].                                     Page   43
---------------------------------- bank3.s -----------------------------------

c930 : d003             [ 3] 	bne con_n_err
c932 :                       con_bin_jmp
c932 : 4c90c9           [ 3] 	jmp con_bin_to_a_int
c935 :                       con_n_err
c935 : 38               [ 2] 	sec
c936 : 60               [ 6] 	rts
c937 :                       con_n_to_a_detect
c937 : b285             [ 5] 	lda (num_tmp)
c939 : c930             [ 2] 	cmp #'0'
c93b : d0e9             [ 3] 	bne con_dec_jmp
c93d : a001             [ 2] 	ldy #1
c93f : b185             [ 5] 	lda (num_tmp),y
c941 : 0920             [ 2] 	ora #0x20
c943 : c978             [ 2] 	cmp #'x'
c945 : f0e5             [ 3] 	beq con_hex_jmp
c947 : c962             [ 2] 	cmp #'b'
c949 : f0e7             [ 3] 	beq con_bin_jmp
c94b : 80d9             [ 3] 	bra con_dec_jmp
                             
                             ;****************************************
                             ;* con_hex_to_a
                             ;* Convert hex string to accumulator (unsigned)
                             ;* Input : Pointer to string (X=L, A=H)
                             ;* Output : num_a, num_a+1 contains word, X=numbe
                             ;* Regs affected : CS = Error
                             ;****************************************
c94d :                       con_hex_to_a
c94d : 8685             [ 3] 	stx num_tmp
c94f : 8586             [ 3] 	sta num_tmp+1
c951 :                       con_hex_to_a_int
c951 : a205             [ 2] 	ldx #5			; > 4 digits will cause error
c953 : a002             [ 2] 	ldy #2			; start at first digit
c955 :                       con_hex_digit
c955 : b185             [ 5] 	lda (num_tmp),y
c957 : 0920             [ 2] 	ora #0x20					; Make alpha in to lower case
c959 : 38               [ 2] 	sec							; Process high char in A
c95a : e930             [ 2] 	sbc #'0'					; Convert to hex nibble
c95c : c90a             [ 2] 	cmp #10						; If A < 10 then
c95e : 9002             [ 3] 	bcc con_hex_skip_x_f_1		; skip a-f adjustment
c960 : e927             [ 2] 	sbc #0x27					; Sub 7 to get in to A-F range
c962 :                       con_hex_skip_x_f_1
c962 : c910             [ 2] 	cmp #0x10					; Nibble should be <= 0x0f
c964 : b01c             [ 3] 	bcs	con_hex_done			; Potentially done if not
c966 : 48               [ 3] 	pha
                             	; make room for lo nibble
c967 : 0679             [ 5] 	asl num_a
c969 : 267a             [ 5] 	rol num_a+1
c96b : 0679             [ 5] 	asl num_a
c96d : 267a             [ 5] 	rol num_a+1
c96f : 0679             [ 5] 	asl num_a
c971 : 267a             [ 5] 	rol num_a+1
c973 : 0679             [ 5] 	asl num_a
c975 : 267a             [ 5] 	rol num_a+1
                             	; save in low nibble
c977 : 68               [ 4] 	pla
c978 : 0579             [ 3] 	ora num_a
c97a : 8579             [ 3] 	sta num_a
c97c : c8               [ 2] 	iny
c97d : ca               [ 2] 	dex
c97e : d0d5             [ 3] 	bne con_hex_digit
                             	; if got to a 5th digit then error
c980 :                       con_hex_err
AS65 Assembler for R6502 [1.42].                                     Page   44
---------------------------------- bank3.s -----------------------------------

c980 : 38               [ 2] 	sec
c981 : 60               [ 6] 	rts
                             	; found a non-hex digit
c982 :                       con_hex_done
                             	; if no digits processed then error
c982 : c002             [ 2] 	cpy #2
c984 : f0fa             [ 3] 	beq con_hex_err
                             	; move y to x for digits processed
c986 : 98               [ 2] 	tya
c987 : aa               [ 2] 	tax
c988 : a902             [ 2] 	lda #NUM_HEX
c98a : 18               [ 2] 	clc
c98b : 60               [ 6] 	rts
                             
                             ;****************************************
                             ;* con_bin_to_a
                             ;* Convert binary string to accumulator (unsigned
                             ;* Input : Pointer to string (X=L, A=H)
                             ;* Output : num_a, num_a+1 contains word, X=numbe
                             ;* Regs affected : CS = Error
                             ;****************************************
c98c :                       con_bin_to_a
c98c : 8685             [ 3] 	stx num_tmp
c98e : 8586             [ 3] 	sta num_tmp+1
c990 :                       con_bin_to_a_int
c990 : a002             [ 2] 	ldy #2
c992 : a211             [ 2] 	ldx #17						; Max 16 binary digits allowed
c994 :                       con_bin_digit
c994 : b185             [ 5] 	lda (num_tmp),y
c996 : c930             [ 2] 	cmp #'0'
c998 : 9010             [ 3] 	bcc con_bin_done
c99a : c932             [ 2] 	cmp #'1'+1
c99c : b00c             [ 3] 	bcs con_bin_done
                             	; sets C if '1' else resets C
c99e : 69cf             [ 2] 	adc #0xff-'0'
                             	; shift in digit
c9a0 : 2679             [ 5] 	rol num_a
c9a2 : 267a             [ 5] 	rol num_a+1
c9a4 : c8               [ 2] 	iny
c9a5 : ca               [ 2] 	dex
c9a6 : d0ec             [ 3] 	bne con_bin_digit
                             	; on the 17th digit is too much, error
c9a8 : 800a             [ 3] 	bra con_bin_err
c9aa :                       con_bin_done
                             	; didn't process any digit = error
c9aa : c002             [ 2] 	cpy #2
c9ac : f006             [ 3] 	beq con_bin_err
                             	; put digits processed in to X
c9ae : 98               [ 2] 	tya
c9af : aa               [ 2] 	tax
c9b0 : a903             [ 2] 	lda #NUM_BIN
c9b2 : 18               [ 2] 	clc
c9b3 : 60               [ 6] 	rts
c9b4 :                       con_bin_err
c9b4 : 38               [ 2] 	sec
c9b5 : 60               [ 6] 	rts
                             
                             ;****************************************
                             ;* con_d_to_a
                             ;* Convert decimal string to accumulator (SIGNED)
                             ;* Input : Pointer to string (X=L, A=H)
                             ;* Output : num_a, num_a+1 contains word, X=numbe
AS65 Assembler for R6502 [1.42].                                     Page   45
---------------------------------- bank3.s -----------------------------------

                             ;* Regs affected : CS = Error
                             ;****************************************
c9b6 :                       con_dec_to_a
c9b6 : 8685             [ 3] 	stx num_tmp
c9b8 : 8586             [ 3] 	sta num_tmp+1
c9ba :                       con_dec_to_a_int
c9ba : a000             [ 2] 	ldy #0
                             	; Detect if leading minus sign
c9bc : b285             [ 5] 	lda (num_tmp)
c9be : c92d             [ 2] 	cmp #'-'
c9c0 : d001             [ 3] 	bne str_d_find_end
                             	; skip over minus if found
c9c2 : c8               [ 2] 	iny
c9c3 :                       str_d_find_end
c9c3 : b185             [ 5] 	lda (num_tmp),y
c9c5 : c930             [ 2] 	cmp #'0'
c9c7 : 9007             [ 3] 	bcc str_d_found_end
c9c9 : c93a             [ 2] 	cmp #'9'+1
c9cb : b003             [ 3] 	bcs str_d_found_end
c9cd : c8               [ 2] 	iny
c9ce : 80f3             [ 3] 	bra str_d_find_end
c9d0 :                       str_d_found_end
c9d0 : c007             [ 2] 	cpy #6+1			; Biggest int is 6 chars
c9d2 : b052             [ 4] 	bcs str_d_error		; e.g. -32767 including minus
c9d4 : 8488             [ 3] 	sty num_tmp+3
c9d6 : 6487             [ 3] 	stz num_tmp+2
c9d8 : 6479             [ 3] 	stz num_a
c9da : 647a             [ 3] 	stz num_a+1
c9dc :                       str_d_process_digit
c9dc : 88               [ 2] 	dey
c9dd : 3026             [ 4] 	bmi str_d_digits_done
                             
c9df : b185             [ 5] 	lda (num_tmp),y
                             
c9e1 : c92d             [ 2] 	cmp #'-'			; Got to minus sign?
c9e3 : f020             [ 4] 	beq str_d_digits_done ; also done
                             
c9e5 : 38               [ 2] 	sec
c9e6 : e930             [ 2] 	sbc #'0'
                             	; Convert digit to number
                             	; and then offset in to
                             	; look up table of powers
c9e8 : 18               [ 2] 	clc
c9e9 : 0a               [ 2] 	asl a
c9ea : 6587             [ 3] 	adc num_tmp+2
                             	; X contains index to powers
c9ec : aa               [ 2] 	tax
c9ed : a579             [ 3] 	lda num_a
c9ef : 7d28ca           [ 4] 	adc str_d_powers,x
c9f2 : 8579             [ 3] 	sta num_a
c9f4 : a57a             [ 3] 	lda num_a+1
c9f6 : 7d29ca           [ 4] 	adc str_d_powers+1,x
c9f9 : 857a             [ 3] 	sta num_a+1
c9fb : b029             [ 4] 	bcs str_d_error
                             	; Move to next power of 10 index
c9fd : a587             [ 3] 	lda num_tmp+2
c9ff : 6914             [ 2] 	adc #20
ca01 : 8587             [ 3] 	sta num_tmp+2
ca03 : 80d7             [ 4] 	bra str_d_process_digit
ca05 :                       str_d_digits_done
                             	; check if minus
ca05 : b285             [ 5] 	lda (num_tmp)
AS65 Assembler for R6502 [1.42].                                     Page   46
---------------------------------- bank3.s -----------------------------------

ca07 : c92d             [ 2] 	cmp #'-'
ca09 : d011             [ 3] 	bne str_d_skip_neg
ca0b : a688             [ 3] 	ldx num_tmp+3		; Must have >= 2 chars
ca0d : e002             [ 2] 	cpx #2				; else it's an error
ca0f : 9015             [ 3] 	bcc str_d_error
ca11 : a679             [ 3] 	ldx num_a
ca13 : a57a             [ 3] 	lda num_a+1
ca15 : 208cca           [ 6] 	jsr twos_complement
ca18 : 8679             [ 3] 	stx num_a
ca1a : 857a             [ 3] 	sta num_a+1
ca1c :                       str_d_skip_neg
ca1c : a688             [ 3] 	ldx num_tmp+3
ca1e : e001             [ 2] 	cpx #1				; must be at least 1 char
ca20 : 9004             [ 3] 	bcc str_d_error
ca22 : a901             [ 2] 	lda #NUM_DEC
ca24 : 18               [ 2] 	clc
ca25 : 60               [ 6] 	rts
ca26 :                       str_d_error
ca26 : 38               [ 2] 	sec
ca27 : 60               [ 6] 	rts
                             
ca28 :                       str_d_powers
ca28 : 00000100020003..      	dw	0, 1, 2, 3, 4, 5, 6, 7, 8, 9
ca3c : 00000a0014001e..      	dw	0, 10, 20, 30, 40, 50, 60, 70, 80, 90
ca50 : 00006400c8002c..      	dw	0, 100, 200, 300, 400, 500, 600, 700, 800, 90
ca64 : 0000e803d007b8..      	dw	0, 1000, 2000, 3000, 4000, 5000, 6000, 7000, 
ca78 : 00001027204e30..      	dw	0, 10000, 20000, 30000, 40000, 50000, 60000, 
                             	
                             
                             ;****************************************
                             ;* twos_complement
                             ;* Twos complement of X,A (X=low)
                             ;* Input : X = Low byte, A = High Byte to convert
                             ;* Output : X,A in 2's complement
                             ;* Regs affected : P
                             ;****************************************
ca8c :                       twos_complement
ca8c : 49ff             [ 2] 	eor #0xff
ca8e : 48               [ 3] 	pha
ca8f : 8a               [ 2] 	txa
ca90 : 49ff             [ 2] 	eor #0xff
ca92 : aa               [ 2] 	tax
ca93 : 68               [ 4] 	pla
ca94 : e8               [ 2] 	inx
ca95 : d001             [ 3] 	bne twos_complement_skip_X
ca97 : 1a               [ 2] 	inc a
ca98 :                       twos_complement_skip_X
ca98 : 60               [ 6] 	rts
                             
                             
                             ;****************************************
                             ;* int_to_bcd
                             ;* Convert A,X (signed int) to BCD
                             ;* Input : X = Low byte, A = High Byte to convert
                             ;* Output : 3 bytes of num_a is updated
                             ;* Regs affected : None
                             ;****************************************
ca99 :                       int_to_bcd
ca99 : 08               [ 3] 	php
ca9a : 48               [ 3] 	pha
ca9b : da               [ 3] 	phx
                             
AS65 Assembler for R6502 [1.42].                                     Page   47
---------------------------------- bank3.s -----------------------------------

ca9c : 8685             [ 3] 	stx num_tmp
ca9e : 8586             [ 3] 	sta num_tmp+1
caa0 : c980             [ 2] 	cmp #0x80			; Negative?
caa2 : 9003             [ 3] 	bcc int_to_bcd_skip_neg
caa4 : 208cca           [ 6] 	jsr twos_complement
caa7 :                       int_to_bcd_skip_neg
caa7 : 6479             [ 3] 	stz num_a
caa9 : 647a             [ 3] 	stz num_a+1
caab : 647b             [ 3] 	stz num_a+2
caad : 647c             [ 3] 	stz num_a+3
caaf : a210             [ 2] 	ldx #16
cab1 : f8               [ 2] 	sed
cab2 :                       int_to_bcd_bit
cab2 : 0685             [ 5] 	asl num_tmp
cab4 : 2686             [ 5] 	rol num_tmp+1
cab6 : a579             [ 3] 	lda num_a
cab8 : 6579             [ 3] 	adc num_a
caba : 8579             [ 3] 	sta num_a
cabc : a57a             [ 3] 	lda num_a+1
cabe : 657a             [ 3] 	adc num_a+1
cac0 : 857a             [ 3] 	sta num_a+1
cac2 : a57b             [ 3] 	lda num_a+2
cac4 : 657b             [ 3] 	adc num_a+2
cac6 : 857b             [ 3] 	sta num_a+2
cac8 : ca               [ 2] 	dex
cac9 : d0e7             [ 3] 	bne int_to_bcd_bit
                             	
cacb : fa               [ 4] 	plx
cacc : 68               [ 4] 	pla
cacd : 28               [ 4] 	plp
cace : 60               [ 6] 	rts
                             	
                             ;****************************************
                             ;* word_to_bcd
                             ;* Convert A,X (unsighed word) to BCD
                             ;* Input : X = Low byte, A = High Byte to convert
                             ;* Output : 3 bytes of num_a is updated as BCD
                             ;* Regs affected : None
                             ;****************************************
cacf :                       word_to_bcd
cacf : 08               [ 3] 	php
cad0 : 48               [ 3] 	pha
cad1 : da               [ 3] 	phx
                             
cad2 : 8685             [ 3] 	stx num_tmp
cad4 : 8586             [ 3] 	sta num_tmp+1
cad6 : 6479             [ 3] 	stz num_a
cad8 : 647a             [ 3] 	stz num_a+1
cada : 647b             [ 3] 	stz num_a+2
cadc : 647c             [ 3] 	stz num_a+3
cade : a210             [ 2] 	ldx #16			; 16 binary bits
cae0 : f8               [ 2] 	sed
cae1 :                       word_to_bcd_bit
cae1 : 0685             [ 5] 	asl num_tmp
cae3 : 2686             [ 5] 	rol num_tmp+1
cae5 : a579             [ 3] 	lda num_a
cae7 : 6579             [ 3] 	adc num_a
cae9 : 8579             [ 3] 	sta num_a
caeb : a57a             [ 3] 	lda num_a+1
caed : 657a             [ 3] 	adc num_a+1
caef : 857a             [ 3] 	sta num_a+1
caf1 : a57b             [ 3] 	lda num_a+2
AS65 Assembler for R6502 [1.42].                                     Page   48
---------------------------------- bank3.s -----------------------------------

caf3 : 657b             [ 3] 	adc num_a+2
caf5 : 857b             [ 3] 	sta num_a+2
caf7 : ca               [ 2] 	dex
caf8 : d0e7             [ 3] 	bne word_to_bcd_bit
                             	
cafa : fa               [ 4] 	plx
cafb : 68               [ 4] 	pla
cafc : 28               [ 4] 	plp
cafd : 60               [ 6] 	rts
                             
                             ;****************************************
                             ;* int_to_str_ch
                             ;* Helper routine to stuff decimal char in to num
                             ;* Input : A=BCD digit, Y=num_buf index, C=insert
                             ;* Output : num_buf in ASCII, A=ASCII digit
                             ;* Regs affected : C cleared if non-zero
                             ;****************************************
cafe :                       int_to_str_ch
cafe : 290f             [ 2] 	and #0xf
cb00 : 0930             [ 2] 	ora #0x30					; Convert to ascii
cb02 : 4930             [ 2] 	eor #0x30					; Check if zero digit
cb04 : d005             [ 3] 	bne int_to_str_nz			; If not zero definitely sto
cb06 : b003             [ 3] 	bcs int_to_str_nz			; Also if C=1
cb08 : 4930             [ 2] 	eor #0x30					; Restore A
cb0a : 60               [ 6] 	rts							; Return without storing anything
cb0b :                       int_to_str_nz
cb0b : 4930             [ 2] 	eor #0x30					; Restore A
cb0d : 998900           [ 5] 	sta num_buf,y
cb10 : c8               [ 2] 	iny
cb11 : 38               [ 2] 	sec							; Set C as a non-zero encountered
cb12 :                       int_to_str_ch_fin
cb12 : 60               [ 6] 	rts
                             
                             ;****************************************
                             ;* int_to_str
                             ;* Convert int to string
                             ;* Input : in X,A (low,high), C=leading zeros wan
                             ;* Output : num_buf in ASCII 6 digits + zero term
                             ;* Regs affected : P
                             ;****************************************
cb13 :                       int_to_str
                             	_pushAXY
                             
cb16 : a000             [ 2] 	ldy #0						; first pos of num_buf
cb18 : 0900             [ 2] 	ora #0						; Test A for sign bit
cb1a : 08               [ 3] 	php							; Remember C bit of P
cb1b : 100a             [ 3] 	bpl int_to_str_skip_neg		; Skip if not (postive 
cb1d : 208cca           [ 6] 	jsr twos_complement			; Flip X,A from 2s complem
cb20 : 48               [ 3] 	pha							; Remember A
cb21 : a92d             [ 2] 	lda #'-'					; Put in negative sign
cb23 : 8589             [ 3] 	sta num_buf
cb25 : c8               [ 2] 	iny							; Start at second buffer pos
cb26 : 68               [ 4] 	pla							; Restore A
cb27 :                       int_to_str_skip_neg
cb27 : 20cfca           [ 6]  	jsr word_to_bcd				; Convert X,A to BCD
cb2a : a202             [ 2] 	ldx #2						; Start at BCD high byte
cb2c :                       int_str
cb2c : 28               [ 4] 	plp							; Get C but immediately
cb2d : 08               [ 3] 	php							; Save C (due to loop check later)
cb2e : b579             [ 4] 	lda num_a,x					; Get BCD digit
cb30 : 8590             [ 3] 	sta num_buf+7				; Save A it for the units later
cb32 : 4a               [ 2] 	lsr a						; Tens - shift to lower nibble
AS65 Assembler for R6502 [1.42].                                     Page   49
---------------------------------- bank3.s -----------------------------------

cb33 : 4a               [ 2] 	lsr a
cb34 : 4a               [ 2] 	lsr a
cb35 : 4a               [ 2] 	lsr a
cb36 : 28               [ 4] 	plp							; Get C
cb37 : 20feca           [ 6] 	jsr int_to_str_ch			; Put ASCII code in num_buf
cb3a : a590             [ 3] 	lda num_buf+7				; Get A for the units
cb3c : 20feca           [ 6] 	jsr int_to_str_ch			; Put ASCII code in num_buf
cb3f : 08               [ 3] 	php							; Save C
cb40 : ca               [ 2] 	dex
cb41 : 10e9             [ 3] 	bpl int_str
cb43 : 28               [ 4] 	plp							; Check C
cb44 : b005             [ 3] 	bcs	int_to_str_fin			; If set then something pri
cb46 : a930             [ 2] 	lda #'0'					; Stuff a zero
cb48 : 8589             [ 3] 	sta num_buf					; Must be in first position..
cb4a : c8               [ 2] 	iny
cb4b :                       int_to_str_fin
cb4b : a900             [ 2] 	lda #0						; Terminator
cb4d : 998900           [ 5] 	sta num_buf,y
cb50 : c8               [ 2] 	iny
                             	_pullAXY
                             
cb54 : 60               [ 6] 	rts
                             
                             
                             ;****************************************
                             ;* bcd_to_str
                             ;* Convert num_buf to chars
                             ;* Input : num_a in BCD format
                             ;* Output : num_buf in ASCII 6 digits
                             ;* Output is big endian, input is not
                             ;* Regs affected : P
                             ;****************************************
                             ;bcd_to_str
                             ;	pha
                             ;	phx
                             ;	phy
                             ;
                             ;	ldx #5						; Index in to string
                             ;	ldy #0						; Current BCD digit
                             ;bcd_str
                             ;	lda num_a,y
                             ;	; Convert 1s digit of byte
                             ;	pha
                             ;	and #0xf
                             ;	clc
                             ;	adc #0x30
                             ;	sta num_buf,x
                             ;	; Convert 10s digit of byte
                             ;	pla
                             ;	lsr a
                             ;	lsr a
                             ;	lsr a
                             ;	lsr a
                             ;	clc
                             ;	adc #0x30					; Convert to ASCII
                             ;	sta num_buf-1,x
                             ;	dex
                             ;	dex
                             ;	iny
                             ;	cpy #3						; 3 BCD digits max
                             ;	bne bcd_str
                             ;
AS65 Assembler for R6502 [1.42].                                     Page   50
---------------------------------- bank3.s -----------------------------------

                             ;	ply
                             ;	plx
                             ;	pla
                             ;	rts
                             	
                             ;****************************************
                             ;* out_bcd
                             ;* Output a bcd string in num_buf
                             ;* Input : num_buf has the ASCII
                             ;* Input : C=1 print leading zeros else not
                             ;* Output : num_buf in ASCII 6 digits
                             ;* Output is big endian, input is not, Y=digits p
                             ;* Regs affected : P
                             ;****************************************
                             ;out_bcd
                             ;	pha
                             ;	phx
                             ;	php
                             ;	ldy #0						; How many digits printed
                             ;	ldx #0						; Index in to string
                             ;out_bcd_digit
                             ;	lda num_buf,x
                             ;	cpy #0						; If not in leading zero mode
                             ;	bne out_bcd_print			; No then go print
                             ;
                             ;	cmp #'0'					; else check if zero
                             ;	bne out_bcd_print			; No then go print
                             ;
                             ;	plp
                             ;	php
                             ;	bcc out_bcd_next			; If C=0 go to next digit, e
                             ;out_bcd_print
                             ;	iny
                             ;	jsr io_put_ch
                             ;out_bcd_next
                             ;	inx
                             ;	cpx #6
                             ;	bne out_bcd_digit
                             ;	cpy #0						; If nothing printed
                             ;	bne out_bcd_fin
                             ;	lda #'0'					; Need to put out 1 zero
                             ;	jsr io_put_ch
                             ;	iny
                             ;out_bcd_fin
                             ;	plp
                             ;	plx
                             ;	pla
                             ;	clc
                             ;	rts
                             	
                             ;****************************************
                             ;* str_a_to_d
                             ;* Convert X,A to decimal string in sevalptr
                             ;* Input : X,A = number Low,High
                             ;* Input : C=1 keep leading zeros else not
                             ;* Output : sevalptr in ASCII max 6 digits
                             ;*          Y=length including sign
                             ;* Output is big endian, input is not
                             ;* Regs affected : P
                             ;****************************************
cb55 :                       str_a_to_d
cb55 : 60               [ 6] 	rts
AS65 Assembler for R6502 [1.42].                                     Page   51
---------------------------------- bank3.s -----------------------------------

                             	
                             ;****************************************
                             ;* print_a_to_d
                             ;* Convert X,A to decimal string
                             ;* Input : X,A = number Low,High
                             ;* Input : C=1 print leading zeros else not
                             ;* Output : num_buf in ASCII max 6 digits
                             ;*          Y=digits printed including sign
                             ;* Output is big endian, input is not
                             ;* Regs affected : P
                             ;****************************************
cb56 :                       print_a_to_d
cb56 : 2013cb           [ 6] 	jsr int_to_str
cb59 : a000             [ 2] 	ldy #0
cb5b :                       print_a_to_d_ch
cb5b : b98900           [ 4] 	lda num_buf,y
cb5e : f006             [ 3] 	beq print_a_to_d_fin
cb60 : 2093c5           [ 6] 	jsr io_put_ch
cb63 : c8               [ 2] 	iny
cb64 : d0f5             [ 3] 	bne print_a_to_d_ch
cb66 :                       print_a_to_d_fin
cb66 : 60               [ 6] 	rts
                             	
                             
                             ;* Reset vector points here - 6502 starts here
cb67 :                       init
                             ;	jmp init_test
                             	; First clear ram
                             ;	sei					; No need as disabled on startup
                             ;	cld					; No need as disabled on startup
cb67 : a2ff             [ 2] 	ldx #0xff			; Initialise stack pointer
cb69 : 9a               [ 2] 	txs
cb6a : 4cc5cb           [ 3] 	jmp init_ram		; jmp not jsr to ram initialiser
cb6d :                       init_2					; init_ram will jump back to here
                             	
cb6d : 2073cb           [ 6] 	jsr kernel_init
                             
cb70 : 4ce2c6           [ 3] 	jmp main
                             
cb73 :                       kernel_init
cb73 : 2035c7           [ 6] 	jsr init_nmi		; Initialise NMI handling
cb76 : 205ec7           [ 6] 	jsr init_irq		; Initialise IRQ handling
                             	
cb79 : 20f9c1           [ 6] 	jsr _init_cia0		; initialise cia 0
cb7c : 2011c2           [ 6] 	jsr _init_cia1		; initialise cia 1
cb7f : 20f9c4           [ 6] 	jsr _PT3INIT		; Load PT3 player code into shadow
cb82 : 20e1c1           [ 6] 	jsr _init_acia		; initialise the serial chip
cb85 :                       kernel_test
cb85 : 2059c2           [ 6] 	jsr _init_snd		; initialise the sound chip
cb88 : 2071c2           [ 6] 	jsr _init_keyboard	; initialise keyboard timer s
cb8b : 2009c4           [ 6] 	jsr _vdp_init		; initialise vdp
cb8e : a900             [ 2] 	lda #0				; Default = 40 column mode - put on st
cb90 : 48               [ 3] 	pha
cb91 : a20e             [ 2] 	ldx #NV_MODE		; NV location for default text mod
cb93 : 2069c4           [ 6] 	jsr _rtc_nvread		; Try to read location
cb96 : b00b             [ 3] 	bcs kernel_skip_nv	; If bad NV ram then skip try
cb98 : aa               [ 2] 	tax					; Save the mode temporarily
cb99 : 68               [ 4] 	pla					; Get the default mode from stack
cb9a : 8a               [ 2] 	txa					; And push the NV mode that was read
cb9b : 48               [ 3] 	pha
cb9c : a20f             [ 2] 	ldx #NV_COLOUR		; NV location for the default co
cb9e : 2069c4           [ 6] 	jsr _rtc_nvread		; Try to read location (assumed
AS65 Assembler for R6502 [1.42].                                     Page   52
---------------------------------- bank3.s -----------------------------------

cba1 : 8515             [ 3] 	sta vdp_base+vdp_bord_col	; Save it to the borde
cba3 :                       kernel_skip_nv	
cba3 : 68               [ 4] 	pla					; Get the mode (either default or the NV
cba4 : 20c9c1           [ 6] 	jsr _gr_init_screen
cba7 : 2059c5           [ 6] 	jsr io_init			; Set default input/output device
cbaa : 58               [ 2] 	cli					; irq interrupts enable
                             
                             	; Print the boot up message - requires IO and IR
                             	_println msg_hello_world
                             
                             
                             
cbb8 : 2021c4           [ 6] 	jsr _rtc_init		; Initialise RTC - * AFTER INTERR
cbbb : 2041c2           [ 6] 	jsr _init_sdcard	; initialise the sd card interf
cbbe : 2029c2           [ 6] 	jsr _init_fs		; initialise the filesystem
cbc1 : 2031c0           [ 6] 	jsr _df_init		; Initialise interpreter
                             
cbc4 : 60               [ 6] 	rts
                             
                             	
                             ;* Initialises RAM, skipping pages 4-8 which are 
                             ;* Zeroes all addressable RAM in the default bank
cbc5 :                       init_ram
cbc5 : 6400             [ 3] 	stz 0x00			; Start at page 0
cbc7 : 6401             [ 3] 	stz 0x01
cbc9 : a002             [ 2] 	ldy #0x02			; But Y initially at 2 to not overwr
cbcb : a200             [ 2] 	ldx #0x00			; Page counter starts at zero
cbcd : a900             [ 2] 	lda #0				; Normal RAM filled with zero
cbcf :                       init_ram_1
cbcf : e005             [ 2] 	cpx	#5				; Page <5 is ok (zeroes out VIA0 and 1
cbd1 : 9004             [ 3] 	bcc init_ram_fill
cbd3 : e008             [ 2] 	cpx #8				; Page >=8 is ok
cbd5 : 9005             [ 3] 	bcc init_ram_skip	; But >=5 and <8 do not initia
cbd7 :                       init_ram_fill
cbd7 : 9100             [ 5] 	sta (0x00),y		; Write initialisation value to RA
cbd9 : c8               [ 2] 	iny
cbda : d0fb             [ 3] 	bne init_ram_fill	; Do a whole page
cbdc :                       init_ram_skip
cbdc : e8               [ 2] 	inx					; Increment page counter
cbdd : 8601             [ 3] 	stx 0x01			; Save to address pointer
cbdf : d0ee             [ 3] 	bne init_ram_1		; Do all pages until page 0xff d
                             	
cbe1 : 4c6dcb           [ 3] 	jmp init_2			; Carry on initialisation
                             
                             ;* Copy code to ram_code that enables copying of 
cbe4 :                       init_ram_code
cbe4 : a000             [ 2] 	ldy #0
cbe6 :                       ram_code_copycode
cbe6 : b9f2cb           [ 4] 	lda ram_code_s,y
cbe9 : 990c0c           [ 5] 	sta ram_code,y
cbec : c8               [ 2] 	iny
cbed : c025             [ 2] 	cpy #(ram_code_e-ram_code_s)
cbef : d0f5             [ 3] 	bne ram_code_copycode
cbf1 : 60               [ 6] 	rts
                             
                             ; This code gets copied to RAM to do the actual p
                             ; Stack must contain:
                             ;	101,x = disable ROM value
                             ;	102,x = original ROM value
                             ;	103,x = new RAM bank select value
                             ;	104,x = original RAM bank select value
                             ; tmp_a = address to poke to
AS65 Assembler for R6502 [1.42].                                     Page   53
---------------------------------- bank3.s -----------------------------------

cbf2 :                       ram_code_s
cbf2 : 08               [ 3] 	php							; Save processor status
cbf3 : 78               [ 2] 	sei							; Disable VDP interrupts
cbf4 : 48               [ 3] 	pha
cbf5 : ba               [ 2] 	tsx
cbf6 : e8               [ 2] 	inx
cbf7 : e8               [ 2] 	inx
cbf8 : e8               [ 2] 	inx
cbf9 : e8               [ 2] 	inx
cbfa : bd0101           [ 4] 	lda 0x101,x					; Get disable ROM value
cbfd : 8d8004           [ 4] 	sta IO_1+PRB				; Disable ROM
cc00 : bd0301           [ 4] 	lda 0x103,x					; Get new RAM bank select value
cc03 : 8d0004           [ 4] 	sta IO_0+PRB				; Select bank 2
cc06 : 68               [ 4] 	pla
cc07 : 9135             [ 5] 	sta (tmp_a),y				; Actually poke the byte to mem
cc09 : bd0201           [ 4] 	lda 0x102,x					; Get original ROM value
cc0c : 8d8004           [ 4] 	sta IO_1+PRB				; Enable ROM
cc0f : bd0401           [ 4] 	lda 0x104,x					; Get original RAM bank select v
cc12 : 8d0004           [ 4] 	sta IO_0+PRB				; Restore RAM bank select	
cc15 : 28               [ 4] 	plp							; Restore processor status
cc16 : 60               [ 6] 	rts
cc17 :                       ram_code_e
                             
                             
cc17 :                       mod_sz_kernel_e
                             
                             
                             
                             ; Bank specific code goes here
                             	include "sound\ptplayer.s"
                             ; ===============================================
                             ; Vortex Tracker II v1.0 PT3 player for 6502
                             ; Based on ORIC 1/ATMOS (6502) version
                             ; Updated for HB-BBC-128 Homebrew Computer by 650
                             ; ScalexTrixx (A.C) - (c)2018
                             ;
                             ; Translated and adapted from ZX Spectrum Player 
                             ; by S.V.Bulba (with Ivan Roshin for some parts/a
                             ; https://bulba.untergrund.net/main_e.htm (c)2004
                             ;
0030 =                       Revision = "0" 
                             ; ===============================================
                             ; REV 0: 
                             ; ======
                             ; rev 0.34 (WK/TS)  - correction / 1.773 (288=x25
                             ;                   => file_end = $8E68
                             ;
                             ; rev 0.33 (WK)     - optimizations: PTDECOD
                             ;                   => file_end = $8E53
                             ;
                             ; rev 0.32 (WK)     - optimizations: PLAY
                             ;                   => file_end = $8F43
                             ;
                             ; rev 0.31 (WK)     - optimizations: CHREGS
                             ;                   => file_end = $8FC4
                             ;
                             ; rev 0.30 (WK)     - New base "full working" ver
                             ;                   - optimizations: zp variables
                             ;                   => file_end = $9027
                             ;
                             ; --------------------------------
                             ; WK: working / TS: test version |
AS65 Assembler for R6502 [1.42].                                     Page   54
---------------------------------- bank3.s -----------------------------------

                             ; ===============================================
                             ; TODO:
                             ; - lda ($AC),y -> lda ($AC,x)
                             ; - NOISE Register opt (/2 ?)
                             ; - déplacer / 1.773 avant CHREGS (cf CPC versio
                             ; - dans PD_LOOP: vérifier si des jmp relatifs s
                             ; - fix .bbs address
                             ; - check zero pages addresses
                             ; ===============================================
                             ;
                             ; -------------------------------------
                                     bss
                             
00ed =                       	org $ed         ; Uses *all* of zero page from h
                                 
00ed =                       SETUP   ds 1      ; set bit0 to 1, if you want to
                                                ; bit7 is set each time, when 
                             ; "registers" Z80
                             ; A = A
                             ; F = flags
                             
00ee =                       z80_A   ds 1      ; save A
00ef =                       z80_C   ds 1
00f0 =                       z80_B   ds 1
00f1 =                       z80_E   ds 1
00f2 =                       z80_D   ds 1
00f3 =                       z80_L   ds 1
00f4 =                       z80_H   ds 1
00f5 =                       z80_IX  ds 2
00f7 =                       z80_AP  ds 1      ; save A'
                             ; temp variable used during play
00f8 =                       val1    ds 2
00fa =                       val2    ds 2
00fc =                       val3    ds 2
00fe =                       val4    ds 2
00f8 =                       TA1 = val1
00f9 =                       TA2 = val1+1
00fa =                       TB1 = val2
00fb =                       TB2 = val2+1
00fc =                       TC1 = val3
00fd =                       TC2 = val3+1
00fe =                       TB3 = val4
00ff =                       TC3 = val4+1
                             
                             ; =====================================
                             ; module PT3 address starts
                             ; =====================================
                                     code
cc17 :                       PT3_code_start
                             ; START = $e000 or PT3RELOCADDR
                             ; START+00 : Initialise a tune and start
                             ; START+03 : Disable tune and stop
                             ; START+06 : Mute sound every interrupt
                             ; START+09 : Pause but allow other sounds while p
                             ; START+0C : Resume tune
                             ; All will be extern routines
cc17 :                       PT3START
cc17 : 4c66cc           [ 3]         jmp _doStart
cc1a :                       PT3PAUSE
cc1a : 4c4ccc           [ 3]         jmp _doPause
cc1d :                       PT3RESUME
cc1d : 4c60cc           [ 3]         jmp _doResume
AS65 Assembler for R6502 [1.42].                                     Page   55
---------------------------------- bank3.s -----------------------------------

                             
                             ; We need to copy all this code to shadow RAM beh
                             ; Also ensure we're in **Bank 2** (not Bank 3) of
                             ; This is an extern routine needs to be callable 
                             ; Is called at power-on / reset
cc20 :                       PT3INIT
cc20 : 20e4cb           [ 6]         jsr init_ram_code       ; Copy code from 
                             
                             	; Save current port B status of both VIAs
cc23 : ad0004           [ 4] 	lda IO_0+PRB				; VIA0 port B is the ROM and RAM
cc26 : 48               [ 3] 	pha
cc27 : 29cf             [ 2] 	and #0b11001111				; Mask off RAM bank bits
cc29 : 0920             [ 2] 	ora #0b00100000				; Select bank 2
cc2b : 48               [ 3] 	pha					; Save new bank select
cc2c : ad8004           [ 4] 	lda IO_1+PRB				; VIA1 port B controls ROM enabl
cc2f : 48               [ 3] 	pha
cc30 : 29df             [ 2] 	and #0b11011111				; Disable ROM bit
cc32 : 48               [ 3] 	pha					; Save ROM disable state
                             
cc33 : a000             [ 2]         ldy #0
cc35 : 8435             [ 3]         sty tmp_a
cc37 : a6c0             [ 3]         ldx 0xc0
cc39 : 8636             [ 3]         stx tmp_a+1
cc3b :                       PT3INIT_COPY
cc3b : b135             [ 5]         lda (tmp_a),y           ; Get ROM byte
cc3d : 200c0c           [ 6]         jsr ram_code            ; Copy to shadow 
cc40 : c8               [ 2]         iny
cc41 : d0f8             [ 3]         bne PT3INIT_COPY
cc43 : e636             [ 5]         inc tmp_a+1             ; Increment page 
cc45 : d0f4             [ 3]         bne PT3INIT_COPY
                             
                                     ; Tidy the stack
cc47 : 68               [ 4]         pla
cc48 : 68               [ 4]         pla
cc49 : 68               [ 4]         pla
cc4a : 68               [ 4]         pla
                             
cc4b : 60               [ 6]         rts
                             
                             
                             ; Can play other sounds while paused
cc4c :                       _doPause
                                     ; Disable T1 interrupt on VIA 1
cc4c : a940             [ 2]         lda #0b01000000
cc4e : 8d8e04           [ 4]         sta IO_1+IER
                             
                                     ; Kill the channels with the sound throug
cc51 : a03f             [ 2]         ldy #0x3f
cc53 : a207             [ 2]         ldx #SND_REG_CTL
cc55 : 2074c6           [ 6]         jsr snd_set
                                     ; Zero the envolope register as it still 
cc58 : a000             [ 2]         ldy #0
cc5a : a20d             [ 2]         ldx #SND_REG_ENVCYC
cc5c : 2074c6           [ 6]         jsr snd_set
                             
cc5f : 60               [ 6]         rts
                             
                             ; Reinstate the PT3 IRQ
cc60 :                       _doResume
                                     ; Enable T1 interrupt on VIA 1
cc60 : a9c0             [ 2]         lda #0b11000000
cc62 : 8d8e04           [ 4]         sta IO_1+IER
AS65 Assembler for R6502 [1.42].                                     Page   56
---------------------------------- bank3.s -----------------------------------

cc65 : 60               [ 6]         rts
                             
                             
                             ; Initialise the player to start using A,X as son
                             ; Y is the loop preference
cc66 :                       _doStart
cc66 : 08               [ 3]         php
cc67 : 78               [ 2]         sei
cc68 : 84ed             [ 3]         sty SETUP               ; Set loop pref Y
                                     ; Disable T1 interrupt on VIA 1 just in c
cc6a : a040             [ 2]         ldy #0b01000000
cc6c : 8c8e04           [ 4]         sty IO_1+IER
                             ; For dflat, assume that A,X provides address of 
cc6f : 85f3             [ 3]         sta z80_L
cc71 : 86f4             [ 3]         stx z80_H
                                     ; Swtich to RAM bank 2 don't touch anythi
cc73 : ad0004           [ 4]         lda IO_0+PRB
cc76 : 48               [ 3]         pha                     ; Remember the ba
cc77 : 29cf             [ 2]         and #0b11001111
cc79 : 0920             [ 2]         ora #0b00100000
cc7b : 8d0004           [ 4]         sta IO_0+PRB
                                     ; Switch out ROM for RAM
cc7e : ad8004           [ 4]         lda IO_1+PRB                    ; Get cur
cc81 : 48               [ 3]         pha
cc82 : 29df             [ 2]         and #(0xff ^ MM_DIS)            ; Switch 
cc84 : 8d8004           [ 4]         sta IO_1+PRB                    ; Update 
                             ;        bra _doStart_test
                             
cc87 : 2007cd           [ 6] 	jsr INIT
                                     ; Remember previous user irq
cc8a : ad0a0c           [ 4]         lda int_usercia1
cc8d : 8dc1cc           [ 4]         sta oldIrq
cc90 : ad0b0c           [ 4]         lda int_usercia1+1
cc93 : 8dc2cc           [ 4]         sta oldIrq+1
                                     ; Set up timer for 50Hz (20ms) interrupts
                                     ; @5.36MHz it is 107,200 cycles
                                     ; which doesn't fit into 16 bits!
                                     ; so instead set up 100Hz (10ms) interrup
                                     ; which is 53,600 cycles, but only
                                     ; invoke the sound player every other
                                     ; interrupt!
                                     ; 53,600 = 0xd160
                                     ; Timer 1 of VIA 1
cc96 : a960             [ 2]         lda #0x60
cc98 : 8d8404           [ 4]         sta IO_1+T1CL
cc9b : a9d1             [ 2]         lda #0xd1
cc9d : 8d8504           [ 4]         sta IO_1+T1CH
                                     ; T1 of VIA1 set to continuous
cca0 : a940             [ 2]         lda #0b01000000
cca2 : 8d8b04           [ 4]         sta IO_1+ACR
                                     ; Instate PT3 irq
cca5 : a9d8             [ 2]         lda #lo(pt3Irq)
cca7 : 8d0a0c           [ 4]         sta int_usercia1
ccaa : a9cc             [ 2]         lda #hi(pt3Irq)
ccac : 8d0b0c           [ 4]         sta int_usercia1+1
                                     ; Enable T1 interrupt
ccaf : a9c0             [ 2]         lda #0b11000000
ccb1 : 8d8e04           [ 4]         sta IO_1+IER
                             ;_doStart_test
                                     ; Restore ROM
ccb4 : 68               [ 4]         pla                             ; Get ori
ccb5 : 8d8004           [ 4]         sta IO_1+PRB                    ; Update 
AS65 Assembler for R6502 [1.42].                                     Page   57
---------------------------------- bank3.s -----------------------------------

                                     ; Restore RAM bank
ccb8 : 68               [ 4]         pla                             ; Get ori
ccb9 : 8d0004           [ 4]         sta IO_0+PRB                    ; Update 
ccbc : 28               [ 4]         plp
ccbd : 60               [ 6]         rts
                                  
ccbe : 0000                  CrPsPtr	fcw 0 ; current position in PT3 module
ccc0 : 00                    intCount fcb 0      ; byte flag to call player on
ccc1 : 0000                  oldIrq fcw 0    ; Remember old IRQ vector
                             
                             ;Identifier
ccc3 : 3d565449492050..      	    db "=VTII PT3 Player r.",Revision,"="
                             
                             ;
                             ; Call pt3 player every interrupt
ccd8 :                       pt3Irq
                                     ; Call player every other interrupt
ccd8 : a980             [ 2]         lda #0x80
ccda : 4dc0cc           [ 4]         eor intCount
ccdd : 8dc0cc           [ 4]         sta intCount
cce0 : 1003             [ 3]         bpl skipInt_1
                                     ; Call the player each tick
cce2 : 2068d6           [ 6]         jsr PLAY
cce5 :                       skipInt_1
cce5 :                       skipInt
cce5 : 60               [ 6]         rts
                             
cce6 :                       CHECKLP
                             	                                                
cce6 : a5ed             [ 3]         lda SETUP                                
cce8 : 0980             [ 2]         ora #%10000000                           
ccea : 85ed             [ 3]         sta SETUP
ccec : 2901             [ 2]         and #1
ccee : d001             [ 3]         bne s1                                   
ccf0 : 60               [ 6] 	rts
ccf1 : 68               [ 4] s1	pla                                           
ccf2 : 68               [ 4]         pla       ; dépile 2 fois puisque rts sh
ccf3 : ee55da           [ 6] 	inc DelyCnt                                     
ccf6 : ee19da           [ 6]         inc ANtSkCn                              
ccf9 :                       _MUTE	                                           
ccf9 : a94f             [ 2]         lda #0x4f         ; Set Port A=output, Po
ccfb : 8d62da           [ 4]         sta AYREGS+Mixer  ; This is the daddy - s
ccfe : a900             [ 2]         lda #00                                  
cd00 : 85f4             [ 3]         sta z80_H                                
cd02 : 85f3             [ 3] 	sta z80_L                                       
                             ;	sta AYREGS+AmplA                               
                             ;	sta AYREGS+AmplB                               
                             ;       sta AYREGS+AmplC
cd04 : 4c59d8           [ 3] 	jmp ROUT                                        
                             
cd07 :                       INIT
cd07 : a5f3             [ 3] 	lda z80_L                                       
cd09 : 8d12d0           [ 4] 	sta MODADDR+1
cd0c : 8d55d3           [ 4]         sta MDADDR2+1
cd0f : 85f5             [ 3]         sta z80_IX
cd11 : 48               [ 3]         pha
cd12 : a5f4             [ 3]         lda z80_H
cd14 : 8d18d0           [ 4]         sta MODADDR+7
cd17 : 8d5bd3           [ 4]         sta MDADDR2+7
cd1a : 85f6             [ 3]         sta z80_IX+1
cd1c : 48               [ 3]         pha
cd1d : a964             [ 2]         lda #lo(100)                             
AS65 Assembler for R6502 [1.42].                                     Page   58
---------------------------------- bank3.s -----------------------------------

cd1f : 85f1             [ 3]         sta z80_E
cd21 : a900             [ 2]         lda #00
cd23 : 85f2             [ 3]         sta z80_D
cd25 : a8               [ 2]         tay
cd26 : 18               [ 2] 	clc                                             
cd27 : a5f1             [ 3]         lda z80_E
cd29 : 65f3             [ 3]         adc z80_L
cd2b : 85f3             [ 3]         sta z80_L
cd2d : a5f4             [ 3]         lda z80_H
cd2f : 6900             [ 2]         adc #00
cd31 : 85f4             [ 3]         sta z80_H
cd33 : b1f3             [ 5]         lda (z80_L),y                            
cd35 : 8d81d7           [ 4] 	sta Delay+1                                     
cd38 : a5f1             [ 3]         lda z80_E
cd3a : 65f3             [ 3]         adc z80_L
cd3c : 85f3             [ 3]         sta z80_L
cd3e : 8dbecc           [ 4]         sta CrPsPtr                              
cd41 : a5f4             [ 3]         lda z80_H
cd43 : 6900             [ 2]         adc #00
cd45 : 85f4             [ 3]         sta z80_H    
cd47 : 8dbfcc           [ 4]         sta CrPsPtr+1
cd4a : a066             [ 2] 	ldy #102               
cd4c : b1f5             [ 5]         lda (z80_IX),y
cd4e : 85f1             [ 3]         sta z80_E
cd50 : 18               [ 2] 	clc                                             
cd51 : 65f3             [ 3]         adc z80_L
cd53 : 85f3             [ 3]         sta z80_L
cd55 : a5f4             [ 3]         lda z80_H
cd57 : 6900             [ 2]         adc #00
cd59 : 85f4             [ 3]         sta z80_H       
cd5b : e6f3             [ 5] 	inc z80_L                                       
cd5d : d002             [ 3]         bne s2
cd5f : e6f4             [ 5]         inc z80_H
cd61 : a5f3             [ 3] s2	lda z80_L                                     
cd63 : 8db8d6           [ 4]         sta LPosPtr+1
cd66 : a5f4             [ 3]         lda z80_H
cd68 : 8dbcd6           [ 4]         sta LPosPtr+5
cd6b : 68               [ 4] 	pla                                             
cd6c : 85f2             [ 3]         sta z80_D
cd6e : 68               [ 4]         pla
cd6f : 85f1             [ 3]         sta z80_E
cd71 : a067             [ 2] 	ldy #103               
cd73 : b1f5             [ 5]         lda (z80_IX),y
cd75 : 18               [ 2] 	clc                                             
cd76 : 65f1             [ 3]         adc z80_E
cd78 : 8ddfd6           [ 4]         sta PatsPtr+1   
cd7b : a068             [ 2]         ldy #104                  
cd7d : b1f5             [ 5]         lda (z80_IX),y
cd7f : 65f2             [ 3]         adc z80_D
cd81 : 8de6d6           [ 4]         sta PatsPtr+8
cd84 : a9a9             [ 2]         lda #lo(169)                             
cd86 : 18               [ 2]         clc                                      
cd87 : 65f1             [ 3]         adc z80_E
cd89 : 8d44d3           [ 4]         sta OrnPtrs+1   
cd8c : a900             [ 2]         lda #00
cd8e : 65f2             [ 3]         adc z80_D
cd90 : 8d4bd3           [ 4]         sta OrnPtrs+8
cd93 : a969             [ 2]         lda #lo(105)                             
cd95 : 18               [ 2]         clc                                      
cd96 : 65f1             [ 3]         adc z80_E
cd98 : 8d01d0           [ 4]         sta SamPtrs+1
cd9b : a900             [ 2]         lda #00
AS65 Assembler for R6502 [1.42].                                     Page   59
---------------------------------- bank3.s -----------------------------------

                                     ;INIT zeroes from VARS to VAR0END-1 (area
cd9d : a06c             [ 2]         ldy #(VAR0END-VARS-1)
cd9f :                       LOOP_LDIR 
cd9f : 99fed9           [ 5]         sta VARS,y
cda2 : 88               [ 2]         dey         ; (carry not modified)
cda3 : 10fa             [ 3]         bpl LOOP_LDIR
                                     ; A = #00  
cda5 : 65f2             [ 3]         adc z80_D
cda7 : 8d08d0           [ 4]         sta SamPtrs+8                            
cdaa : a5ed             [ 3]         lda SETUP                                
cdac : 297f             [ 2]         and #%01111111
cdae : 85ed             [ 3]         sta SETUP
                                     
cdb0 : a99c             [ 2] 	lda #lo(T1_)
cdb2 : 85f1             [ 3]         sta z80_E
cdb4 : a9d9             [ 2]         lda #hi(T1_)
cdb6 : 85f2             [ 3]         sta z80_D
cdb8 : a901             [ 2]         lda #$01                                 
cdba : 8d55da           [ 4] 	sta DelyCnt                                     
cdbd : 8d19da           [ 4]         sta ANtSkCn
cdc0 : 8d36da           [ 4]         sta BNtSkCn
cdc3 : 8d53da           [ 4]         sta CNtSkCn
cdc6 : a9f0             [ 2]         lda #$F0
cdc8 : 8d1ada           [ 4] 	sta AVolume                                     
cdcb : 8d37da           [ 4] 	sta BVolume                                     
cdce : 8d54da           [ 4] 	sta CVolume                                     
cdd1 : a998             [ 2]         lda #lo(EMPTYSAMORN)                     
cdd3 : 85f3             [ 3]         sta z80_L
cdd5 : 8d86d6           [ 4]         sta AdInPtA+1
cdd8 : 8d0bda           [ 4]         sta AOrnPtr
cddb : 8d28da           [ 4]         sta BOrnPtr
cdde : 8d45da           [ 4]         sta COrnPtr
cde1 : 8d0dda           [ 4]         sta ASamPtr
cde4 : 8d2ada           [ 4]         sta BSamPtr
cde7 : 8d47da           [ 4]         sta CSamPtr
cdea : a9d9             [ 2]         lda #hi(EMPTYSAMORN)
cdec : 85f4             [ 3]         sta z80_H
cdee : 8d8ad6           [ 4] 	sta AdInPtA+5                                   
cdf1 : 8d0cda           [ 4] 	sta AOrnPtr+1                                   
cdf4 : 8d29da           [ 4] 	sta BOrnPtr+1                                   
cdf7 : 8d46da           [ 4] 	sta COrnPtr+1                                   
cdfa : 8d0eda           [ 4] 	sta ASamPtr+1                                   
cdfd : 8d2bda           [ 4] 	sta BSamPtr+1                                   
ce00 : 8d48da           [ 4] 	sta CSamPtr+1                                   
                             	    			                                         
                                     
ce03 : a00d             [ 2] 	ldy #13                    
ce05 : b1f5             [ 5]         lda (z80_IX),y
ce07 : 38               [ 2]         sec                                      
ce08 : e930             [ 2]         sbc #$30        ; ascii value - 30 = vers
ce0a : 9004             [ 3] 	bcc L20         ; inverse (pour SUB aussi)      
ce0c : c90a             [ 2] 	cmp #10                                         
ce0e : 9002             [ 3] 	bcc L21         ; < 10                          
ce10 :                       L20	    
ce10 : a906             [ 2]         lda #6          ; version par defaut si i
ce12 :                       L21	    
ce12 : 8db9d1           [ 4]         sta Version+1                            
ce15 : 48               [ 3] 	pha             ; save version nb
ce16 : c904             [ 2]         cmp #4          ; version 4 ?            
ce18 : 9003             [ 3]         bcc s7b         ; < 4 (inverse carry)
ce1a : 18               [ 2]         clc
ce1b : 9001             [ 3]         bcc s8b         ; always
AS65 Assembler for R6502 [1.42].                                     Page   60
---------------------------------- bank3.s -----------------------------------

ce1d : 38               [ 2] s7b     sec
ce1e : a063             [ 2] s8b     ldy #99                 
ce20 : b1f5             [ 5]         lda (z80_IX),y  
ce22 : 2a               [ 2]         rol a           ; carry !                
ce23 : 2907             [ 2] 	and #7          ; clear all bit except 0-1-2    
ce25 : aa               [ 2]         tax             ; save A
                             ;NoteTableCreator (c) Ivan Roshin
                             ;A - NoteTableNumber*2+VersionForNoteTable
                             ;(xx1b - 3.xx..3.4r, xx0b - 3.4x..3.6x..VTII1.0)
                             
ce26 : a948             [ 2]      	lda #lo(NT_DATA)											    
ce28 : 85f3             [ 3]      	sta z80_L
ce2a : a9d9             [ 2]      	lda #hi(NT_DATA)
ce2c : 85f4             [ 3]      	sta z80_H
ce2e : a5f1             [ 3]      	lda z80_E													
ce30 : 85ef             [ 3]      	sta z80_C
ce32 : a5f2             [ 3]      	lda z80_D
ce34 : 85f0             [ 3]      	sta z80_B
ce36 : a900             [ 2]      	lda #00
ce38 : a8               [ 2]         tay           ; ldy #00	        
ce39 : 85f2             [ 3]      	sta z80_D
ce3b : 8a               [ 2]      	txa           ; restore A									
ce3c : 0a               [ 2]      	asl a															
ce3d : 85f1             [ 3]      	sta z80_E													
ce3f : 18               [ 2]      	clc                                        
ce40 : 65f3             [ 3]         adc z80_L
ce42 : 85f3             [ 3]         sta z80_L
ce44 : a5f2             [ 3]         lda z80_D
ce46 : 65f4             [ 3]         adc z80_H
ce48 : 85f4             [ 3]         sta z80_H													
ce4a : b1f3             [ 5]      	lda (z80_L),y												
ce4c : 85f1             [ 3]      	sta z80_E
ce4e : e6f3             [ 5]      	inc z80_L                                  
ce50 : d002             [ 3]         bne s9b
ce52 : e6f4             [ 5]         inc z80_H
ce54 :                       s9b 
ce54 : 46f1             [ 5] 	lsr z80_E											    				     				
ce56 : b004             [ 3] 	bcs sb		; si c = 0 => $EA (NOP) / si c = 1 => $1
ce58 : a9ea             [ 2] sa  	lda #$EA 	; -> $EA (NOP)
ce5a : d002             [ 3]         bne sb1		; always	
ce5c : a918             [ 2] sb	lda #$18	; -> $18 (clc) 									
ce5e : 8dd0ce           [ 4] sb1	sta L3		            									
ce61 : a5f1             [ 3] 	lda z80_E													
ce63 : a6f3             [ 3] 	ldx z80_L
ce65 : 85f3             [ 3] 	sta z80_L
ce67 : 86f1             [ 3] 	stx z80_E
ce69 : a5f2             [ 3] 	lda z80_D
ce6b : a6f4             [ 3] 	ldx z80_H
ce6d : 85f4             [ 3] 	sta z80_H
ce6f : 86f2             [ 3] 	stx z80_D
ce71 : 18               [ 2] 	clc                                             
ce72 : a5ef             [ 3]     	lda z80_C
ce74 : 65f3             [ 3]     	adc z80_L
ce76 : 85f3             [ 3]     	sta z80_L
ce78 : a5f0             [ 3]     	lda z80_B
ce7a : 65f4             [ 3]     	adc z80_H
ce7c : 85f4             [ 3]     	sta z80_H
                             
ce7e : b1f1             [ 5] 	lda (z80_E),y												
ce80 : 18               [ 2] 	clc                                             
ce81 : 6958             [ 2]         adc #lo(T_)
ce83 : 85ef             [ 3] 	sta z80_C
AS65 Assembler for R6502 [1.42].                                     Page   61
---------------------------------- bank3.s -----------------------------------

ce85 : 48               [ 3]         pha                                      
ce86 : 69d9             [ 2]         adc #hi(T_)                              
ce88 : 38               [ 2] 	sec                                             
ce89 : e5ef             [ 3]         sbc z80_C
ce8b : 85f0             [ 3]         sta z80_B                                
ce8d : 48               [ 3] 	pha
                             
ce8e : a95b             [ 2] 	lda #lo(NT_)											
ce90 : 85f1             [ 3] 	sta z80_E
ce92 : 48               [ 3] 	pha															
ce93 : a9db             [ 2] 	lda #hi(NT_)
ce95 : 85f2             [ 3] 	sta z80_D
ce97 : 48               [ 3] 	pha
ce98 : a90c             [ 2] 	lda #12														
ce9a : 85f0             [ 3] 	sta z80_B
ce9c :                       L1	    
ce9c : a5ef             [ 3]         lda z80_C													
ce9e : 48               [ 3] 	pha
ce9f : a5f0             [ 3] 	lda z80_B
cea1 : 48               [ 3] 	pha
cea2 : b1f3             [ 5] 	lda (z80_L),y												
cea4 : 85ef             [ 3] 	sta z80_C
cea6 : e6f3             [ 5] 	inc z80_L                                       
cea8 : d002             [ 3]         bne sc
ceaa : e6f4             [ 5]         inc z80_H
ceac :                       sc     
ceac : a5f3             [ 3] 	lda z80_L												    
ceae : 48               [ 3] 	pha
ceaf : a5f4             [ 3] 	lda z80_H
ceb1 : 48               [ 3] 	pha
ceb2 : b1f3             [ 5] 	lda (z80_L),y												
ceb4 : 85f0             [ 3] 	sta z80_B
                             
ceb6 : a5f1             [ 3] 	lda z80_E       												
ceb8 : 85f3             [ 3] 	sta z80_L
ceba : 48               [ 3]         pha
cebb : a5f2             [ 3] 	lda z80_D
cebd : 85f4             [ 3] 	sta z80_H
cebf : 48               [ 3]         pha
cec0 : a917             [ 2] 	lda #lo(23)		    										
cec2 : 85f1             [ 3] 	sta z80_E
cec4 : a900             [ 2] 	lda #hi(23)
cec6 : 85f2             [ 3] 	sta z80_D
cec8 : a908             [ 2] 	lda #8														
ceca : 85f6             [ 3] 	sta z80_IX+1
                                     
cecc :                       L2	    
cecc : 46f0             [ 5]         lsr z80_B													
cece : 66ef             [ 5] 	ror z80_C													
ced0 :                       L3	    
ced0 : ac                    	fcb $AC			; clc ($18) or NOP ($EA)
ced1 : a5ef             [ 3] 	lda z80_C													
ced3 : 6900             [ 2] 	adc #00  		    								    	
ced5 : 91f3             [ 5] 	sta (z80_L),y												
ced7 : e6f3             [ 5] 	inc z80_L                                       
ced9 : d002             [ 3]         bne sd
cedb : e6f4             [ 5]         inc z80_H
cedd :                       sd      
cedd : a5f0             [ 3]         lda z80_B													
cedf : 6900             [ 2] 	adc #00 													
cee1 : 91f3             [ 5] 	sta (z80_L),y												
cee3 : 18               [ 2] 	clc                                             
AS65 Assembler for R6502 [1.42].                                     Page   62
---------------------------------- bank3.s -----------------------------------

cee4 : a5f1             [ 3]         lda z80_E
cee6 : 65f3             [ 3]         adc z80_L
cee8 : 85f3             [ 3]         sta z80_L
ceea : a5f2             [ 3]         lda z80_D
ceec : 65f4             [ 3]         adc z80_H
ceee : 85f4             [ 3]         sta z80_H
cef0 : c6f6             [ 5] 	dec z80_IX+1											    
cef2 : d0d8             [ 3] 	bne L2														
                             
cef4 : 68               [ 4] 	pla															
cef5 : 85f2             [ 3] 	sta z80_D
cef7 : 68               [ 4] 	pla         
cef8 : 6902             [ 2]         adc #02     
cefa : 85f1             [ 3]         sta z80_E   
cefc : 9002             [ 4]         bcc sf      
cefe : e6f2             [ 5]         inc z80_D 
                             
cf00 :                       sf     
cf00 : 68               [ 4] 	pla												    	    
cf01 : 85f4             [ 3] 	sta z80_H
cf03 : 68               [ 4] 	pla
cf04 : 85f3             [ 3] 	sta z80_L
cf06 : e6f3             [ 5] 	inc z80_L                                       
cf08 : d002             [ 3]         bne sg
cf0a : e6f4             [ 5]         inc z80_H
cf0c :                       sg     
cf0c : 68               [ 4] 	pla												    	    
cf0d : 85f0             [ 3] 	sta z80_B
cf0f : 68               [ 4] 	pla
cf10 : 85ef             [ 3] 	sta z80_C
cf12 : c6f0             [ 5] 	dec z80_B													
cf14 : f003             [ 3] 	beq sg1
cf16 : 4c9cce           [ 3]         jmp L1
cf19 :                       sg1        
cf19 : 68               [ 4] 	pla															
cf1a : 85f4             [ 3] 	sta z80_H
cf1c : 68               [ 4] 	pla
cf1d : 85f3             [ 3] 	sta z80_L
cf1f : 68               [ 4] 	pla															
cf20 : 85f2             [ 3] 	sta z80_D
cf22 : 68               [ 4] 	pla
cf23 : 85f1             [ 3] 	sta z80_E
                                     								
cf25 : c964             [ 2] 	cmp #lo(TCOLD_1)		        								
cf27 : d005             [ 3]         bne CORR_1													
cf29 : a9fd             [ 2] 	lda #$FD													
cf2b : 8d89db           [ 4] 	sta NT_+$2E									 				
                             
cf2e :                       CORR_1	
cf2e : 18               [ 2]         clc                                      
cf2f : b1f1             [ 5]         lda (z80_E),y																										
cf31 : f037             [ 3] 	beq TC_EXIT													
cf33 : 6a               [ 2] 	ror a															
cf34 : 08               [ 3] 	php			    ; save carry														
cf35 : 0a               [ 2] 	asl a															
cf36 : 85ef             [ 3] 	sta z80_C													
cf38 : 18               [ 2] 	clc                                             
cf39 : 65f3             [ 3]         adc z80_L
cf3b : 85f3             [ 3]         sta z80_L
cf3d : a5f0             [ 3]         lda z80_B
cf3f : 65f4             [ 3]         adc z80_H
cf41 : 85f4             [ 3]         sta z80_H                                
AS65 Assembler for R6502 [1.42].                                     Page   63
---------------------------------- bank3.s -----------------------------------

cf43 : 28               [ 4] 	plp             ; restore carry (du ror)	       
cf44 : 9007             [ 3] 	bcc CORR_2                                      
cf46 : b1f3             [ 5] 	lda (z80_L),y												
cf48 : 38               [ 2] 	sec															
cf49 : e902             [ 2] 	sbc #$02
cf4b : 91f3             [ 5] 	sta (z80_L),y
                             	
cf4d :                       CORR_2	
cf4d : b1f3             [ 5]         lda (z80_L),y												
cf4f : 18               [ 2] 	clc			
cf50 : 6901             [ 2] 	adc #$01
cf52 : 91f3             [ 5] 	sta (z80_L),y
cf54 : 38               [ 2]         sec   		                                 
cf55 : a5f3             [ 3] 	lda z80_L                                       
cf57 : e5ef             [ 3] 	sbc z80_C
cf59 : 85f3             [ 3] 	sta z80_L
cf5b : a5f4             [ 3] 	lda z80_H
cf5d : e5f0             [ 3] 	sbc z80_B
cf5f : 85f4             [ 3] 	sta z80_H
cf61 : e6f1             [ 5] 	inc z80_E                                       
cf63 : d002             [ 3]         bne sh
cf65 : e6f2             [ 5]         inc z80_D
cf67 :                       sh     
cf67 : 4c2ecf           [ 3] 	jmp CORR_1												    
                             
cf6a :                       TC_EXIT
cf6a : 68               [ 4] 	pla			; restore version number						
                             
                             ;VolTableCreator (c) Ivan Roshin
                             ;A - VersionForVolumeTable (0..4 - 3.xx..3.4x;
                             ;5.. - 3.5x..3.6x..VTII1.0)
                             
cf6b : c905             [ 2] 	cmp #5		; version 										
cf6d : a911             [ 2] 	lda #lo($11)                                    
cf6f : 85f3             [ 3] 	sta z80_L
cf71 : a900             [ 2]         lda #hi($11)													
cf73 : 85f4             [ 3] 	sta z80_H													
cf75 : 85f2             [ 3] 	sta z80_D                                       
cf77 : 85f1             [ 3] 	sta z80_E													
cf79 : a92a             [ 2] 	lda #$2A	; ($2A = rol A)								    
cf7b : b008             [ 3] 	bcs M1		; CP -> carry inverse (CP 5)					
cf7d : c6f3             [ 5] 	dec z80_L													
cf7f : a5f3             [ 3] 	lda z80_L													
cf81 : 85f1             [ 3] 	sta z80_E
cf83 : a9ea             [ 2] 	lda #$EA	; ($EA = NOP)			    					
cf85 :                       M1          
cf85 : 8daccf           [ 4]         sta M2														
cf88 : a96b             [ 2] 	lda #lo(VT_+16)												
cf8a : 85f5             [ 3] 	sta z80_IX
cf8c : a9da             [ 2] 	lda #hi(VT_+16)
cf8e : 85f6             [ 3] 	sta z80_IX+1
cf90 : a910             [ 2] 	lda #$10													
cf92 : 85ef             [ 3] 	sta z80_C
                             
cf94 :                       INITV2  
cf94 : 18               [ 2]         clc
cf95 : a5f3             [ 3]         lda z80_L													
cf97 : 48               [ 3] 	pha
cf98 : 65f1             [ 3]         adc z80_E
cf9a : 85f1             [ 3]         sta z80_E
cf9c : a5f4             [ 3] 	lda z80_H
cf9e : 48               [ 3] 	pha
AS65 Assembler for R6502 [1.42].                                     Page   64
---------------------------------- bank3.s -----------------------------------

cf9f : 65f2             [ 3]         adc z80_D
cfa1 : 85f2             [ 3]         sta z80_D
                             	    
cfa3 : a900             [ 2]         lda #00														
cfa5 : 85f3             [ 3] 	sta z80_L
cfa7 : 85f4             [ 3] 	sta z80_H
cfa9 : 18               [ 2]         clc
cfaa :                       INITV1  
cfaa : a5f3             [ 3]         lda z80_L													
cfac :                       M2          
cfac : ac                            fcb $AC	    ; $EA (nop) ou $2A (rol)
cfad : a5f4             [ 3] 	lda z80_H													
cfaf : 6900             [ 2] 	adc #00			; + carry                             
cfb1 : 91f5             [ 5] 	sta (z80_IX),y												
cfb3 : e6f5             [ 5] 	inc z80_IX                                      
cfb5 : d002             [ 3]         bne si
cfb7 : e6f6             [ 5]         inc z80_IX+1
cfb9 :                       si     
cfb9 : 18               [ 2] 	clc                                             
cfba : a5f1             [ 3]         lda z80_E
cfbc : 65f3             [ 3]         adc z80_L
cfbe : 85f3             [ 3]         sta z80_L
cfc0 : a5f2             [ 3]         lda z80_D
cfc2 : 65f4             [ 3]         adc z80_H
cfc4 : 85f4             [ 3]         sta z80_H
cfc6 : e6ef             [ 5] 	inc z80_C												    
cfc8 : a5ef             [ 3] 	lda z80_C													
cfca : 290f             [ 2] 	and #15														
cfcc : 18               [ 2]         clc         ; carry cleared by and
cfcd : d0db             [ 3] 	bne INITV1													
                             
cfcf : 68               [ 4] 	pla															
cfd0 : 85f4             [ 3] 	sta z80_H
cfd2 : 68               [ 4] 	pla
cfd3 : 85f3             [ 3] 	sta z80_L
cfd5 : a5f1             [ 3] 	lda z80_E													
cfd7 : c977             [ 2] 	cmp #$77													
cfd9 : d002             [ 3] 	bne M3														
cfdb : e6f1             [ 5] 	inc z80_E													
cfdd :                       M3      
cfdd : 18               [ 2]         clc                                      
cfde : a5ef             [ 3]         lda z80_C																								
cfe0 : d0b2             [ 3] 	bne	INITV2													
                             
cfe2 : 4c59d8           [ 3] 	jmp ROUT													
                             ; ===============================================
                             ; Pattern Decoder
cfe5 :                       PD_OrSm	
cfe5 : a014             [ 2]         ldy #Env_En     										    
cfe7 : a900             [ 2] 	lda #00
cfe9 : 91f5             [ 5] 	sta (z80_IX),y
cfeb : 2036d3           [ 6] 	jsr SETORN													
cfee : a000             [ 2] 	ldy #00					; lda ($AC,x)									
cff0 : b1ef             [ 5] 	lda (z80_C),y
cff2 : e6ef             [ 5] 	inc z80_C                                       
cff4 : d002             [ 3]         bne sj
cff6 : e6f0             [ 5]         inc z80_B
cff8 :                       sj     
cff8 : 4a               [ 2] 	lsr a 													    
cff9 : 9002             [ 3]         bcc sj1
cffb : 0980             [ 2]         ora #$80
cffd :                       sj1     
AS65 Assembler for R6502 [1.42].                                     Page   65
---------------------------------- bank3.s -----------------------------------

cffd :                       PD_SAM	
cffd : 0a               [ 2]         asl a 											    		
cffe :                       PD_SAM_	
cffe : 85f1             [ 3]         sta z80_E													
d000 :                       SamPtrs		
d000 : a9ac             [ 2] 	lda #$AC				
d002 : 18               [ 2]         clc
d003 : 65f1             [ 3]         adc z80_E
d005 : 85f3             [ 3] 	sta z80_L
d007 : a9ac             [ 2] 	lda #$AC
d009 : 6900             [ 2]         adc #00
d00b : 85f4             [ 3] 	sta z80_H
                             
d00d : a000             [ 2]         ldy #00
d00f : b1f3             [ 5] 	lda (z80_L),y
d011 :                       MODADDR		
d011 : 69ac             [ 2] 	adc #$AC												
d013 : aa               [ 2] 	tax             ; save
d014 : c8               [ 2] 	iny                                             
d015 : b1f3             [ 5] 	lda (z80_L),y
d017 : 69ac             [ 2]         adc #$AC								    			
                             
d019 : a010             [ 2] 	ldy #SamPtr+1         										
d01b : 91f5             [ 5] 	sta (z80_IX),y
d01d : 88               [ 2] 	dey															
d01e : 8a               [ 2] 	txa         
d01f : 91f5             [ 5] 	sta (z80_IX),y
d021 : 4c96d0           [ 3] 	jmp PD_LOOP													
                             
d024 :                       PD_VOL	
d024 : 0a               [ 2]         asl a															
d025 : 6900             [ 2]         adc #00
d027 : 0a               [ 2] 	asl a															
d028 : 6900             [ 2]         adc #00
d02a : 0a               [ 2] 	asl a															
d02b : 6900             [ 2]         adc #00
d02d : 0a               [ 2] 	asl a															
d02e : 6900             [ 2]         adc #00
d030 : a01c             [ 2] 	ldy #Volume         										
d032 : 91f5             [ 5] 	sta (z80_IX),y
d034 : 4c9ad0           [ 3]         jmp PD_LP2													
                             	
d037 :                       PD_EOff	
d037 : a014             [ 2]         ldy #Env_En		    	        							
d039 : 91f5             [ 5] 	sta (z80_IX),y
d03b : a000             [ 2] 	ldy #PsInOr   			    					    		
d03d : 91f5             [ 5] 	sta (z80_IX),y
d03f : 4c9ad0           [ 3] 	jmp PD_LP2													
                             
d042 :                       PD_SorE	
d042 : 38               [ 2]         sec															
d043 : e901             [ 2] 	sbc #01
d045 : 85ee             [ 3]         sta z80_A
d047 : d011             [ 3] 	bne PD_ENV													
d049 : a000             [ 2] 	ldy #00			        ; lda ($AC,x)												
d04b : b1ef             [ 5] 	lda (z80_C),y
d04d : e6ef             [ 5] 	inc z80_C                                       
d04f : d002             [ 3]         bne sl
d051 : e6f0             [ 5]         inc z80_B
d053 :                       sl     
d053 : a011             [ 2] 	ldy #NNtSkp    		        								
d055 : 91f5             [ 5] 	sta (z80_IX),y
AS65 Assembler for R6502 [1.42].                                     Page   66
---------------------------------- bank3.s -----------------------------------

d057 : 4c9ad0           [ 3]         jmp PD_LP2													
                             
d05a :                       PD_ENV	
d05a : 20f9d2           [ 6]         jsr SETENV													
d05d : 4c9ad0           [ 3] 	jmp PD_LP2													
                             
d060 :                       PD_ORN	
d060 : 2036d3           [ 6]         jsr SETORN													
d063 : 4c96d0           [ 3] 	jmp PD_LOOP													
                             
d066 :                       PD_ESAM	
d066 : a014             [ 2]         ldy #Env_En	             									
d068 : 91f5             [ 5] 	sta (z80_IX),y
d06a : a000             [ 2] 	ldy #PsInOr	    		        							
d06c : 91f5             [ 5] 	sta (z80_IX),y
d06e : a5ee             [ 3] 	lda z80_A           
d070 : f003             [ 3]         beq sm														
d072 : 20f9d2           [ 6] 	jsr SETENV
d075 : a000             [ 2] sm	ldy #00			    ; lda ($AC,x)												
d077 : b1ef             [ 5] 	lda (z80_C),y
d079 : e6ef             [ 5] 	inc z80_C                                       
d07b : d002             [ 3]         bne sn
d07d : e6f0             [ 5]         inc z80_B
d07f :                       sn     
d07f : 4cfecf           [ 3]         jmp PD_SAM_								     			    
                             
d082 :                       PTDECOD 
d082 : a012             [ 2]         ldy #Note   							    				
d084 : b1f5             [ 5] 	lda (z80_IX),y
d086 : 8d7bd1           [ 4] 	sta PrNote+1												
d089 : a006             [ 2] 	ldy #CrTnSl    		    						    		
d08b : b1f5             [ 5] 	lda (z80_IX),y                                  
d08d : 8dc1d1           [ 4] 	sta PrSlide+1												
d090 : c8               [ 2]         iny 
d091 : b1f5             [ 5] 	lda (z80_IX),y											
d093 : 8dc8d1           [ 4] 	sta PrSlide+8
                             
d096 :                       PD_LOOP	
d096 : a910             [ 2]         lda #$10													
d098 : 85f1             [ 3] 	sta z80_E
                             	
d09a :                       PD_LP2	
d09a : a000             [ 2]         ldy #00			    ; lda ($AC,x)												
d09c : b1ef             [ 5] 	lda (z80_C),y
d09e : e6ef             [ 5] 	inc z80_C                                       
d0a0 : d002             [ 3]         bne so
d0a2 : e6f0             [ 5]         inc z80_B
d0a4 :                       so
d0a4 : 18               [ 2] 	clc															
d0a5 : 6910             [ 2] 	adc #$10
d0a7 : 9005             [ 3] 	bcc so1
d0a9 : 85ee             [ 3]         sta z80_A            
d0ab : 4ce5cf           [ 3]         jmp PD_OrSm
d0ae : 6920             [ 2] so1     adc #$20                                 
d0b0 : d003             [ 3] 	bne so11													
d0b2 : 4c2dd1           [ 3]         jmp PD_FIN
d0b5 : 9003             [ 3] so11	bcc so2													    
d0b7 : 4cfdcf           [ 3]         jmp PD_SAM
d0ba : 6910             [ 2] so2	adc #$10                                     
d0bc : f04b             [ 4] 	beq PD_REL													
d0be : 9003             [ 3] 	bcc so3 													
d0c0 : 4c24d0           [ 3]         jmp PD_VOL
AS65 Assembler for R6502 [1.42].                                     Page   67
---------------------------------- bank3.s -----------------------------------

d0c3 : 6910             [ 2] so3	adc #$10                                     
d0c5 : d003             [ 3] 	bne so4										    			
d0c7 : 4c37d0           [ 3]         jmp PD_EOff
d0ca : 9003             [ 3] so4	bcc	so5												    	
d0cc : 4c42d0           [ 3] 	jmp PD_SorE
d0cf : 6960             [ 2] so5     adc #96                                  
d0d1 : b041             [ 4] 	bcs PD_NOTE													
d0d3 : 6910             [ 2] 	adc #$10                                        
d0d5 : 9005             [ 3] 	bcc so6
d0d7 : 85ee             [ 3]         sta z80_A												    	
d0d9 : 4c60d0           [ 3]         jmp PD_ORN													
d0dc : 6920             [ 2] so6	adc #$20                                     
d0de : b023             [ 4] 	bcs PD_NOIS													 														
d0e0 : 6910             [ 2] 	adc #$10                                        
d0e2 : 9005             [ 3]         bcc so7
d0e4 : 85ee             [ 3]         sta z80_A												    	
d0e6 : 4c66d0           [ 3]         jmp PD_ESAM
d0e9 : 0a               [ 2] so7	asl a															
d0ea : 85f1             [ 3] 	sta z80_E
d0ec : 18               [ 2]         clc                                      
d0ed : 6985             [ 2]         adc #lo(SPCCOMS+$FF20)							        
d0ef : 85f3             [ 3]         sta z80_L
d0f1 : a9d2             [ 2] 	lda #hi(SPCCOMS+$FF20)
d0f3 : 6900             [ 2]         adc #00
d0f5 : 85f4             [ 3] 	sta z80_H
                                     ; on doit inverser le PUSH car l'adresse 
d0f7 : a001             [ 2]         ldy #01	
d0f9 : b1f3             [ 5] 	lda (z80_L),y												
d0fb : 48               [ 3] 	pha             ; push D
d0fc : 88               [ 2] 	dey                                             
d0fd : b1f3             [ 5] 	lda (z80_L),y										        
d0ff : 48               [ 3] 	pha             ; push E
d100 : 4c96d0           [ 3] 	jmp PD_LOOP													
                             
d103 :                       PD_NOIS									
d103 : 8d59da           [ 4]         sta Ns_Base                              
d106 : 4c9ad0           [ 3] 	jmp PD_LP2													
                             
d109 :                       PD_REL	
d109 : a015             [ 2]         ldy #Flags   								    			
d10b : b1f5             [ 5] 	lda (z80_IX),y
d10d : 29fe             [ 2] 	and #%11111110
d10f : 91f5             [ 5] 	sta (z80_IX),y
d111 : 4c20d1           [ 3] 	jmp PD_RES													
                             	
d114 :                       PD_NOTE	
d114 : a012             [ 2]         ldy #Note    	 				    						
d116 : 91f5             [ 5] 	sta (z80_IX),y	
d118 : a015             [ 2] 	ldy #Flags      											
d11a : b1f5             [ 5] 	lda (z80_IX),y
d11c : 0901             [ 2] 	ora #%00000001
d11e : 91f5             [ 5] 	sta (z80_IX),y
                             	    													
d120 :                       PD_RES												
d120 : a900             [ 2]         lda #00	
d122 : 85f3             [ 3]         sta z80_L
d124 : 85f4             [ 3] 	sta z80_H
d126 : a00b             [ 2] 	ldy #11
d128 :                       bres
d128 : 91f5             [ 5] 	sta (z80_IX),y          
d12a : 88               [ 2] 	dey
d12b : 10fb             [ 3]         bpl bres
AS65 Assembler for R6502 [1.42].                                     Page   68
---------------------------------- bank3.s -----------------------------------

d12d :                       PD_FIN	
d12d : a011             [ 2] 	ldy #NNtSkp     						    				
d12f : b1f5             [ 5] 	lda (z80_IX),y
d131 : a01b             [ 2] 	ldy #NtSkCn     		    								
d133 : 91f5             [ 5] 	sta (z80_IX),y
d135 : 60               [ 6] 	rts 														
                             
d136 :                       C_PORTM
d136 : a015             [ 2] 	ldy #Flags  												
d138 : b1f5             [ 5] 	lda (z80_IX),y
d13a : 29fb             [ 2] 	and #%11111011
d13c : 91f5             [ 5] 	sta (z80_IX),y
d13e : a000             [ 2] 	ldy #00			    ; lda ($AC,x)												
d140 : b1ef             [ 5] 	lda (z80_C),y
d142 : a016             [ 2]         ldy #TnSlDl     				    			    		
d144 : 91f5             [ 5] 	sta (z80_IX),y
d146 : a005             [ 2]         ldy #TSlCnt	        			    						
d148 : 91f5             [ 5] 	sta (z80_IX),y
                             
d14a : 18               [ 2]         clc
d14b : a5ef             [ 3]         lda z80_C
d14d : 6903             [ 2]         adc #03
d14f : 85ef             [ 3]         sta z80_C
d151 : 9002             [ 3]         bcc st
d153 : e6f0             [ 5]         inc z80_B
d155 :                       st     
d155 : a95b             [ 2] 	lda #lo(NT_)			; OPT										
d157 : 85f1             [ 3] 	sta z80_E
d159 : a9db             [ 2] 	lda #hi(NT_)           ; OPT
d15b : 85f2             [ 3] 	sta z80_D
d15d : a012             [ 2] 	ldy #Note	        										
d15f : b1f5             [ 5] 	lda (z80_IX),y
d161 : a013             [ 2] 	ldy #SlToNt         										
d163 : 91f5             [ 5] 	sta (z80_IX),y
d165 : 0a               [ 2] 	asl a																																											
d166 : 18               [ 2] 	clc                                             
d167 : 65f1             [ 3]         adc z80_E           ; OPT
d169 : 85f3             [ 3]         sta z80_L
d16b : a5f2             [ 3]         lda z80_D           ; OPT
d16d : 6900             [ 2]         adc #00           
d16f : 85f4             [ 3]         sta z80_H
d171 : a000             [ 2]         ldy #00	
d173 : b1f3             [ 5] 	lda (z80_L),y 												
d175 : 48               [ 3] 	pha	
d176 : c8               [ 2] 	iny                                             
d177 : b1f3             [ 5] 	lda (z80_L),y 												
d179 : 48               [ 3] 	pha
d17a :                       PrNote	
d17a : a93e             [ 2]         lda #$3E													
d17c : a012             [ 2] 	ldy #Note   					    						
d17e : 91f5             [ 5] 	sta (z80_IX),y
d180 : 0a               [ 2] 	asl a																																			
d181 : 18               [ 2] 	clc                                             
d182 : 65f1             [ 3]         adc z80_E           ; OPT
d184 : 85f3             [ 3]         sta z80_L
d186 : a5f2             [ 3]         lda z80_D           ; OPT
d188 : 6900             [ 2]         adc #00
d18a : 85f4             [ 3]         sta z80_H
d18c : a000             [ 2] 	ldy #00
d18e : b1f3             [ 5]         lda (z80_L),y												
d190 : 85f1             [ 3] 	sta z80_E
d192 : c8               [ 2] 	iny                                             
AS65 Assembler for R6502 [1.42].                                     Page   69
---------------------------------- bank3.s -----------------------------------

d193 : b1f3             [ 5] 	lda (z80_L),y											    
d195 : 85f2             [ 3] 	sta z80_D
d197 : a019             [ 2] 	ldy #TnDelt 
d199 : 68               [ 4]         pla															
d19a : 85f4             [ 3] 	sta z80_H
d19c : 68               [ 4] 	pla       
d19d : 38               [ 2] 	sec                                             
d19e : e5f1             [ 3]         sbc z80_E
d1a0 : 85f3             [ 3]         sta z80_L
d1a2 : 91f5             [ 5]         sta (z80_IX),y
d1a4 : a5f4             [ 3]         lda z80_H
d1a6 : e5f2             [ 3]         sbc z80_D
d1a8 : 85f4             [ 3]         sta z80_H 
d1aa : c8               [ 2]         iny                                      
d1ab : 91f5             [ 5]         sta (z80_IX),y
d1ad : a006             [ 2] 	ldy #CrTnSl                                     
d1af : b1f5             [ 5]         lda (z80_IX),y
d1b1 : 85f1             [ 3]         sta z80_E
d1b3 : c8               [ 2] 	iny                                             
d1b4 : b1f5             [ 5]         lda (z80_IX),y
d1b6 : 85f2             [ 3]         sta z80_D
d1b8 :                       Version
d1b8 : a93e             [ 2] 	lda #$3E                                        
d1ba : c906             [ 2] 	cmp #6                                          
d1bc : 900f             [ 3] 	bcc OLDPRTM     ; < 6
d1be : a006             [ 2]         ldy #CrTnSl                              
d1c0 :                       PrSlide	
d1c0 : a9ac             [ 2]         lda #$AC                                 
d1c2 : 85f1             [ 3]         sta z80_E
d1c4 : 91f5             [ 5]         sta (z80_IX),y
d1c6 : c8               [ 2]         iny
d1c7 : a9ac             [ 2]         lda #$AC
d1c9 : 85f2             [ 3]         sta z80_D
d1cb : 91f5             [ 5]         sta (z80_IX),y
                             	                                                
d1cd :                       OLDPRTM	
d1cd : a000             [ 2]         ldy #00                                  
d1cf : b1ef             [ 5]         lda (z80_C),y
d1d1 : c8               [ 2]         iny                                      
d1d2 : 85f7             [ 3]         sta z80_AP                               
d1d4 : b1ef             [ 5] 	lda (z80_C),y                                   
d1d6 : 85ee             [ 3] 	sta z80_A
d1d8 : a5ef             [ 3]         lda z80_C
d1da : 18               [ 2]         clc
d1db : 6902             [ 2]         adc #02
d1dd : 85ef             [ 3]         sta z80_C
d1df : 9002             [ 3]         bcc sw
d1e1 : e6f0             [ 5]         inc z80_B
d1e3 :                       sw
d1e3 : a5ee             [ 3] 	lda z80_A                                       
d1e5 : f010             [ 3] 	beq NOSIG                                       
d1e7 : a5f1             [ 3] 	lda z80_E													
d1e9 : a6f3             [ 3] 	ldx z80_L
d1eb : 85f3             [ 3] 	sta z80_L
d1ed : 86f1             [ 3] 	stx z80_E
d1ef : a5f2             [ 3] 	lda z80_D
d1f1 : a6f4             [ 3] 	ldx z80_H
d1f3 : 85f4             [ 3] 	sta z80_H
d1f5 : 86f2             [ 3] 	stx z80_D
d1f7 :                       NOSIG	
d1f7 : 38               [ 2]         sec                            
d1f8 : a5f3             [ 3]         lda z80_L
AS65 Assembler for R6502 [1.42].                                     Page   70
---------------------------------- bank3.s -----------------------------------

d1fa : e5f1             [ 3]         sbc z80_E
d1fc : 85f3             [ 3]         sta z80_L
d1fe : a5f4             [ 3]         lda z80_H
d200 : e5f2             [ 3]         sbc z80_D
d202 : 85f4             [ 3]         sta z80_H
d204 : 1015             [ 3] 	bpl SET_STP                                     
d206 : a5ee             [ 3] 	lda z80_A                                       
d208 : 49ff             [ 2]         eor #$FF                                 
d20a : a6f7             [ 3]         ldx z80_AP                               
d20c : 85f7             [ 3]         sta z80_AP
d20e : 8a               [ 2]         txa
d20f : 49ff             [ 2] 	eor #$FF                                        
d211 : 18               [ 2]         clc             
d212 : 6901             [ 2]         adc #01                                  
d214 : aa               [ 2]         tax                                      
d215 : a5f7             [ 3]         lda z80_AP
d217 : 86f7             [ 3]         stx z80_AP
d219 : 85ee             [ 3]         sta z80_A
d21b :                       SET_STP	
d21b : a018             [ 2]         ldy #(TSlStp+1)                          
d21d : a5ee             [ 3]         lda z80_A
d21f : 91f5             [ 5]         sta (z80_IX),y                           
d221 : aa               [ 2]         tax                                      
d222 : a5f7             [ 3]         lda z80_AP
d224 : 86f7             [ 3]         stx z80_AP
d226 : 85ee             [ 3]         sta z80_A
d228 : 88               [ 2] 	    dey                       
d229 : 91f5             [ 5]         sta (z80_IX),y
d22b : a00a             [ 2]         ldy #COnOff                              
d22d : a900             [ 2]         lda #00
d22f : 91f5             [ 5]         sta (z80_IX),y
d231 : 60               [ 6] 	rts                                             
                             
d232 :                       C_GLISS	
d232 : a015             [ 2]         ldy #Flags       											
d234 : b1f5             [ 5] 	lda (z80_IX),y
d236 : 0904             [ 2] 	ora #%00000100
d238 : 91f5             [ 5] 	sta (z80_IX),y
d23a : a000             [ 2] 	ldy #00                 ; lda ($AC,x)	          
d23c : b1ef             [ 5]         lda (z80_C),y
d23e : 85ee             [ 3]         sta z80_A
d240 : e6ef             [ 5]         inc z80_C                                
d242 : d002             [ 3]         bne sy
d244 : e6f0             [ 5]         inc z80_B
d246 :                       sy     
d246 : a016             [ 2] 	ldy #TnSlDl                                     
d248 : 91f5             [ 5]         sta (z80_IX),y
d24a : 18               [ 2] 	clc                                             
d24b : a5ee             [ 3]         lda z80_A                                
d24d : d00d             [ 3] 	bne GL36                                        
d24f : adb9d1           [ 4] 	lda Version+1                                   
d252 : c907             [ 2] 	cmp #7                                          
d254 : b004             [ 3] 	bcs sz                                          
d256 : a900             [ 2]         lda #00         ; si A < 7  , A = 0 ($FF+
d258 : f002             [ 3]         beq saa
d25a : a901             [ 2] sz      lda #01         ; si A >= 7 , A = 1 ($00+
d25c :                       saa	    
d25c :                       GL36	
d25c : a005             [ 2]         ldy #TSlCnt                              
d25e : 91f5             [ 5] 	sta (z80_IX),y                                  
d260 : a000             [ 2]         ldy #00                                  
d262 : b1ef             [ 5]         lda (z80_C),y
AS65 Assembler for R6502 [1.42].                                     Page   71
---------------------------------- bank3.s -----------------------------------

d264 : 85f7             [ 3]         sta z80_AP
d266 : c8               [ 2]         iny
d267 : b1ef             [ 5]         lda (z80_C),y
d269 : 85ee             [ 3]         sta z80_A
d26b : 18               [ 2]         clc
d26c : a5ef             [ 3]         lda z80_C
d26e : 6902             [ 2]         adc #02
d270 : 85ef             [ 3]         sta z80_C                                
d272 : 9002             [ 3]         bcc sac
d274 : e6f0             [ 5]         inc z80_B
d276 :                       sac     
d276 : 4c1bd2           [ 3] 	jmp SET_STP                                     
                             
d279 :                       C_SMPOS	
d279 : a000             [ 2]         ldy #00                  ; lda ($AC,x)	  
d27b : b1ef             [ 5]         lda (z80_C),y
d27d : e6ef             [ 5]         inc z80_C                                
d27f : d002             [ 3]         bne sad
d281 : e6f0             [ 5]         inc z80_B
d283 :                       sad     
d283 : a001             [ 2] 	ldy #PsInSm                                     
d285 : 91f5             [ 5]         sta (z80_IX),y
d287 : 60               [ 6] 	rts                                             
                             
d288 :                       C_ORPOS	
d288 : a000             [ 2]         ldy #00                 ; lda ($AC,x)	   
d28a : b1ef             [ 5]         lda (z80_C),y
d28c : e6ef             [ 5]         inc z80_C                                
d28e : d002             [ 3]         bne sae
d290 : e6f0             [ 5]         inc z80_B
d292 :                       sae     
d292 : a000             [ 2] 	ldy #PsInOr                                     
d294 : 91f5             [ 5]         sta (z80_IX),y
d296 : 60               [ 6] 	rts                                             
                                 
d297 :                       C_VIBRT	
d297 : a000             [ 2]         ldy #00                 ; lda ($AC,x)	   
d299 : b1ef             [ 5]         lda (z80_C),y
d29b : e6ef             [ 5]         inc z80_C                                
d29d : d002             [ 3]         bne saf
d29f : e6f0             [ 5]         inc z80_B
d2a1 :                       saf     
d2a1 : a00b             [ 2] 	ldy #OnOffD                                     
d2a3 : 91f5             [ 5]         sta (z80_IX),y
d2a5 : a00a             [ 2]         ldy #COnOff                              
d2a7 : 91f5             [ 5]         sta (z80_IX),y
d2a9 : a000             [ 2] 	ldy #00                 ; lda ($AC,x)	          
d2ab : b1ef             [ 5]         lda (z80_C),y
d2ad : e6ef             [ 5]         inc z80_C                                
d2af : d002             [ 3]         bne sag
d2b1 : e6f0             [ 5]         inc z80_B
d2b3 : a00c             [ 2] sag     ldy #OffOnD                              
d2b5 : 91f5             [ 5]         sta (z80_IX),y
d2b7 : a900             [ 2]         lda #00                                  
d2b9 : a005             [ 2]         ldy #TSlCnt                              
d2bb : 91f5             [ 5]         sta (z80_IX),y
d2bd : a006             [ 2] 	ldy #CrTnSl                                     
d2bf : 91f5             [ 5]         sta (z80_IX),y
d2c1 : c8               [ 2] 	iny                                             
d2c2 : 91f5             [ 5]         sta (z80_IX),y
d2c4 : 60               [ 6] 	rts                                             
                             
AS65 Assembler for R6502 [1.42].                                     Page   72
---------------------------------- bank3.s -----------------------------------

d2c5 :                       C_ENGLS	
d2c5 : a000             [ 2]         ldy #00                                  
d2c7 : b1ef             [ 5]         lda (z80_C),y
d2c9 : 8d46d8           [ 4]         sta Env_Del+1                            
d2cc : 8d58da           [ 4] 	sta CurEDel
d2cf : c8               [ 2]         iny
d2d0 : b1ef             [ 5]         lda (z80_C),y
d2d2 : 85f3             [ 3]         sta z80_L                                
d2d4 : 8d4bd8           [ 4]         sta ESldAdd+1
d2d7 : c8               [ 2]         iny
d2d8 : b1ef             [ 5]         lda (z80_C),y
d2da : 85f4             [ 3]         sta z80_H                                
d2dc : 8d53d8           [ 4] 	sta ESldAdd+9
d2df : 18               [ 2]         clc
d2e0 : a5ef             [ 3]         lda z80_C 
d2e2 : 6903             [ 2]         adc #03
d2e4 : 85ef             [ 3]         sta z80_C
d2e6 : 9002             [ 3]         bcc sah
d2e8 : e6f0             [ 5]         inc z80_B
d2ea :                       sah	                                             
d2ea : 60               [ 6] 	rts                                             
                             
d2eb :                       C_DELAY	
d2eb : a000             [ 2]         ldy #00                 ; lda ($AC,x)	   
d2ed : b1ef             [ 5]         lda (z80_C),y
d2ef : e6ef             [ 5]         inc z80_C                                
d2f1 : d002             [ 3]         bne sak
d2f3 : e6f0             [ 5]         inc z80_B
d2f5 :                       sak
d2f5 : 8d81d7           [ 4] 	sta Delay+1                                     
d2f8 : 60               [ 6] 	rts                                             
                             
d2f9 :                       SETENV	
d2f9 : a014             [ 2]         ldy #Env_En                              
d2fb : a5f1             [ 3]         lda z80_E
d2fd : 91f5             [ 5]         sta (z80_IX),y
d2ff : a5ee             [ 3]         lda z80_A                ; OPT (inverser 
d301 : 8d68da           [ 4]         sta AYREGS+EnvTp
d304 : a000             [ 2] 	ldy #00                                         
d306 : b1ef             [ 5]         lda (z80_C),y           
d308 : 85f4             [ 3] 	sta z80_H                                       
d30a : 8d6ada           [ 4]         sta EnvBase+1                            
d30d : c8               [ 2] 	iny                                             
d30e : b1ef             [ 5]         lda (z80_C),y
d310 : 85f3             [ 3] 	sta z80_L                                       
d312 : 8d69da           [ 4] 	sta EnvBase
d315 : a5ef             [ 3]         lda z80_C
d317 : 18               [ 2]         clc
d318 : 6902             [ 2]         adc #02
d31a : 85ef             [ 3]         sta z80_C
d31c : 9002             [ 3]         bcc sam
d31e : e6f0             [ 5]         inc z80_B                                
d320 : a900             [ 2] sam	lda #00                                      
d322 : a000             [ 2] 	ldy #PsInOr                                     
d324 : 91f5             [ 5]         sta (z80_IX),y
d326 : 8d58da           [ 4] 	sta CurEDel                                     
d329 : 85f4             [ 3] 	sta z80_H                                       
d32b : 8d57da           [ 4]         sta CurESld+1                            
d32e : 85f3             [ 3] 	sta z80_L                                       
d330 : 85ee             [ 3]         sta z80_A
d332 : 8d56da           [ 4] 	sta CurESld                                     
d335 :                       C_NOP	
AS65 Assembler for R6502 [1.42].                                     Page   73
---------------------------------- bank3.s -----------------------------------

d335 : 60               [ 6]         rts                                      
                             
d336 :                       SETORN	
d336 : a5ee             [ 3]         lda z80_A
d338 : 0a               [ 2]         asl a                                    
d339 : 85f1             [ 3] 	sta z80_E                                       
d33b : a900             [ 2] 	lda #00             ; OPT (inutile ?)           
d33d : 85f2             [ 3]         sta z80_D
d33f : a000             [ 2] 	ldy #PsInOr                                     
d341 : 91f5             [ 5]         sta (z80_IX),y
d343 :                       OrnPtrs
d343 : a9ac             [ 2] 	    lda #$AC           
d345 : 18               [ 2]         clc
d346 : 65f1             [ 3]         adc z80_E                                
d348 : 85f3             [ 3]         sta z80_L
d34a : a9ac             [ 2]         lda #$AC
d34c : 6900             [ 2]         adc #00
d34e : 85f4             [ 3]         sta z80_H
d350 : a000             [ 2] 	ldy #00                                         
d352 : b1f3             [ 5]         lda (z80_L),y
d354 :                       MDADDR2
d354 : 69ac             [ 2] 	adc #$AC
d356 : aa               [ 2]         tax             ; save
d357 : c8               [ 2] 	iny                                             
d358 : b1f3             [ 5] 	lda (z80_L),y
d35a : 69ac             [ 2]         adc #$AC                                 
                             	    
d35c : a00e             [ 2] 	ldy #OrnPtr+1                                   
d35e : 91f5             [ 5]         sta (z80_IX),y
d360 : 88               [ 2]         dey
d361 : 8a               [ 2] 	txa                                             
d362 : 91f5             [ 5]         sta (z80_IX),y
d364 : 60               [ 6] 	rts                                             
                             
                             ;ALL 16 ADDRESSES TO PROTECT FROM BROKEN PT3 MODU
d365 :                       SPCCOMS 
d365 : 34d3                          fcw C_NOP-1
d367 : 31d2                  	fcw C_GLISS-1
d369 : 35d1                  	fcw C_PORTM-1
d36b : 78d2                  	fcw C_SMPOS-1
d36d : 87d2                  	fcw C_ORPOS-1
d36f : 96d2                  	fcw C_VIBRT-1
d371 : 34d3                  	fcw C_NOP-1
d373 : 34d3                  	fcw C_NOP-1
d375 : c4d2                  	fcw C_ENGLS-1
d377 : ead2                  	fcw C_DELAY-1
d379 : 34d3                  	fcw C_NOP-1
d37b : 34d3                  	fcw C_NOP-1
d37d : 34d3                  	fcw C_NOP-1
d37f : 34d3                  	fcw C_NOP-1
d381 : 34d3                  	fcw C_NOP-1
d383 : 34d3                  	fcw C_NOP-1
                             ; ===============================================
d385 :                       CHREGS	
d385 : a900             [ 2]         lda #00                                  
d387 : 85ee             [ 3] 	    sta z80_A       ; save
d389 : 8d65da           [ 4]         sta Ampl                                 
d38c : a5f3             [ 3] 	    lda z80_L                                   
d38e : 85fc             [ 3]         sta val3                                 
d390 : a5f4             [ 3]         lda z80_H
d392 : 85fd             [ 3]         sta val3+1
d394 : a015             [ 2]         ldy #Flags                               
AS65 Assembler for R6502 [1.42].                                     Page   74
---------------------------------- bank3.s -----------------------------------

d396 : a901             [ 2]         lda #%00000001
d398 : 85f8             [ 3]         sta val1
d39a : b1f5             [ 5]         lda (z80_IX),y
d39c : 24f8             [ 3]         bit val1
d39e : d003             [ 3] 	    bne saq
d3a0 : 4c1cd6           [ 3]         jmp CH_EXIT                              
d3a3 :                       saq     	
                                                                              
d3a3 : a00d             [ 2] 	    ldy #OrnPtr                                 
d3a5 : b1f5             [ 5]         lda (z80_IX),y
d3a7 : 85f3             [ 3]         sta z80_L
d3a9 : 85f8             [ 3]         sta val1            ; save L
d3ab : c8               [ 2]         iny                                      
d3ac : b1f5             [ 5]         lda (z80_IX),y
d3ae : 85f4             [ 3]         sta z80_H
d3b0 : 85f9             [ 3]         sta val1+1          ; save H
                             	                                                
d3b2 : a000             [ 2]         ldy #00
d3b4 : b1f3             [ 5]         lda (z80_L),y                            
d3b6 : 85f1             [ 3]         sta z80_E
d3b8 : c8               [ 2]         iny
d3b9 : b1f3             [ 5]         lda (z80_L),y
d3bb : 85f2             [ 3]         sta z80_D
d3bd : a000             [ 2] 	    ldy #PsInOr                                 
d3bf : b1f5             [ 5]         lda (z80_IX),y
d3c1 : 85f3             [ 3] 	    sta z80_L                                   
d3c3 : 85ee             [ 3]         sta z80_A                                
d3c5 : 18               [ 2] 	    clc
d3c6 : a5f8             [ 3]         lda val1
d3c8 : 65f3             [ 3]         adc z80_L
d3ca : 85f3             [ 3]         sta z80_L
d3cc : a5f9             [ 3]         lda val1+1
d3ce : 6900             [ 2]         adc #00                
d3d0 : 85f4             [ 3]         sta z80_H                                
d3d2 : a5f3             [ 3]         lda z80_L
d3d4 : 6902             [ 2]         adc #02
d3d6 : 85f3             [ 3]         sta z80_L
d3d8 : a5f4             [ 3]         lda z80_H
d3da : 6900             [ 2]         adc #00
d3dc : 85f4             [ 3]         sta z80_H
d3de : a5ee             [ 3]         lda z80_A                                
d3e0 : 6901             [ 2]         adc #01
d3e2 : c5f2             [ 3]         cmp z80_D                                
d3e4 : 9003             [ 3] 	    bcc CH_ORPS                                 
d3e6 : 18               [ 2] 	    clc
d3e7 : a5f1             [ 3]         lda z80_E                                
d3e9 :                       CH_ORPS	
d3e9 : a000             [ 2]         ldy #PsInOr                              
d3eb : 91f5             [ 5]         sta (z80_IX),y
d3ed : a012             [ 2] 	    ldy #Note                                   
d3ef : b1f5             [ 5]         lda (z80_IX),y
d3f1 : a000             [ 2] 	    ldy #00                                     
d3f3 : 71f3             [ 5]         adc (z80_L),y       ; adc ($AC,x)	
d3f5 : 1002             [ 3] 	    bpl CH_NTP                                  
d3f7 : a900             [ 2] 	    lda #00                                     
d3f9 :                       CH_NTP	
d3f9 : c960             [ 2]         cmp #96                                  
d3fb : 9002             [ 3] 	    bcc CH_NOK                                  
d3fd : a95f             [ 2] 	    lda #95                                     
d3ff :                       CH_NOK	
d3ff : 0a               [ 2]         asl a                                    
d400 : 85f7             [ 3]         sta z80_AP                               
AS65 Assembler for R6502 [1.42].                                     Page   75
---------------------------------- bank3.s -----------------------------------

d402 : a00f             [ 2] 	    ldy #SamPtr                                 
d404 : b1f5             [ 5]         lda (z80_IX),y
d406 : 85f3             [ 3]         sta z80_L
d408 : 85f8             [ 3] 	    sta val1            ; save L
d40a : c8               [ 2]         iny                                      
d40b : b1f5             [ 5]         lda (z80_IX),y
d40d : 85f4             [ 3]         sta z80_H
d40f : 85f9             [ 3]         sta val1+1          ; save H
d411 : a000             [ 2] 	    ldy #00
d413 : b1f3             [ 5]         lda (z80_L),y                            
d415 : 85f1             [ 3]         sta z80_E   
d417 : c8               [ 2]         iny
d418 : b1f3             [ 5]         lda (z80_L),y
d41a : 85f2             [ 3]         sta z80_D   
                             
d41c : a001             [ 2] 	    ldy #PsInSm                                 
d41e : b1f5             [ 5]         lda (z80_IX),y
d420 : 85f0             [ 3] 	    sta z80_B                                   
d422 : 0a               [ 2] 	    asl a                                       
d423 : 0a               [ 2] 	    asl a                                       
d424 : 85f3             [ 3] 	    sta z80_L                                   
d426 : 18               [ 2]         clc
d427 : 65f8             [ 3]         adc val1
d429 : 85f3             [ 3]         sta z80_L
d42b : a5f9             [ 3]         lda val1+1
d42d : 6900             [ 2]         adc #00
d42f : 85f4             [ 3]         sta z80_H                                
d431 : a5f3             [ 3]         lda z80_L
d433 : 6902             [ 2]         adc #02
d435 : 85f3             [ 3]         sta z80_L
d437 : a5f4             [ 3]         lda z80_H
d439 : 6900             [ 2]         adc #00
d43b : 85f4             [ 3]         sta z80_H
                             
d43d : a5f0             [ 3] 	    lda z80_B                                   
d43f : 6901             [ 2]         adc #01
d441 : c5f2             [ 3] 	    cmp z80_D                                   
d443 : 9002             [ 3] 	    bcc CH_SMPS                                 
d445 : a5f1             [ 3] 	    lda z80_E                                   
d447 :                       CH_SMPS	
d447 : a001             [ 2]         ldy #PsInSm                              
d449 : 91f5             [ 5]         sta (z80_IX),y
d44b : a000             [ 2]         ldy #00
d44d : b1f3             [ 5]         lda (z80_L),y                            
d44f : 85ef             [ 3]         sta z80_C
d451 : c8               [ 2]         iny
d452 : b1f3             [ 5]         lda (z80_L),y
d454 : 85f0             [ 3]         sta z80_B
                             
d456 : a008             [ 2]         ldy #TnAcc                               
d458 : b1f5             [ 5]         lda (z80_IX),y
d45a : 85f1             [ 3]         sta z80_E
d45c : c8               [ 2]         iny
d45d : b1f5             [ 5]         lda (z80_IX),y
d45f : 85f2             [ 3] 	    sta z80_D                                   
d461 : 18               [ 2] 	    clc                                         
d462 : a002             [ 2]         ldy #02
d464 : b1f3             [ 5]         lda (z80_L),y                            
d466 : 65f1             [ 3]         adc z80_E
d468 : aa               [ 2]         tax
d469 : c8               [ 2]         iny
d46a : b1f3             [ 5]         lda (z80_L),y
AS65 Assembler for R6502 [1.42].                                     Page   76
---------------------------------- bank3.s -----------------------------------

d46c : 65f2             [ 3]         adc z80_D
d46e : 85f4             [ 3]         sta z80_H
d470 : 85f2             [ 3]         sta z80_D
d472 : 8a               [ 2]         txa
d473 : 85f3             [ 3]         sta z80_L
d475 : 85f1             [ 3]         sta z80_E
                             
d477 : a940             [ 2]         lda #%01000000                           
d479 : 24f0             [ 3]         bit z80_B
d47b : f00b             [ 3] 	    beq CH_NOAC                                 
d47d : a008             [ 2] 	    ldy #TnAcc                                  
d47f : a5f3             [ 3]         lda z80_L
d481 : 91f5             [ 5]         sta (z80_IX),y
d483 : c8               [ 2] 	    iny                                         
d484 : a5f4             [ 3]         lda z80_H
d486 : 91f5             [ 5]         sta (z80_IX),y
d488 :                       CH_NOAC 												             
d488 : a5f7             [ 3]         lda z80_AP                               
d48a : 85ee             [ 3]         sta z80_A                                
d48c : 85f3             [ 3]         sta z80_L                                
d48e : 18               [ 2]         clc
d48f : a95b             [ 2]         lda #lo(NT_)
d491 : 65f3             [ 3]         adc z80_L
d493 : 85f3             [ 3]         sta z80_L
d495 : a9db             [ 2]         lda #hi(NT_)
d497 : 6900             [ 2]         adc #00
d499 : 85f4             [ 3]         sta z80_H
d49b : a000             [ 2]         ldy #00
d49d : b1f3             [ 5]         lda (z80_L),y                            
d49f : 65f1             [ 3]         adc z80_E
d4a1 : aa               [ 2]         tax
d4a2 : c8               [ 2]         iny
d4a3 : b1f3             [ 5]         lda (z80_L),y
d4a5 : 65f2             [ 3]         adc z80_D                                
d4a7 : 85f4             [ 3]         sta z80_H
d4a9 : 8a               [ 2]         txa
d4aa : 85f3             [ 3]         sta z80_L
d4ac : 18               [ 2]         clc
d4ad : a006             [ 2] 	    ldy #CrTnSl                                 
d4af : b1f5             [ 5]         lda (z80_IX),y
d4b1 : 85f1             [ 3]         sta z80_E
d4b3 : 65f3             [ 3]         adc z80_L
d4b5 : 85f3             [ 3]         sta z80_L
d4b7 : 85fc             [ 3] 	    sta val3
d4b9 : c8               [ 2]         iny                                      
d4ba : b1f5             [ 5]         lda (z80_IX),y
d4bc : 85f2             [ 3]         sta z80_D
d4be : 65f4             [ 3]         adc z80_H
d4c0 : 85f4             [ 3]         sta z80_H
d4c2 : 85fd             [ 3]         sta val3+1
                             ;CSP_	    
                             	   
d4c4 : a900             [ 2]         lda #00                                  
d4c6 : a005             [ 2] 	    ldy #TSlCnt                                 
d4c8 : 11f5             [ 5]         ora (z80_IX),y
d4ca : 85ee             [ 3] 	    sta z80_A
d4cc : d003             [ 3]         bne saq1                                 
d4ce : 4c4cd5           [ 3]         jmp CH_AMP
d4d1 : b1f5             [ 5] saq1	lda (z80_IX),y                              
d4d3 : 38               [ 2]         sec
d4d4 : e901             [ 2]         sbc #01
d4d6 : 91f5             [ 5]         sta (z80_IX),y
AS65 Assembler for R6502 [1.42].                                     Page   77
---------------------------------- bank3.s -----------------------------------

d4d8 : d072             [ 4] 	    bne CH_AMP                                  
d4da : a016             [ 2] 	    ldy #TnSlDl                                 
d4dc : b1f5             [ 5]         lda (z80_IX),y
d4de : a005             [ 2]         ldy #TSlCnt                              
d4e0 : 91f5             [ 5]         sta (z80_IX),y
d4e2 : 18               [ 2] 	    clc
d4e3 : a017             [ 2]         ldy #TSlStp                              
d4e5 : b1f5             [ 5]         lda (z80_IX),y
d4e7 : 65f1             [ 3]         adc z80_E
d4e9 : 85f3             [ 3]         sta z80_L
d4eb : c8               [ 2] 	    iny                                         
d4ec : b1f5             [ 5]         lda (z80_IX),y
d4ee : 65f2             [ 3]         adc z80_D
d4f0 : 85f4             [ 3]         sta z80_H 
d4f2 : 85ee             [ 3] 	    sta z80_A       ; save                      
d4f4 : a007             [ 2] 	    ldy #CrTnSl+1                               
d4f6 : 91f5             [ 5]         sta (z80_IX),y
d4f8 : 88               [ 2]         dey                                      
d4f9 : a5f3             [ 3]         lda z80_L
d4fb : 91f5             [ 5]         sta (z80_IX),y
d4fd : a904             [ 2] 	    lda #%00000100                              
d4ff : 85f8             [ 3]         sta val1
d501 : a015             [ 2]         ldy #Flags
d503 : b1f5             [ 5]         lda (z80_IX),y
d505 : 24f8             [ 3]         bit val1
d507 : d043             [ 3] 	    bne CH_AMP  	                               
d509 : a019             [ 2] 	    ldy #TnDelt                                 
d50b : b1f5             [ 5]         lda (z80_IX),y
d50d : 85f1             [ 3]         sta z80_E
d50f : c8               [ 2] 	    iny                                         
d510 : b1f5             [ 5]         lda (z80_IX),y
d512 : 85f2             [ 3]         sta z80_D
d514 : a5ee             [ 3] 	lda z80_A                                       
d516 : f010             [ 3] 	beq CH_STPP                                     
d518 : a5f1             [ 3] 	lda z80_E												
d51a : a6f3             [ 3] 	ldx z80_L
d51c : 85f3             [ 3] 	sta z80_L
d51e : 86f1             [ 3] 	stx z80_E
d520 : a5f2             [ 3] 	lda z80_D
d522 : a6f4             [ 3] 	ldx z80_H
d524 : 85f4             [ 3] 	sta z80_H
d526 : 86f2             [ 3] 	stx z80_D
d528 :                       CH_STPP
d528 : 38               [ 2]         sec           ; carry = 0 becoze And A   
d529 : a5f3             [ 3]         lda z80_L
d52b : e5f1             [ 3]         sbc z80_E
d52d : 85f3             [ 3]         sta z80_L
d52f : a5f4             [ 3]         lda z80_H
d531 : e5f2             [ 3]         sbc z80_D
d533 : 85f4             [ 3]         sta z80_H
d535 : 3015             [ 3]         bmi CH_AMP                               
d537 : a013             [ 2] 	ldy #SlToNt                                     
d539 : b1f5             [ 5]         lda (z80_IX),y
d53b : a012             [ 2] 	ldy #Note                                       
d53d : 91f5             [ 5]         sta (z80_IX),y
d53f : a900             [ 2] 	lda #00                                         
d541 : a005             [ 2] 	ldy #TSlCnt                                     
d543 : 91f5             [ 5]         sta (z80_IX),y
d545 : a006             [ 2] 	ldy #CrTnSl                                     
d547 : 91f5             [ 5]         sta (z80_IX),y
d549 : c8               [ 2]         iny                                      
d54a : 91f5             [ 5]         sta (z80_IX),y
AS65 Assembler for R6502 [1.42].                                     Page   78
---------------------------------- bank3.s -----------------------------------

                             
d54c :                       CH_AMP	
d54c : a002             [ 2]         ldy #CrAmSl                              
d54e : b1f5             [ 5]         lda (z80_IX),y
d550 : 85ee             [ 3] 	    sta z80_A       ; save
d552 : a980             [ 2]         lda #%10000000                           
d554 : 24ef             [ 3]         bit z80_C
d556 : f021             [ 3] 	    beq CH_NOAM                                 
d558 : a940             [ 2] 	    lda #%01000000                              
d55a : 24ef             [ 3]         bit z80_C
d55c : f00c             [ 3] 	    beq CH_AMIN                                 
d55e : a5ee             [ 3] 	    lda z80_A                                   
d560 : c90f             [ 2]         cmp #15
d562 : f015             [ 3] 	    beq CH_NOAM                                 
d564 : 18               [ 2] 	    clc                                         
d565 : 6901             [ 2]         adc #01
d567 : 4c73d5           [ 3] 	    jmp CH_SVAM                                 
d56a :                       CH_AMIN	
d56a : a5ee             [ 3]         lda z80_A                                
d56c : c9f1             [ 2]         cmp #$F1            ; -15
d56e : f009             [ 3] 	    beq CH_NOAM                                 
d570 : 38               [ 2] 	    sec                                         
d571 : e901             [ 2]         sbc #01
d573 :                       CH_SVAM	
d573 : a002             [ 2]         ldy #CrAmSl                              
d575 : 91f5             [ 5]         sta (z80_IX),y
d577 : 85ee             [ 3]         sta z80_A
d579 :                       CH_NOAM	
d579 : a5ee             [ 3]         lda z80_A
d57b : 85f3             [ 3]         sta z80_L                                
d57d : a5f0             [ 3] 	    lda z80_B                                   
d57f : 290f             [ 2] 	    and #15                                     
d581 : 18               [ 2] 	    clc                                         
d582 : 65f3             [ 3]         adc z80_L
d584 : 1002             [ 3] 	    bpl CH_APOS                                 
d586 : a900             [ 2] 	    lda #00                                     
d588 :                       CH_APOS	
d588 : c910             [ 2]         cmp #16                                  
d58a : 9002             [ 3] 	    bcc CH_VOL                                  
d58c : a90f             [ 2] 	    lda #15                                     
d58e :                       CH_VOL	
d58e : a01c             [ 2]         ldy #Volume                              
d590 : 11f5             [ 5]         ora (z80_IX),y
d592 : 85f3             [ 3] 	    sta z80_L
d594 : 18               [ 2]         clc                                      
d595 : a95b             [ 2] 	lda #lo(VT_)                                    
d597 : 85f1             [ 3]         sta z80_E
d599 : 65f3             [ 3]         adc z80_L
d59b : 85f3             [ 3]         sta z80_L
d59d : a9da             [ 2]         lda #hi(VT_)
d59f : 85f2             [ 3]         sta z80_D
d5a1 : 6900             [ 2]         adc #00
d5a3 : 85f4             [ 3]         sta z80_H
d5a5 : a000             [ 2] 	    ldy #00                                     
d5a7 : b1f3             [ 5]         lda (z80_L),y       ; lda ($AC,x)	
d5a9 : 85ee             [ 3]         sta z80_A       ; save
d5ab :                       CH_ENV	
d5ab : a901             [ 2]         lda #%00000001                           
d5ad : 24ef             [ 3]         bit z80_C
d5af : d008             [ 3] 	    bne CH_NOEN                                 
d5b1 : a014             [ 2] 	    ldy #Env_En                                 
d5b3 : a5ee             [ 3]         lda z80_A
AS65 Assembler for R6502 [1.42].                                     Page   79
---------------------------------- bank3.s -----------------------------------

d5b5 : 11f5             [ 5]         ora (z80_IX),y
d5b7 : 85ee             [ 3]         sta z80_A
                             
d5b9 :                       CH_NOEN	
d5b9 : a5ee             [ 3]         lda z80_A
d5bb : 8d65da           [ 4]         sta Ampl                                 
d5be : a5ef             [ 3]         lda z80_C                                
d5c0 : 85ee             [ 3]         sta z80_A
d5c2 : a980             [ 2]         lda #%10000000                           
d5c4 : 24f0             [ 3]         bit z80_B
d5c6 : f034             [ 3] 	    beq NO_ENSL                                 
d5c8 : a5ee             [ 3]         lda z80_A
d5ca : 2a               [ 2]         rol a                                    
d5cb : 2a               [ 2] 	    rol a                                       
d5cc : c980             [ 2] 	    cmp #$80                                    
d5ce : 6a               [ 2]         ror a
d5cf : c980             [ 2] 	    cmp #$80                                    
d5d1 : 6a               [ 2]         ror a
d5d2 : c980             [ 2] 	    cmp #$80                                    
d5d4 : 6a               [ 2]         ror a
d5d5 : a004             [ 2] 	    ldy #CrEnSl                                 
d5d7 : 18               [ 2]         clc
d5d8 : 71f5             [ 5]         adc (z80_IX),y
d5da : 85ee             [ 3]         sta z80_A
d5dc : a920             [ 2]         lda #%00100000                           
d5de : 24f0             [ 3]         bit z80_B
d5e0 : f006             [ 3] 	    beq NO_ENAC                                 
d5e2 : a004             [ 2] 	    ldy #CrEnSl                                 
d5e4 : a5ee             [ 3]         lda z80_A
d5e6 : 91f5             [ 5]         sta (z80_IX),y
d5e8 :                       NO_ENAC	
d5e8 : a9ff             [ 2]         lda #lo(AddToEn+1)       ; OPT ?         
d5ea : 85f3             [ 3]         sta z80_L
d5ec : a9d7             [ 2]         lda #hi(AddToEn+1)
d5ee : 85f4             [ 3]         sta z80_H
d5f0 : a5ee             [ 3]         lda z80_A
d5f2 : a000             [ 2]         ldy #00                                  
                             		                                               
d5f4 : 18               [ 2]         clc
d5f5 : 71f3             [ 5]         adc (z80_L),y           ; OPT ?
d5f7 : 91f3             [ 5]         sta (z80_L),y                            
d5f9 : 4c15d6           [ 3] 	    jmp CH_MIX                                  
d5fc :                       NO_ENSL 
d5fc : a5ee             [ 3]         lda z80_A
d5fe : 6a               [ 2]         ror a                                    
d5ff : a003             [ 2] 	    ldy #CrNsSl                                 
d601 : 18               [ 2]         clc
d602 : 71f5             [ 5]         adc (z80_IX),y
d604 : 8d5ada           [ 4] 	    sta AddToNs                                 
d607 : 85ee             [ 3]         sta z80_A       ; save
d609 : a920             [ 2] 	    lda #%00100000                              
d60b : 24f0             [ 3]         bit z80_B
d60d : f006             [ 3] 	    beq CH_MIX                                  
d60f : a003             [ 2] 	    ldy #CrNsSl                                 
d611 : a5ee             [ 3]         lda z80_A
d613 : 91f5             [ 5]         sta (z80_IX),y
d615 :                       CH_MIX	
d615 : a5f0             [ 3]         lda z80_B                                
d617 : 6a               [ 2] 	    ror a                                       
d618 : 2948             [ 2] 	    and #$48                                    
d61a : 85ee             [ 3]         sta z80_A
d61c :                       CH_EXIT	
AS65 Assembler for R6502 [1.42].                                     Page   80
---------------------------------- bank3.s -----------------------------------

d61c : a962             [ 2]         lda #lo(AYREGS+Mixer)                    
d61e : 85f3             [ 3]         sta z80_L
d620 : a9da             [ 2]         lda #hi(AYREGS+Mixer)
d622 : 85f4             [ 3]         sta z80_H
d624 : a5ee             [ 3] 	    lda z80_A
d626 : a000             [ 2]         ldy #00                                  
d628 : 11f3             [ 5]         ora (z80_L),y       ; ora ($AC,x)	
d62a : 4a               [ 2] 	    lsr a                                       
d62b : 9002             [ 3]         bcc saq2
d62d : 0980             [ 2]         ora #$80
d62f : 91f3             [ 5] saq2	sta (z80_L),y                               
d631 : a5fd             [ 3] 	    lda val3+1                                  
d633 : 85f4             [ 3]         sta z80_H
d635 : a5fc             [ 3]         lda val3 
d637 : 85f3             [ 3]         sta z80_L
d639 : a900             [ 2] 	    lda #00                                     
d63b : a00a             [ 2] 	    ldy #COnOff                                 
d63d : 11f5             [ 5]         ora (z80_IX),y
d63f : 85ee             [ 3] 	    sta z80_A       ; save
d641 : d001             [ 3]         bne sas                                  
d643 : 60               [ 6]         rts
d644 : a00a             [ 2] sas 	ldy #COnOff                                 
d646 : b1f5             [ 5]         lda (z80_IX),y
d648 : 38               [ 2]         sec
d649 : e901             [ 2]         sbc #01
d64b : 91f5             [ 5]         sta (z80_IX),y
d64d : f001             [ 3] 	    beq sat                                     
d64f : 60               [ 6]         rts
d650 : a015             [ 2] sat 	ldy #Flags                                  
d652 : a5ee             [ 3]         lda z80_A
d654 : 51f5             [ 5]         eor (z80_IX),y                           
d656 : 91f5             [ 5]         sta (z80_IX),y                           
d658 : 6a               [ 2] 	    ror a                                       
d659 : a00b             [ 2] 	    ldy #OnOffD                                 
d65b : b1f5             [ 5]         lda (z80_IX),y
d65d : b004             [ 3] 	    bcs CH_ONDL                                 
d65f : a00c             [ 2] 	    ldy #OffOnD                                 
d661 : b1f5             [ 5]         lda (z80_IX),y
d663 :                       CH_ONDL	
d663 : a00a             [ 2]         ldy #COnOff                              
d665 : 91f5             [ 5]         sta (z80_IX),y
d667 : 60               [ 6]         rts                                      
                             ; ===============================================
d668 :                       PLAY    
d668 : a900             [ 2]         lda #00                                  
d66a : 8dffd7           [ 4] 	    sta AddToEn+1                               
d66d : 8d62da           [ 4] 	    sta AYREGS+Mixer                            
d670 : a9ff             [ 2] 	    lda #$FF                                    
d672 : 8d68da           [ 4] 	    sta AYREGS+EnvTp                            
d675 : ce55da           [ 6] 	    dec DelyCnt                                 
d678 : f003             [ 3] 	    beq sat1                                    
d67a : 4c85d7           [ 3]         jmp PL2
d67d : ce19da           [ 6] sat1	dec ANtSkCn                                 
d680 : f003             [ 3] 	    beq sat2                                    
d682 : 4c3cd7           [ 3]         jmp PL1B
d685 :                       AdInPtA
d685 : a901             [ 2] sat2	lda #01                                     
d687 : 85ef             [ 3]         sta z80_C
d689 : a901             [ 2]         lda #01
d68b : 85f0             [ 3]         sta z80_B
d68d : a000             [ 2] 	    ldy #00                                     
d68f : b1ef             [ 5]         lda (z80_C),y       ; lda ($AC,x)	       
AS65 Assembler for R6502 [1.42].                                     Page   81
---------------------------------- bank3.s -----------------------------------

d691 : f003             [ 3] 	    beq sat3            ; test 0                
d693 : 4c27d7           [ 3]         jmp PL1A
d696 : 85f2             [ 3] sat3	sta z80_D                                   
d698 : 8d59da           [ 4] 	    sta Ns_Base                                 
d69b : adbecc           [ 4] 	    lda CrPsPtr                                 
d69e : 85f3             [ 3]         sta z80_L
d6a0 : adbfcc           [ 4]         lda CrPsPtr+1
d6a3 : 85f4             [ 3]         sta z80_H
d6a5 : e6f3             [ 5] 	    inc z80_L                                   
d6a7 : d002             [ 3]         bne sar
d6a9 : e6f4             [ 5]         inc z80_H
d6ab :                       sar                                              
d6ab : b1f3             [ 5]         lda (z80_L),y                            
d6ad : 18               [ 2] 	    clc                                         
d6ae : 6901             [ 2]         adc #01
d6b0 : 85ee             [ 3]         sta z80_A
d6b2 : d014             [ 3]         bne PLNLP                                
d6b4 : 20e6cc           [ 6] 	    jsr CHECKLP                                 
d6b7 :                       LPosPtr
d6b7 : a9ac             [ 2] 	    lda #$AC                                    
d6b9 : 85f3             [ 3]         sta z80_L
d6bb : a9ac             [ 2]         lda #$AC
d6bd : 85f4             [ 3]         sta z80_H
d6bf : a000             [ 2] 	    ldy #00                 ; OPT ?             
d6c1 : b1f3             [ 5]         lda (z80_L),y       ; lda ($AC,x)	       
d6c3 : 18               [ 2] 	    clc                                         
d6c4 : 6901             [ 2]         adc #01
d6c6 : 85ee             [ 3]         sta z80_A           ; save
d6c8 :                       PLNLP	
d6c8 : a5f3             [ 3]         lda z80_L                                
d6ca : 8dbecc           [ 4]         sta CrPsPtr
d6cd : a5f4             [ 3]         lda z80_H
d6cf : 8dbfcc           [ 4]         sta CrPsPtr+1
d6d2 : a5ee             [ 3] 	    lda z80_A                                   
d6d4 : 38               [ 2]         sec
d6d5 : e901             [ 2]         sbc #01
d6d7 : 0a               [ 2] 	    asl a                                       
d6d8 : 85f1             [ 3] 	    sta z80_E                                   
d6da : 85ee             [ 3]         sta z80_A
d6dc : 26f2             [ 5] 	    rol z80_D                                   
d6de :                       PatsPtr
d6de : a9ac             [ 2] 	    lda #$AC
d6e0 : 18               [ 2]         clc
d6e1 : 65f1             [ 3]         adc z80_E                                
d6e3 : 85f3             [ 3]         sta z80_L
d6e5 : a9ac             [ 2]         lda #$AC
d6e7 : 65f2             [ 3]         adc z80_D
d6e9 : 85f4             [ 3]         sta z80_H
                             	    
d6eb : ad12d0           [ 4] 	    lda MODADDR+1                               
d6ee : 85f1             [ 3]         sta z80_E
d6f0 : ad18d0           [ 4]         lda MODADDR+7
d6f3 : 85f2             [ 3]         sta z80_D
                                                    	                         
d6f5 : a000             [ 2] 	    ldy #00                 ; OPT ?
d6f7 : b1f3             [ 5]         lda (z80_L),y           ; lda ($AC,x)	   
d6f9 : 18               [ 2]         clc                                      
d6fa : 65f1             [ 3]         adc z80_E               ; OPT (adc MODADD
d6fc : 85ef             [ 3]         sta z80_C
d6fe : c8               [ 2]         iny
d6ff : b1f3             [ 5]         lda (z80_L),y
d701 : 65f2             [ 3]         adc z80_D               ; OPT (adc MODADD
AS65 Assembler for R6502 [1.42].                                     Page   82
---------------------------------- bank3.s -----------------------------------

d703 : 85f0             [ 3]         sta z80_B   
d705 : c8               [ 2]         iny
d706 : b1f3             [ 5]         lda (z80_L),y                            
d708 : 18               [ 2]         clc                     ; OPT ?
d709 : 65f1             [ 3]         adc z80_E               ; IDEM...
d70b : 8d4ad7           [ 4]         sta AdInPtB+1   
d70e : c8               [ 2]         iny
d70f : b1f3             [ 5]         lda (z80_L),y
d711 : 65f2             [ 3]         adc z80_D
d713 : 8d4ed7           [ 4]         sta AdInPtB+5     
d716 : c8               [ 2]         iny
d717 : b1f3             [ 5]         lda (z80_L),y                            
d719 : 18               [ 2]         clc
d71a : 65f1             [ 3]         adc z80_E               ; IDEM
d71c : 8d6cd7           [ 4]         sta AdInPtC+1   
d71f : c8               [ 2]         iny
d720 : b1f3             [ 5]         lda (z80_L),y
d722 : 65f2             [ 3]         adc z80_D
d724 : 8d70d7           [ 4]         sta AdInPtC+5
                                                                              
d727 :                       PSP_	
                             
d727 :                       PL1A	
d727 : a9fe             [ 2]         lda #lo(ChanA)                           
d729 : 85f5             [ 3]         sta z80_IX
d72b : a9d9             [ 2]         lda #hi(ChanA)
d72d : 85f6             [ 3]         sta z80_IX+1
d72f : 2082d0           [ 6] 	jsr PTDECOD                                     
d732 : a5ef             [ 3] 	lda z80_C                                       
d734 : 8d86d6           [ 4]         sta AdInPtA+1
d737 : a5f0             [ 3]         lda z80_B
d739 : 8d8ad6           [ 4]         sta AdInPtA+5
                             
d73c :                       PL1B	
d73c : ce36da           [ 6]         dec BNtSkCn                              
d73f : d01d             [ 3] 	bne PL1C                                        
d741 : a91b             [ 2] 	lda #lo(ChanB)                                  
d743 : 85f5             [ 3]         sta z80_IX
d745 : a9da             [ 2]         lda #hi(ChanB)
d747 : 85f6             [ 3]         sta z80_IX+1
d749 :                       AdInPtB
d749 : a901             [ 2] 	lda #01                                         
d74b : 85ef             [ 3]         sta z80_C
d74d : a901             [ 2]         lda #01
d74f : 85f0             [ 3]         sta z80_B
d751 : 2082d0           [ 6] 	jsr PTDECOD                                     
d754 : a5ef             [ 3] 	lda z80_C                                       
d756 : 8d4ad7           [ 4]         sta AdInPtB+1
d759 : a5f0             [ 3]         lda z80_B
d75b : 8d4ed7           [ 4]         sta AdInPtB+5
                             
d75e :                       PL1C	
d75e : ce53da           [ 6]         dec CNtSkCn                              
d761 : d01d             [ 3] 	bne PL1D                                        
d763 : a938             [ 2] 	lda #lo(ChanC)                                  
d765 : 85f5             [ 3]         sta z80_IX
d767 : a9da             [ 2]         lda #hi(ChanC)
d769 : 85f6             [ 3]         sta z80_IX+1
d76b :                       AdInPtC
d76b : a901             [ 2] 	lda #01                                         
d76d : 85ef             [ 3]         sta z80_C
d76f : a901             [ 2]         lda #01
AS65 Assembler for R6502 [1.42].                                     Page   83
---------------------------------- bank3.s -----------------------------------

d771 : 85f0             [ 3]         sta z80_B
d773 : 2082d0           [ 6] 	jsr PTDECOD                                     
d776 : a5ef             [ 3] 	lda z80_C                                       
d778 : 8d6cd7           [ 4]         sta AdInPtC+1
d77b : a5f0             [ 3]         lda z80_B
d77d : 8d70d7           [ 4]         sta AdInPtC+5
                             
d780 :                       Delay
d780 :                       PL1D	
d780 : a93e             [ 2]         lda #$3E                                 
d782 : 8d55da           [ 4] 	    sta DelyCnt                                 
                             
d785 :                       PL2	
d785 : a9fe             [ 2]         lda #lo(ChanA)                           
d787 : 85f5             [ 3]         sta z80_IX
d789 : a9d9             [ 2]         lda #hi(ChanA)
d78b : 85f6             [ 3]         sta z80_IX+1
d78d : ad5bda           [ 4] 	    lda AYREGS+TonA                             
d790 : 85f3             [ 3]         sta z80_L
d792 : ad5cda           [ 4]         lda AYREGS+TonA+1
d795 : 85f4             [ 3]         sta z80_H
d797 : 2085d3           [ 6] 	    jsr CHREGS                                  
d79a : a5f3             [ 3] 	    lda z80_L                                   
d79c : 8d5bda           [ 4]         sta AYREGS+TonA
d79f : a5f4             [ 3]         lda z80_H
d7a1 : 8d5cda           [ 4]         sta AYREGS+TonA+1
d7a4 : ad65da           [ 4] 	    lda Ampl                                    
d7a7 : 8d63da           [ 4] 	    sta AYREGS+AmplA                            
                             	
d7aa : a91b             [ 2]         lda #lo(ChanB)                           
d7ac : 85f5             [ 3]         sta z80_IX
d7ae : a9da             [ 2]         lda #hi(ChanB)
d7b0 : 85f6             [ 3]         sta z80_IX+1
d7b2 : ad5dda           [ 4] 	    lda AYREGS+TonB                             
d7b5 : 85f3             [ 3]         sta z80_L
d7b7 : ad5eda           [ 4]         lda AYREGS+TonB+1
d7ba : 85f4             [ 3]         sta z80_H
d7bc : 2085d3           [ 6] 	    jsr CHREGS                                  
d7bf : a5f3             [ 3] 	    lda z80_L                                   
d7c1 : 8d5dda           [ 4]         sta AYREGS+TonB
d7c4 : a5f4             [ 3]         lda z80_H
d7c6 : 8d5eda           [ 4]         sta AYREGS+TonB+1
d7c9 : ad65da           [ 4] 	    lda Ampl                                    
d7cc : 8d64da           [ 4] 	    sta AYREGS+AmplB                            
                             	    
d7cf : a938             [ 2]         lda #lo(ChanC)                           
d7d1 : 85f5             [ 3]         sta z80_IX
d7d3 : a9da             [ 2]         lda #hi(ChanC)
d7d5 : 85f6             [ 3]         sta z80_IX+1
d7d7 : ad5fda           [ 4] 	    lda AYREGS+TonC                             
d7da : 85f3             [ 3]         sta z80_L
d7dc : ad60da           [ 4]         lda AYREGS+TonC+1
d7df : 85f4             [ 3]         sta z80_H
d7e1 : 2085d3           [ 6] 	    jsr CHREGS                                  
d7e4 : a5f3             [ 3] 	    lda z80_L                                   
d7e6 : 8d5fda           [ 4]         sta AYREGS+TonC
d7e9 : a5f4             [ 3]         lda z80_H
d7eb : 8d60da           [ 4]         sta AYREGS+TonC+1
                             
d7ee : ad59da           [ 4] 	    lda Ns_Base_AddToNs                         
d7f1 : 85f3             [ 3]         sta z80_L
d7f3 : ad5ada           [ 4]         lda Ns_Base_AddToNs+1
AS65 Assembler for R6502 [1.42].                                     Page   84
---------------------------------- bank3.s -----------------------------------

d7f6 : 85f4             [ 3]         sta z80_H                                
d7f8 : 18               [ 2] 	    clc                                         
d7f9 : 65f3             [ 3]         adc z80_L
d7fb : 8d61da           [ 4] 	    sta AYREGS+Noise                            
                             
d7fe :                       AddToEn
d7fe : a93e             [ 2] 	    lda #$3E                                    
d800 : 85f1             [ 3] 	    sta z80_E                                   
d802 : 0a               [ 2] 	    asl a                                       
d803 : 9004             [ 3] 	    bcc sau                                     
d805 : a9ff             [ 2]         lda #$FF
d807 : d002             [ 3]         bne sau1      ; always
d809 : a900             [ 2] sau     lda #00
d80b : 85f2             [ 3] sau1	sta z80_D                                   
d80d : ad6ada           [ 4]         lda EnvBase+1
d810 : 85f4             [ 3]         sta z80_H           ; OPT ?
d812 : ad69da           [ 4]         lda EnvBase                              
d815 : 85f3             [ 3]         sta z80_L           ; OPT ?
d817 : 18               [ 2] 	    clc                                         
d818 : 65f1             [ 3]         adc z80_E
d81a : 85f3             [ 3]         sta z80_L
d81c : a5f2             [ 3]         lda z80_D
d81e : 65f4             [ 3]         adc z80_H           ; OPT ?
d820 : 85f4             [ 3]         sta z80_H 
d822 : ad57da           [ 4]         lda CurESld+1
d825 : 85f2             [ 3]         sta z80_D
d827 : ad56da           [ 4]         lda CurESld                              
d82a : 85f1             [ 3]         sta z80_E
d82c : 18               [ 2] 	    clc                                         
d82d : 65f3             [ 3]         adc z80_L
d82f : 8d66da           [ 4]         sta AYREGS+Env                           
d832 : a5f2             [ 3]         lda z80_D
d834 : 65f4             [ 3]         adc z80_H
d836 : 8d67da           [ 4] 	    sta AYREGS+Env+1                            
                             
d839 : a900             [ 2]         lda #00                                  
d83b : 0d58da           [ 4]         ora CurEDel         ; OPT ?              
d83e : f019             [ 3] 	    beq ROUT                                    
d840 : ce58da           [ 6] 	    dec CurEDel                                 
d843 : d014             [ 3] 	    bne ROUT                                    
d845 :                       Env_Del
d845 : a93e             [ 2] 	    lda #$3E                                    
d847 : 8d58da           [ 4] 	    sta CurEDel                                 
d84a :                       ESldAdd
d84a : a9ac             [ 2] 	    lda #$AC                                    
d84c : 18               [ 2]         clc
d84d : 65f1             [ 3]         adc z80_E       
d84f : 8d56da           [ 4]         sta CurESld
d852 : a9ac             [ 2]         lda #$AC
d854 : 65f2             [ 3]         adc z80_D
d856 : 8d57da           [ 4] 	    sta CurESld+1
                             ; ===============================================
                             
d859 :                       ROUT
d859 : ae5cda           [ 4]         ldx AYREGS+1    ; hi ToneA
d85c : ad5bda           [ 4]         lda AYREGS+0    ; lo ToneA
d85f : 20e2d8           [ 6]         jsr FIX16BITS
                                     
d862 : a901             [ 2]         lda #01             
d864 : 2021d9           [ 6]         jsr ay_set
d867 : 98               [ 2]         tya
d868 : aa               [ 2]         tax
AS65 Assembler for R6502 [1.42].                                     Page   85
---------------------------------- bank3.s -----------------------------------

d869 : a900             [ 2]         lda #00
d86b : 2021d9           [ 6]         jsr ay_set
                             
d86e : ae5eda           [ 4]         ldx AYREGS+3    ; hi ToneB
d871 : ad5dda           [ 4]         lda AYREGS+2    ; lo ToneB
d874 : 20e2d8           [ 6]         jsr FIX16BITS 
                             
d877 : a903             [ 2]         lda #03             
d879 : 2021d9           [ 6]         jsr ay_set
d87c : 98               [ 2]         tya
d87d : aa               [ 2]         tax
d87e : a902             [ 2]         lda #02             
d880 : 2021d9           [ 6]         jsr ay_set
                             
d883 : ae60da           [ 4]         ldx AYREGS+5    ; hi ToneC
d886 : ad5fda           [ 4]         lda AYREGS+4    ; lo ToneC
d889 : 20e2d8           [ 6]         jsr FIX16BITS 
                             
d88c : a905             [ 2]         lda #05             
d88e : 2021d9           [ 6]         jsr ay_set
d891 : 98               [ 2]         tya
d892 : aa               [ 2]         tax
d893 : a904             [ 2]         lda #04             
d895 : 2021d9           [ 6]         jsr ay_set
                             
d898 : ad61da           [ 4]         lda AYREGS+6    ; data
                                     ;jsr FIX8BITS
d89b : 4a               [ 2]         lsr a             ; /2 
d89c : aa               [ 2]         tax
d89d : a906             [ 2]         lda #06             
d89f : 2021d9           [ 6]         jsr ay_set
                             
d8a2 : ae62da           [ 4]         ldx AYREGS+7    ; data
d8a5 : a907             [ 2]         lda #07
d8a7 : 2021d9           [ 6]         jsr ay_set
                             
d8aa : ae63da           [ 4]         ldx AYREGS+8    ; data
d8ad : a908             [ 2]         lda #08             
d8af : 2021d9           [ 6]         jsr ay_set
                             
d8b2 : ae64da           [ 4]         ldx AYREGS+9    ; data
d8b5 : a909             [ 2]         lda #09             
d8b7 : 2021d9           [ 6]         jsr ay_set
                             
d8ba : ae65da           [ 4]         ldx AYREGS+10   ; data
d8bd : a90a             [ 2]         lda #10             
d8bf : 2021d9           [ 6]         jsr ay_set
                             
d8c2 : ae67da           [ 4]         ldx AYREGS+12   ; hi Env
d8c5 : ad66da           [ 4]         lda AYREGS+11   ; lo Env
d8c8 : 20e2d8           [ 6]         jsr FIX16BITS 
                             
d8cb : a90c             [ 2]         lda #12             
d8cd : 2021d9           [ 6]         jsr ay_set
d8d0 : 98               [ 2]         tya
d8d1 : aa               [ 2]         tax
d8d2 : a90b             [ 2]         lda #11             
d8d4 : 2021d9           [ 6]         jsr ay_set
                             
                                     ; shunte R13 si $FF (Y=13) => plus géné
d8d7 : ae68da           [ 4]         ldx AYREGS+13
d8da : 3005             [ 3]         bmi FIN_RTS
AS65 Assembler for R6502 [1.42].                                     Page   86
---------------------------------- bank3.s -----------------------------------

d8dc : a90d             [ 2]         lda #13
d8de : 2021d9           [ 6]         jsr ay_set
d8e1 :                       FIN_RTS
d8e1 : 60               [ 6]         rts
                             ; -------------------------------------
d8e2 :                       FIX16BITS       ; INT(256*2*1000/1773) = 289 = 25
                                             ; Homebrew is 1.34Mhz
                                             ; So calculation = 386 = 256 + 12
                                             ; IN:  register A is low byte
                                             ;      register X is high byte
                                             ; OUT: register Y is low byte
                                             ;      register X is high byte
                             
d8e2 : 86f8             [ 3]         stx TA1         ; Reg 1 = 256*AX
d8e4 : 85fa             [ 3]         sta TB1
d8e6 : 86f9             [ 3]         stx TA2         ; Reg 2 = 256*AX
d8e8 : 85fb             [ 3]         sta TB2
d8ea : 64fd             [ 3]         stz TC2
d8ec : 86fe             [ 3]         stx TB3         ; Reg 3 = AX
d8ee : 85ff             [ 3]         sta TC3
                                     
                                     ; x128 for homebrew
                                     ; which is same as right shift 1 time of 
d8f0 : 46f9             [ 5]         lsr TA2
d8f2 : 66fb             [ 5]         ror TB2
d8f4 : 66fd             [ 5]         ror TC2
                                             
                                     ; x02 + x128 for homebrew
                                     ; shift reg 3 left, the carry added to re
d8f6 : 06ff             [ 5]         asl TC3
d8f8 : 26fe             [ 5]         rol TB3
d8fa : a5f9             [ 3]         lda TA2
d8fc : 6900             [ 2]         adc #0
d8fe : 85f9             [ 3]         sta TA2
                                     ; Now add the rest of reg 3 to reg 2
d900 : a5ff             [ 3]         lda TC3
d902 : 65fd             [ 3]         adc TC2
d904 : 85fd             [ 3]         sta TC2
d906 : a5fe             [ 3]         lda TB3
d908 : 65fb             [ 3]         adc TB2
d90a : 85fb             [ 3]         sta TB2
d90c : a900             [ 2]         lda #0
d90e : 65f9             [ 3]         adc TA2
d910 : 85f9             [ 3]         sta TA2
                             
                                     ; Add reg 2(x128+x2) to reg 1(x256) and t
d912 : a5fb             [ 3]         lda TB2
d914 : 65fa             [ 3]         adc TB1
d916 : a8               [ 2]         tay         ; sta TB1
d917 : a5f9             [ 3]         lda TA2
d919 : 65f8             [ 3]         adc TA1
                                     ; sta TA1
                             
                                     ; / 2 (16bits)
d91b : 4a               [ 2]         lsr a         ; lsr TA1
d91c : aa               [ 2]         tax         ; ldx TA1
d91d : 98               [ 2]         tya         ; lda TB1     
d91e : 6a               [ 2]         ror a         ; ror TB1
d91f : a8               [ 2]         tay         ; ldy TB1
d920 : 60               [ 6]         rts 
                             
                             ; HB-BBC-128 settings:
AS65 Assembler for R6502 [1.42].                                     Page   87
---------------------------------- bank3.s -----------------------------------

                             ;* AY-3-8910 definitions
                             ;* The sound chip is accessed through VIA 2
0480 =                       IO_1		= 0x0480
0000 =                       PRB		= 0x00
0001 =                       PRA		= 0x01
0002 =                       DDRB		= 0x02
0003 =                       DDRA		= 0x03
0481 =                       SND_ADBUS	= IO_1+PRA
0480 =                       SND_MODE	= IO_1+PRB
                             
0040 =                       SND_SELREAD		= 0x40
0002 =                       SND_SELWRITE		= 0x02
0042 =                       SND_SELSETADDR		= (SND_SELREAD|SND_SELWRITE)
00bd =                       SND_DESELECT_MASK	= (0xff-SND_SELREAD-SND_SELWRIT
                             
                             
                             ;****************************************
                             ;* ay_set
                             ;* Set AY register A to value X
                             ;* Input : A = Reg no, X = Value
                             ;* Output : None
                             ;* Regs affected : None
                             ;****************************************
d921 :                       ay_set
d921 : 48               [ 3]         pha
                             
d922 : a9ff             [ 2] 	lda #0xff			; Set Port A to output
d924 : 8d8304           [ 4] 	sta IO_1 + DDRA
                             
d927 : 68               [ 4]         pla
d928 : 8d8104           [ 4] 	sta SND_ADBUS			; Put A on the sound bus (A = re
                             
d92b : ad8004           [ 4] 	lda SND_MODE			; Need to preserve contents of ot
d92e : 29bd             [ 2] 	and #SND_DESELECT_MASK	        ; Mask off mode b
d930 : 0942             [ 2] 	ora #SND_SELSETADDR		; Select AY mode to latch a
d932 : 8d8004           [ 4] 	sta SND_MODE			; This write will process the dat
                             
d935 : 29bd             [ 2] 	and #SND_DESELECT_MASK	        ; Mask off mode b
d937 : 8d8004           [ 4] 	sta SND_MODE			; This write will deselect the AY
                             	
d93a : 8e8104           [ 4] 	stx SND_ADBUS			; Put X on the sound bus (X = va
d93d : 0902             [ 2] 	ora #SND_SELWRITE		; Select mode for writing dat
d93f : 8d8004           [ 4] 	sta SND_MODE			; This write will process the dat
                             	
d942 : 29bd             [ 2] 	and #SND_DESELECT_MASK	        ; Mask off mode b
d944 : 8d8004           [ 4] 	sta SND_MODE			; This write will deselect the AY
                             
d947 : 60               [ 6] 	rts
                             
                             ; ===============================================
d948 :                       NT_DATA	
d948 : 64                            fcb (T_NEW_0-T1_)*2
d949 : 2a                    	    fcb TCNEW_0-T_
d94a : 65                    	    fcb (T_OLD_0-T1_)*2+1
d94b : 00                    	    fcb TCOLD_0-T_
d94c : 01                    	    fcb (T_NEW_1-T1_)*2+1
d94d : 0c                    	    fcb TCNEW_1-T_
d94e : 01                    	    fcb (T_OLD_1-T1_)*2+1
d94f : 0c                    	    fcb TCOLD_1-T_
d950 : 94                    	    fcb (T_NEW_2-T1_)*2
d951 : 35                    	    fcb TCNEW_2-T_
d952 : 30                    	    fcb (T_OLD_2-T1_)*2
AS65 Assembler for R6502 [1.42].                                     Page   88
---------------------------------- bank3.s -----------------------------------

d953 : 0e                    	    fcb TCOLD_2-T_
d954 : 60                    	    fcb (T_NEW_3-T1_)*2
d955 : 20                    	    fcb TCNEW_3-T_
d956 : 60                    	    fcb (T_OLD_3-T1_)*2
d957 : 21                    	    fcb TCOLD_3-T_
                             
d958 :                       T_
                             
d958 : 0105090b0d0f1315      TCOLD_0	fcb $00+1,$04+1,$08+1,$0A+1,$0C+1,$0E+1,$
d960 : 19253d00              	    fcb $18+1,$24+1,$3C+1,0
d964 : 5d00                  TCOLD_1	fcb $5C+1,0
d966 : 31374d535f7182..      TCOLD_2	fcb $30+1,$36+1,$4C+1,$52+1,$5E+1,$70+1,$
d96f : 9ea0a6a8aaacae..      	    fcb $9E,$A0,$A6,$A8,$AA,$AC,$AE,$AE,0
d978 : 57                    TCNEW_3	fcb $56+1
d979 : 1f2325292d2f33..      TCOLD_3	fcb $1E+1,$22+1,$24+1,$28+1,$2C+1,$2E+1,$
d982 : 1d2123272b2d3155      TCNEW_0	fcb $1C+1,$20+1,$22+1,$26+1,$2A+1,$2C+1,$
d98a : bdbf00                	    fcb $BC+1,$BE+1,0
d964 =                       TCNEW_1 = TCOLD_1
d98d : 1b2125292b3b4d5f      TCNEW_2	fcb $1A+1,$20+1,$24+1,$28+1,$2A+1,$3A+1,$
d995 : bbbdbf00              	    fcb $BA+1,$BC+1,$BE+1,0
                             
d998 =                       EMPTYSAMORN = *-1
d999 : 010090                	    fcb 1,0,$90 ;delete #90 if you don't need de
                             
                             ;first 12 values of tone tables
                             
d99c :                       T1_ 	
d99c : f01d                          fcw $1DF0
d99e : 201c                          fcw $1C20
d9a0 : c01a                          fcw $1AC0
d9a2 : 0019                          fcw $1900
d9a4 : b017                          fcw $17B0
d9a6 : 5016                          fcw $1650
d9a8 : 1015                          fcw $1510
d9aa : e013                          fcw $13E0
                             
d9ac : c012                          fcw $12C0
d9ae : c011                          fcw $11C0
d9b0 : b010                          fcw $10B0
d9b2 : c00f                          fcw $0FC0
d9b4 : 7c1a                          fcw $1A7C
d9b6 : 0019                          fcw $1900
d9b8 : 9817                          fcw $1798
d9ba : 4416                          fcw $1644
                             
d9bc : 0415                          fcw $1504
d9be : d813                          fcw $13D8
d9c0 : b812                          fcw $12B8
d9c2 : ac11                          fcw $11AC
d9c4 : b010                          fcw $10B0
d9c6 : c00f                          fcw $0FC0
d9c8 : dc0e                          fcw $0EDC
d9ca : 080e                          fcw $0E08
                             
d9cc : b419                          fcw $19B4
d9ce : 4418                          fcw $1844
d9d0 : e616                          fcw $16E6
d9d2 : 9e15                          fcw $159E
d9d4 : 6614                          fcw $1466
d9d6 : 4213                          fcw $1342
d9d8 : 2e12                          fcw $122E
d9da : 2811                          fcw $1128
AS65 Assembler for R6502 [1.42].                                     Page   89
---------------------------------- bank3.s -----------------------------------

                             
d9dc : 3210                          fcw $1032
d9de : 480f                          fcw $0F48
d9e0 : 6e0e                          fcw $0E6E
d9e2 : 9e0d                          fcw $0D9E
d9e4 : da0c                          fcw $0CDA
d9e6 : 201a                          fcw $1A20
d9e8 : aa18                          fcw $18AA
d9ea : 4817                          fcw $1748
                             
d9ec : f815                          fcw $15F8
d9ee : be14                          fcw $14BE
d9f0 : 9413                          fcw $1394
d9f2 : 7a12                          fcw $127A
d9f4 : 7011                          fcw $1170
d9f6 : 7610                          fcw $1076
d9f8 : 8a0f                          fcw $0F8A
d9fa : aa0e                          fcw $0EAA
                             
d9fc : d80d                          fcw $0DD8
                             
d99c =                       T_OLD_1	= T1_
d9b4 =                       T_OLD_2	= T_OLD_1+24
d9cc =                       T_OLD_3	= T_OLD_2+24
d9ce =                       T_OLD_0	= T_OLD_3+2
d9ce =                       T_NEW_0	= T_OLD_0
d99c =                       T_NEW_1	= T_OLD_1
d9e6 =                       T_NEW_2	= T_NEW_0+24
d9cc =                       T_NEW_3	= T_OLD_3
                             
d9fe =                       FILE_END =*
                             ; ===========================
                             
d9fe :                       .bss        ; uninitialized data stuff
                             
                             ;vars from here can be stripped
                             ;you can move VARS to any other address
                             
d9fe :                       VARS
                             ;ChannelsVars
                             
                             ; STRUCT "CHP"
0000 =                       PsInOr	= 0
0001 =                       PsInSm	= 1
0002 =                       CrAmSl  = 2
0003 =                       CrNsSl	= 3
0004 =                       CrEnSl	= 4
0005 =                       TSlCnt	= 5
0006 =                       CrTnSl	= 6
0008 =                       TnAcc	= 8
000a =                       COnOff	= 10
000b =                       OnOffD	= 11
000c =                       OffOnD	= 12
000d =                       OrnPtr	= 13
000f =                       SamPtr	= 15
0011 =                       NNtSkp	= 17
0012 =                       Note	= 18
0013 =                       SlToNt	= 19
0014 =                       Env_En	= 20
0015 =                       Flags	= 21
0016 =                       TnSlDl	= 22
0017 =                       TSlStp	= 23
AS65 Assembler for R6502 [1.42].                                     Page   90
---------------------------------- bank3.s -----------------------------------

0019 =                       TnDelt	= 25
001b =                       NtSkCn	= 27
001c =                       Volume	= 28
                             ; end STRUCT
                             
                             ; CHANNEL A
d9fe :                       ChanA	
                             ;reset group
d9fe : 00                    APsInOr	fcb 0
d9ff : 00                    APsInSm	fcb 0
da00 : 00                    ACrAmSl	fcb 0
da01 : 00                    ACrNsSl	fcb 0
da02 : 00                    ACrEnSl	fcb 0
da03 : 00                    ATSlCnt	fcb 0
da04 : 0000                  ACrTnSl	fcw 0
da06 : 0000                  ATnAcc	fcw 0
da08 : 00                    ACOnOff	fcb 0
                             ;reset group
                             
da09 : 00                    AOnOffD	fcb 0
                             
da0a : 00                    AOffOnD	fcb 0
da0b : 0000                  AOrnPtr	fcw 0
da0d : 0000                  ASamPtr	fcw 0
da0f : 00                    ANNtSkp	fcb 0
da10 : 00                    ANote	fcb 0
da11 : 00                    ASlToNt	fcb 0
da12 : 00                    AEnv_En	fcb 0
da13 : 00                    AFlags	fcb 0
                              ;Enabled - 0,SimpleGliss - 2
da14 : 00                    ATnSlDl	fcb 0
da15 : 0000                  ATSlStp	fcw 0
da17 : 0000                  ATnDelt	fcw 0
da19 : 00                    ANtSkCn	fcb 0
da1a : 00                    AVolume	fcb 0
                             	
                             ; CHANNEL B
da1b :                       ChanB
                             ;reset group
da1b : 00                    BPsInOr	fcb 0
da1c : 00                    BPsInSm	fcb 0
da1d : 00                    BCrAmSl	fcb 0
da1e : 00                    BCrNsSl	fcb 0
da1f : 00                    BCrEnSl	fcb 0
da20 : 00                    BTSlCnt	fcb 0
da21 : 0000                  BCrTnSl	fcw 0
da23 : 0000                  BTnAcc	fcw 0
da25 : 00                    BCOnOff	fcb 0
                             ;reset group
                             
da26 : 00                    BOnOffD	fcb 0
                             
da27 : 00                    BOffOnD	fcb 0
da28 : 0000                  BOrnPtr	fcw 0
da2a : 0000                  BSamPtr	fcw 0
da2c : 00                    BNNtSkp	fcb 0
da2d : 00                    BNote	fcb 0
da2e : 00                    BSlToNt	fcb 0
da2f : 00                    BEnv_En	fcb 0
da30 : 00                    BFlags	fcb 0
                              ;Enabled - 0,SimpleGliss - 2
da31 : 00                    BTnSlDl	fcb 0
AS65 Assembler for R6502 [1.42].                                     Page   91
---------------------------------- bank3.s -----------------------------------

da32 : 0000                  BTSlStp	fcw 0
da34 : 0000                  BTnDelt	fcw 0
da36 : 00                    BNtSkCn	fcb 0
da37 : 00                    BVolume	fcb 0
                             
                             ; CHANNEL C
da38 :                       ChanC
                             ;reset group
da38 : 00                    CPsInOr	fcb 0
da39 : 00                    CPsInSm	fcb 0
da3a : 00                    CCrAmSl	fcb 0
da3b : 00                    CCrNsSl	fcb 0
da3c : 00                    CCrEnSl	fcb 0
da3d : 00                    CTSlCnt	fcb 0
da3e : 0000                  CCrTnSl	fcw 0
da40 : 0000                  CTnAcc	fcw 0
da42 : 00                    CCOnOff	fcb 0
                             ;reset group
                             
da43 : 00                    COnOffD	fcb 0
                             
da44 : 00                    COffOnD	fcb 0
da45 : 0000                  COrnPtr	fcw 0
da47 : 0000                  CSamPtr	fcw 0
da49 : 00                    CNNtSkp	fcb 0
da4a : 00                    CNote	fcb 0
da4b : 00                    CSlToNt	fcb 0
da4c : 00                    CEnv_En	fcb 0
da4d : 00                    CFlags	fcb 0
                              ;Enabled - 0,SimpleGliss - 2
da4e : 00                    CTnSlDl	fcb 0
da4f : 0000                  CTSlStp	fcw 0
da51 : 0000                  CTnDelt	fcw 0
da53 : 00                    CNtSkCn	fcb 0
da54 : 00                    CVolume	fcb 0
                             
                             ; ------------
                             
                             ;GlobalVars
da55 : 00                    DelyCnt	fcb 0
da56 : 0000                  CurESld	fcw 0
da58 : 00                    CurEDel	fcb 0
da59 :                       Ns_Base_AddToNs
da59 : 00                    Ns_Base	fcb 0
da5a : 00                    AddToNs	fcb 0
                             
                             ; ===========================
da5b :                       AYREGS ; AY registers
                             
0000 =                       TonA	= 0
0002 =                       TonB	= 2
0004 =                       TonC	= 4
0006 =                       Noise	= 6
0007 =                       Mixer	= 7
0008 =                       AmplA	= 8
0009 =                       AmplB	= 9
000a =                       AmplC	= 10
000b =                       Env	    = 11
000d =                       EnvTp	= 13
                             ; ---
                             
da65 =                       Ampl	= AYREGS+AmplC
AS65 Assembler for R6502 [1.42].                                     Page   92
---------------------------------- bank3.s -----------------------------------

                             ; ===========================
da5b : 00000000000000..      VT_	ds 256 ;CreatedVolumeTableAddress
                             
da69 =                       EnvBase	= VT_+14
da6b =                       VAR0END	= VT_+16 ;INIT zeroes from VARS to VAR0EN
                             
                             ; ===========================
db5b : 00000000000000..      NT_	ds 192 ;CreatedNoteTableAddress
                             
dc1b =                       VARS_END = *
dc1b :                       PT3END
dc1b :                       PT3_code_end
                             
                             
                             	; End of Code
dc1b :                       _bank3_end
                             
No errors in pass 2.
Wrote binary from address $c000 through $ffff.
Total size 16384 bytes.
