AS65 Assembler for R6502 [1.42].                                     Page    1
---------------------------------- bank1.s -----------------------------------

13628 lines read, no errors in pass 1.
c000 =                       _bank1_start=0xc000
                             	include "kernel\kernel.s"
                             ;************************************************
                             ;*
                             ;*	BBC-128 HOMEBREW COMPUTER
                             ;*	Hardware and software design by @6502Nerd (Dol
                             ;*	Copyright 2014-20
                             ;*  Free to use for any non-commercial purpose su
                             ;*  appropriate credit of my authorship please!
                             ;*
                             ;*  KERNEL.S
                             ;*	The 'kernel' routine includes code and data wh
                             ;* 	be in every ROM bank.  In the auto-generated 
                             ;*  files, the kernel is added before the bank sp
                             ;*	code.  See bank0.s as an example.
                             ;*
                             ;************************************************
                             
                             ;* Include all definition and code files in the r
                             	include "inc\includes.i"
                             ;************************************************
                             ;*
                             ;*	BBC-128 HOMEBREW COMPUTER
                             ;*	Hardware and software design by @6502Nerd (Dol
                             ;*	Copyright 2014-20
                             ;*  Free to use for any non-commercial purpose su
                             ;*  appropriate credit of my authorship please!
                             ;*
                             ;*  INCLUDES.S
                             ;*  Main include file for key definitions and mac
                             ;*  Many of the settings here are exremely machin
                             ;*  Defines : IO block addresses, VIA port usage,
                             ;*  settings, useful macros, sound chip registers
                             ;*  VDP registers, ACIA registers.
                             ;*
                             ;************************************************
                             
                             ;* The IO block is at 0x04000 and decodes up to
                             ;* eight IO addresses, at 0x0080 intervals
                             ;* All eight are not used at the present time:
                             ;* - 0 : VIA 1 (Keyboard)
                             ;* - 1 : VIA 2 (Sound and SD card interface)
                             ;* - 2 : VDP (Video)
                             ;* - 3 : ACIA (Serial)
                             ;* - 4 : RTC (DS12887 real time clock + RAM)
0400 =                       IO_0		= 0x0400
0480 =                       IO_1		= 0x0480
0500 =                       IO_2		= 0x0500
0580 =                       IO_3		= 0x0580
0600 =                       IO_4		= 0x0600
0680 =                       IO_5		= 0x0680
0700 =                       IO_6		= 0x0700
0780 =                       IO_7		= 0x0780
                             
                             ;* VDP is accessed through IO_2
0500 =                       VDP_MODE0		= IO_2
0501 =                       VDP_MODE1		= IO_2+1
0501 =                       VDP_STATUS		= IO_2+1
0501 =                       VDP_ADDR		= IO_2+1
0500 =                       VDP_VRAM		= IO_2
0001 =                       VDP_SHORTDELAY	= 1
AS65 Assembler for R6502 [1.42].                                     Page    2
---------------------------------- bank1.s -----------------------------------

0003 =                       VDP_LONGDELAY 	= 3
0010 =                       VDP_FLASH		= 0x10				;* Must be a power of 2 *
                             
                             ;* This structure defines the key information
                             ;* kept about the VDP current mode
0000 =                       	struct vdp_addr_struct
0000 =                       	dw vdp_addr_nme				;* Address of name table
0002 =                       	dw vdp_addr_col				;* Address of colour table
0004 =                       	dw vdp_addr_pat				;* Address of pattern table
0006 =                       	dw vdp_addr_spa				;* Address of sprite pattern 
0008 =                       	dw vdp_addr_spp				;* Address of sprite position
000a =                       	db vdp_bord_col				;* Value of border colour
000b =                       	db vdp_gmode				;* Graphics mode 0,1,2 or 0x80 (
                             	end struct
                             
                             ;* Standard definitions of 6522 registers
                             ;* As found in the datasheets
0000 =                       PRB			= 0x00
0001 =                       PRA			= 0x01
0002 =                       DDRB		= 0x02
0003 =                       DDRA		= 0x03
0004 =                       T1CL		= 0x04
0005 =                       T1CH		= 0x05
0006 =                       T1LL		= 0x06
0007 =                       T1LH		= 0x07
0008 =                       T2CL		= 0x08
0009 =                       T2CH		= 0x09
000a =                       SR			= 0x0a
000b =                       ACR			= 0x0b
000c =                       PCR			= 0x0c
000d =                       IFR			= 0x0d
000e =                       IER			= 0x0e
000f =                       PRAH		= 0x0f
                             
0001 =                       IFR_CA2		= 0x01
0002 =                       IFR_CA1		= 0x02
                             
                             ;* AY-3-8910 definitions
                             ;* The sound chip is accessed through VIA 2
0481 =                       SND_ADBUS	= IO_1+PRA
0480 =                       SND_MODE	= IO_1+PRB
                             
0040 =                       SND_SELREAD			= 0x40
0002 =                       SND_SELWRITE		= 0x02
0042 =                       SND_SELSETADDR		= (SND_SELREAD|SND_SELWRITE)
00bd =                       SND_DESELECT_MASK	= (0xff-SND_SELREAD-SND_SELWRIT
                             
0000 =                       SND_REG_CHAPL	= 0x00
0001 =                       SND_REG_CHAPH	= 0x01
0002 =                       SND_REG_CHBPL	= 0x02
0003 =                       SND_REG_CHBPH	= 0x03
0004 =                       SND_REG_CHCPL	= 0x04
0005 =                       SND_REG_CHCPH	= 0x05
0006 =                       SND_REG_CHNP	= 0x06
0007 =                       SND_REG_CTL		= 0x07
0008 =                       SND_REG_CHAVOL	= 0x08
0009 =                       SND_REG_CHBVOL	= 0x09
000a =                       SND_REG_CHBVOL	= 0x0a
000b =                       SND_REG_ENVPL	= 0x0b
000c =                       SND_REG_ENVPH	= 0x0c
000d =                       SND_REG_ENVCYC	= 0x0d
                             
AS65 Assembler for R6502 [1.42].                                     Page    3
---------------------------------- bank1.s -----------------------------------

000e =                       SND_REG_IOA	= 0x0e
000f =                       SND_REG_IOB	= 0x0f
                             
                             ;* 6551 ACIA definitions
                             ;* As found in the datasheets
0580 =                       SER_DATA	= (IO_3+0)
0581 =                       SER_STATUS	= (IO_3+1)
0581 =                       SER_RESET	= (IO_3+1)
0582 =                       SER_CMD		= (IO_3+2)
0583 =                       SER_CTL		= (IO_3+3)
                             
0080 =                       SER_IRQ		= 0x80
0040 =                       SER_DSRB	= 0x40
0020 =                       SER_DCDB	= 0x20
0010 =                       SER_TDRE	= 0x10
0008 =                       SER_RDRF	= 0x08
0004 =                       SER_OVRN	= 0x04
0002 =                       SER_FE		= 0x02
0001 =                       SER_PE		= 0x01
0080 =                       SER_SBN		= 0x80
0040 =                       SER_WL1		= 0x40
0020 =                       SER_WL0		= 0x20
0060 =                       SER_WL		= (SER_WL1|SER_WL0)
0010 =                       SER_RCS		= 0x10
0008 =                       SER_SBR3	= 0x08
0004 =                       SER_SBR2	= 0x04
0002 =                       SER_SBR1	= 0x02
0001 =                       SER_SBR0	= 0x01
000f =                       SER_SBR		= (SER_SBR3|SER_SBR2|SER_SBR1|SER_SBR0)
000f =                       SER_19200B	= (SER_SBR3|SER_SBR2|SER_SBR1|SER_SBR0
000e =                       SER_9600B	= (SER_SBR3|SER_SBR2|SER_SBR1)
0080 =                       SER_PMC1	= 0x80
0040 =                       SER_PMC0	= 0x40
00c0 =                       SER_PMC		= (SER_PMC1|SER_PMC0)
0020 =                       SER_PME		= 0x20
0010 =                       SER_REM		= 0x10
0008 =                       SER_TIC1	= 0x08
0004 =                       SER_TIC0	= 0x04
000c =                       SER_TIC		= (SER_TIC1|SER_TIC0)
0002 =                       SER_IRD		= 0x02
0001 =                       SER_DTR		= 0x01
                             
                             ;* BBC keyboard definitions
                             ;* The keyboard is accessed through VIA 1
                             ;* Port A - all output
0001 =                       KB_ROWA		= 0x01
0002 =                       KB_ROWB		= 0x02
0004 =                       KB_ROWC		= 0x04
0008 =                       KB_COLA		= 0x08
0010 =                       KB_COLB		= 0x10
0020 =                       KB_COLC		= 0x20
0040 =                       KB_COLD		= 0x40
0080 =                       KB_EN		= 0x80
                             ;* Port B
0001 =                       KB_W		= 0x01			; Input - BBC keyboard hardware se
0002 =                       KB_LED0		= 0x02			; Output - led 0
0004 =                       KB_LED1		= 0x04			; Output - led 1
0008 =                       KB_LED2		= 0x08			; Output - led 2
0001 =                       KB_CAPSLK	= 0x01			; Id of Caps Lock - maps to Le
0002 =                       KB_SHIFTLK	= 0x02			; Id of Shift lock - maps to 
                             
0003 =                       KB_REP_TIM	= 3				; Number of VB periods for the 
AS65 Assembler for R6502 [1.42].                                     Page    4
---------------------------------- bank1.s -----------------------------------

0014 =                       KB_REP_DEL	= 20			; Number of VB periods before r
0002 =                       KB_DEBOUNCE	= 2				; Number of VB periods before 
                             
0001 =                       UTF_SOH		= 0x01
0003 =                       UTF_ETX		= 0x03			; Break character
0007 =                       UTF_BEL		= 0x07
0008 =                       CRSR_LEFT	= 0x08
0009 =                       CRSR_RIGHT	= 0x09
000a =                       CRSR_DOWN	= 0x0a
000b =                       CRSR_UP		= 0x0b
0006 =                       UTF_ACK		= 0x06			; Used for the copy key in this
000c =                       UTF_FF		= 0x0c
000d =                       UTF_CR		= 0x0d
0015 =                       UTF_NACK	= 0x15
0017 =                       UTF_ETB		= 0x17
001a =                       UTF_BRK		= 0x1a			; Debug - drop in to monitor
007f =                       UTF_DEL		= 0x7f
0020 =                       UTF_SPECIAL = 0x20
                             
                             ;* SD Card interface definitions
                             ;* The card is accessed through port B of VIA 2
0001 =                       SD_CLK		= 0x01			; Clock output to SD card
0004 =                       SD_CD		= 0x04			; Card detect input
0008 =                       SD_CS		= 0x08			; Card select output
0010 =                       SD_DI		= 0x10			; Data output from VIA to SD Card
0080 =                       SD_DO		= 0x80			; Data input to VIA from SD card
                             
0010 =                       SD_MOSI		= SD_DI
0080 =                       SD_MISO		= SD_DO
0480 =                       SD_REG		= IO_1+PRB
                             
0000 =                       CMD_ERR_NOERROR			= 0x00
0001 =                       CMD_ERR_NOTFOUND		= 0x01
0002 =                       CMD_ERR_PARM			= 0x02
0003 =                       CMD_ERR_VAL				= 0x03
                             
                             ;* Memory management definitions
                             ;* Y1,Y0 = ROM bank selection CIA1 PORTB
0080 =                       MM_Y1					= 0x80
0040 =                       MM_Y0					= 0x40
                             ;* X1,X0 = RAM bank selection CIA1 PORTB
0020 =                       MM_X1					= 0x20
0010 =                       MM_X0					= 0x10
                             ;* DIS = ROM disable *CIA2* PORTB
0020 =                       MM_DIS					= 0x20
                             
                             ;* Number formats for conversion routines
0000 =                       NUM_ANY		= 0x00
0001 =                       NUM_DEC		= 0x01
0002 =                       NUM_HEX		= 0x02
0003 =                       NUM_BIN		= 0x03
                             
                             	
                             ;* SD Card Master Boot Record (MBR) definitions
                             ;* The MBR contains the essential information
                             ;* needed to access the data on the card
                             ;* MBR is usually sector 0, but not always
                             ;* however the card I am using does work ok.
0000 =                       MBR_Code				=	0x0000
0003 =                       MBR_OEMName				=	0x0003
000b =                       MBR_BytesPerSect		=	0x000b
000d =                       MBR_SectPerClust		=	0x000d
AS65 Assembler for R6502 [1.42].                                     Page    5
---------------------------------- bank1.s -----------------------------------

000e =                       MBR_ResvSect			=	0x000e
0010 =                       MBR_FATCopies			=	0x0010
0011 =                       MBR_RootEntries			=	0x0011
0013 =                       MBR_SmlSect				=	0x0013
0015 =                       MBR_MediaDesc			=	0x0015
0016 =                       MBR_SectPerFAT			=	0x0016
0018 =                       MBR_SectPerTrk			=	0x0018
001a =                       MBR_NumHeads			=	0x001a
001c =                       MBR_NumHidSect			=	0x001c
0020 =                       MBR_NumSect				=	0x0020
0024 =                       MBR_DrvNum				=	0x0024
0026 =                       MBR_ExtSig				=	0x0026
0027 =                       MBR_SerNo				=	0x0027
002b =                       MBR_VolName				=	0x002b
0036 =                       MBR_FATName				=	0x0036
003e =                       MBR_ExeCode				=	0x003e
01c6 =                       MBR_BootPart1			=	(0x01be+0x08)
01fe =                       MBR_ExeMark				=	0x01fe
                             
                             ;* FAT16 definitions - these are offsets
                             ;* in to a FAT table entry which is
                             ;* 32 bytes in length.
0000 =                       	struct FATFileDesc
0000 =                       	ds FAT_Name,8
0008 =                       	ds FAT_Ext,3
000b =                       	ds FAT_Attr,1
000c =                       	ds FAT_Resv,1
000d =                       	ds FAT_Createms,1
000e =                       	ds FAT_CreateTime,2
0010 =                       	ds FAT_CreateDate,2
0012 =                       	ds FAT_AccessDate,2
0014 =                       	ds FAT_EAIndex,2
0016 =                       	ds FAT_ModTime,2
0018 =                       	ds FAT_ModDate,2
001a =                       	ds FAT_FirstClust,2
001c =                       	ds FAT_FileSize,4
                             	end struct
                             
                             ;* Flag to mark file as a directory
0010 =                       FAT_Attr_Dir			=	0x10
                             
                             ;* The FileHandle stucture is key to
                             ;* accessing the file system
0000 =                       	struct FileHandle
0000 =                       	ds FH_Name, 13				; 8 name, 3 extension, 1 separ
000d =                       	ds FH_Attr, 1				; What kind of file ** keep str
000e =                       	ds FH_Size, 4				; File size
0012 =                       	ds FH_CurrClust, 2			; Current cluster
0014 =                       	ds FH_SectCounter, 1		; Sector counter to know w
0015 =                       	ds FH_CurrSec, 4			; Current sector
0019 =                        	ds FH_Pointer, 4			; Pointer in to file for nex
001d =                       	ds FH_DirSect, 4			; Parent directory sector
0021 =                       	ds FH_DirOffset, 2			; Offset of this entry in t
0023 =                       	ds FH_FirstClust, 2			; First cluster of file da
0025 =                       	ds FH_LastClust, 2			; Last cluster accessed
0027 =                       	ds FH_TimeDate, 5			; Time-Date created (ms, tim
002c =                       	ds FH_FileMode, 1			; File mode (0=read, else wr
002d =                       	ds FH_FSpecPtr, 2			; Pointer to file spec being
                             	end struct
                             
0001 =                       FS_BLK_FLG_LOAD		 	= 	0x01		; On next byte, load 
0002 =                       FS_BLK_FLG_FLUSH		=	0x02		; Block has changed, ne
AS65 Assembler for R6502 [1.42].                                     Page    6
---------------------------------- bank1.s -----------------------------------

                             	
0001 =                       FS_ERR_EOF				=	0x01
                             
                             
                             ;* USEFUL MACROS HERE
                             
                             ;* Software break to throw errors
                             ;* use like this : SWBRK XX
                             ;* Where XX is the error code
                             SWBRK macro sig
                             	brk
                             	db sig
                             	endm
                             
                             _pushAXY macro
                             	pha
                             	phx
                             	phy
                             	endm
                             
                             _pullAXY macro
                             	ply
                             	plx
                             	pla
                             	endm
                             
                             _println macro msg
                             	_pushAXY
                             	ldx #lo(msg)
                             	lda #hi(msg)
                             	jsr io_print_line
                             	_pullAXY
                             	endm
                             
                             _println_low macro msg
                             	ldx #lo(msg)
                             	lda #hi(msg)
                             	jsr io_print_line
                             	endm
                             
                             _printmsgA macro msg
                             	phx
                             	phy
                             	pha
                             	ldx #lo(msg)
                             	lda #hi(msg)
                             	jsr io_print_line
                             	pla
                             	pha
                             	jsr str_a_to_x
                             	jsr _put_byte
                             	txa
                             	jsr _put_byte
                             	lda #UTF_CR
                             	jsr _put_byte
                             	pla
                             	ply
                             	plx
                             	endm
                             
                             _printA macro
                             	phx
AS65 Assembler for R6502 [1.42].                                     Page    7
---------------------------------- bank1.s -----------------------------------

                             	phy
                             	pha
                             	jsr str_a_to_x
                             	jsr _put_byte
                             	txa
                             	jsr _put_byte
                             	pla
                             	ply
                             	plx
                             	endm
                             
                             _printCRLF macro
                             	pha
                             	lda #UTF_CR
                             	jsr _put_byte
                             	pla
                             	endm
                             
                             _printC macro ch
                             	pha
                             	lda #ch
                             	jsr _put_byte
                             	pla
                             	endm
                             
                             _printCA macro
                             	pha
                             	jsr _put_byte
                             	pla
                             	endm
                             
                             _sendcmd macro cmd
                             	_pushAXY
                             	ldx #lo(cmd)
                             	lda #hi(cmd)
                             	jsr sd_sendcmd
                             	_pullAXY
                             	endm
                             
                             _incZPWord macro wordp
                             	inc wordp
                             	db	0xd0, 0x02
                             	inc wordp+1
                             	endm
                             
                             _decZPWord macro wordp
                             	pha
                             	sec
                             	lda wordp
                             	sbc #1
                             	sta wordp
                             	lda wordp+1
                             	sbc #0
                             	sta wordp+1
                             	pla
                             	endm
                             
                             _decZPWordA macro wordp
                             	sec
                             	lda wordp
                             	sbc #1
                             	sta wordp
AS65 Assembler for R6502 [1.42].                                     Page    8
---------------------------------- bank1.s -----------------------------------

                             	lda wordp+1
                             	sbc #0
                             	sta wordp+1
                             	endm
                             
                             _cpyZPWord macro worda,wordb
                             	lda worda
                             	sta wordb
                             	lda worda+1
                             	sta wordb+1
                             	endm
                             	
                             _addZPWord macro worda, wordb
                             	clc
                             	lda worda
                             	adc wordb
                             	sta worda
                             	lda worda+1
                             	adc wordb+1
                             	sta worda+1
                             	endm
                             
                             _subZPWord macro worda, wordb
                             	sec
                             	lda worda
                             	sbc wordb
                             	sta worda
                             	lda worda+1
                             	sbc wordb+1
                             	sta worda+1
                             	endm
                             	
                             _adcZPWord macro worda,const
                             	clc
                             	lda worda
                             	adc #const
                             	sta worda
                             	lda worda+1
                             	adc #0
                             	sta worda+1
                             	endm
                             
                             _adcZPByte macro worda, byte
                             	clc
                             	lda worda
                             	adc byte
                             	sta worda
                             	db 0x90, 0x02		; bcc 2
                             	inc worda+1
                             	endm
                             
                             _sbcZPByte macro worda, byte
                             	sec
                             	lda worda
                             	sbc byte
                             	sta worda
                             	db 0xb0, 0x02		; bcs 2
                             	inc worda+1
                             	endm
                             
                             _bcc macro skip
                             	db 0x90, skip
AS65 Assembler for R6502 [1.42].                                     Page    9
---------------------------------- bank1.s -----------------------------------

                             	endm
                             
                             _bcs macro skip
                             	db 0xb0, skip
                             	endm
                             
                             _df_ost_peekType macro
                             	ldy df_parmtop
                             	lda df_rtstck-1,y
                             	endm
                             
                             	include "inc\graph.i"
                             ;************************************************
                             ;*
                             ;*	BBC-128 HOMEBREW COMPUTER
                             ;*	Hardware and software design by @6502Nerd (Dol
                             ;*	Copyright 2014-20
                             ;*  Free to use for any non-commercial purpose su
                             ;*  appropriate credit of my authorship please!
                             ;*
                             ;*  GRAPH.I
                             ;*  This is the definition file for graphics, spe
                             ;*  The graphics screen handling module.  It is j
                             ;*  structure definition - but this structure is 
                             ;*  record the important attributes of a text scr
                             ;*  Needed because there is both a 40 and 32 colu
                             ;*  supported by the VDP, and the screens are not
                             ;*  same location.
                             ;*
                             ;************************************************
                             
0000 =                       	struct gr_screen
0000 =                       	dw gr_screen_start			; Start of screen memory in
0002 =                       	dw gr_screen_size			; Number of bytes screen occ
0004 =                       	db gr_screen_w				; Number of columns
0005 =                       	db gr_screen_h				; Number of rows
0006 =                       	db gr_cur_off				; Y offset of cursor image from
0007 =                       	db gr_cur_x					; Current X position of cursor
0008 =                       	db gr_cur_y					; Current Y position of cursor
0009 =                       	dw gr_cur_ptr				; VDP address of cursor
000b =                       	db gr_pixmode				; Pixel plot mode (0=Erase, 1=P
000c =                       	db gr_pixmask				; Pixel plot mask
000d =                       	db gr_pixcol				; Pixel colour
000e =                       	dw gr_geom_tmp				; One word of temp storage for
                             	end struct
                             	include "io\io.i"
                             ;************************************************
                             ;*
                             ;*	BBC-128 HOMEBREW COMPUTER
                             ;*	Hardware and software design by @6502Nerd (Dol
                             ;*	Copyright 2014-20
                             ;*  Free to use for any non-commercial purpose su
                             ;*  appropriate credit of my authorship please!
                             ;*
                             ;*  IO.I
                             ;*  Definitions file for the IO module.  The key 
                             ;*  used by the IO system is defined here.
                             ;*
                             ;************************************************
                             
                             ;* General IO structure allows the system to swap
                             ;* different IO devices by using indirect calls t
AS65 Assembler for R6502 [1.42].                                     Page   10
---------------------------------- bank1.s -----------------------------------

                             ;* the appropriate routines.
0000 =                       	struct io_struct
0000 =                       	ds	io_get_byte,	2			;* Address of get byte
0002 =                       	ds	io_put_byte,	2			;* Address of put byte
0004 =                       	ds	io_open_r,		2			;* Address of open file for r
0006 =                       	ds	io_open_w,		2			;* Address of open file for w
0008 =                       	ds	io_close_f,		2			;* Address of close file
000a =                       	ds	io_del_f,		2			;* Address of delete file
000c =                       	ds	io_ext1,		2			;* Address of extended function
000e =                       	ds	io_ext2,		2			;* Address of extended function
                             	end struct
                             	include "rtc\rtc.i"
                             ;************************************************
                             ;*
                             ;*	BBC-128 HOMEBREW COMPUTER
                             ;*	Hardware and software design by @6502Nerd (Dol
                             ;*	Copyright 2014-20
                             ;*  Free to use for any non-commercial purpose su
                             ;*  appropriate credit of my authorship please!
                             ;*
                             ;*  RTC.I
                             ;*  Definitions file for the RTC module.  The key
                             ;*  used by the real time clock is defined here.
                             ;*  It is a DS1288
                             ;*
                             ;************************************************
                             
0000 =                       RTC_SEC		= 0x00
0001 =                       RTC_SECA	= 0x01
0002 =                       RTC_MIN		= 0x02
0003 =                       RTC_MINA	= 0x03
0004 =                       RTC_HR		= 0x04
0005 =                       RTC_HRA		= 0x05
0006 =                       RTC_DOW		= 0x06
0007 =                       RTC_DAY		= 0x07
0008 =                       RTC_MTH		= 0x08
0009 =                       RTC_YR		= 0x09
000a =                       RTC_REGA	= 0x0a
000b =                       RTC_REGB	= 0x0b
000c =                       RTC_REGC	= 0x0c
000d =                       RTC_REGD	= 0x0d
                             
0080 =                       RTC_UIP		= 0x80
0040 =                       RTC_DV2		= 0x40
0020 =                       RTC_DV1		= 0x20
0010 =                       RTC_DV0		= 0x10
0080 =                       RTC_RS3		= 0x80
0040 =                       RTC_RS2		= 0x40
0020 =                       RTC_RS1		= 0x20
0010 =                       RTC_RS0		= 0x10
                             
0080 =                       RTC_SET		= 0x80
0040 =                       RTC_PIE		= 0x40
0020 =                       RTC_AIE		= 0x20
0010 =                       RTC_UIE		= 0x10
0080 =                       RTC_SQWE	= 0x80
0004 =                       RTC_DM		= 0x04
0002 =                       RTC_2412	= 0x02
0001 =                       RTC_DSE		= 0x01
                             
0080 =                       RTC_IRQF	= 0x80
0040 =                       RTC_PF		= 0x40
AS65 Assembler for R6502 [1.42].                                     Page   11
---------------------------------- bank1.s -----------------------------------

0020 =                       RTC_AF		= 0x20
0010 =                       RTC_UF		= 0x10
                             
0080 =                       RTC_VRT		= 0x80
                             
0600 =                       RTC_ADDR	= 0x600
0601 =                       RTC_DATA	= 0x601
                             
000e =                       NV_MODE     = 0x0e          ; Default boot up scr
000f =                       NV_COLOUR   = 0x0f          ; Default boot up col
                             
003f =                       NV_RAMSZ    = 63            ; Checksum byte in NV
                             	include "dflat\dflat.i"
                             ;************************************************
                             ;*
                             ;*	BBC-128 HOMEBREW COMPUTER
                             ;*	Hardware and software design by @6502Nerd (Dol
                             ;*	Copyright 2014-20
                             ;*  Free to use for any non-commercial purpose su
                             ;*  appropriate credit of my authorship please!
                             ;*
                             ;*  DFLAT.I
                             ;*  This is the main definitions file for dflat. 
                             ;*  definitions are in here to access the data st
                             ;*  used by dflat.
                             ;*
                             ;************************************************
                             
                             ;* Start dflat program memory
0cb6 =                       DF_PROGSTART=	mem_start
                             ;* This is the top of usable dflat memory plus 1
c000 =                       DF_MEMTOP	=	0xc000
                             
                             ;* Offset in to tokenised line of length and line
0000 =                       DFTK_LINLEN	=	0x00
0001 =                       DFTK_LINNUM	=	0x01
                             
                             ;* Flags for token, escape value for data types a
0080 =                       DFTK_TOKEN	=	0x80
0020 =                       DFTK_ESCVAL	=	0x20
0000 =                       DFTK_EOL	=	0x00
                             
                             ;* Numeric constants are encoded based on size an
                             ;* user representation.
                             ;* For example the decimal value 16 will be encod
                             ;* DFTK_INTDEC followed by the bytes 0 and 16 to 
                             ;* The same value in binary will be encoded as DF
                             ;* followed by the same 0 and 16 bytes.  This is 
                             ;* tokenised value to be displayed in original re
                             ;* So in the two examples, they will be shown as 
                             ;* '0x0010' respectively.
0000 =                       DFTK_CHR	=	0x00
0001 =                       DFTK_RESV1	=	0x01
0002 =                       DFTK_RESV2	=	0x02
0003 =                       DFTK_RESV3	=	0x03
0004 =                       DFTK_RESV4	=	0x04
0005 =                       DFTK_BYTDEC	=	0x05
0006 =                       DFTK_BYTHEX = 	0x06
0007 =                       DFTK_BYTBIN =	0x07
0008 =                       DFTK_RESV8	=	0x08
0009 =                       DFTK_INTDEC	=	0x09
000a =                       DFTK_INTHEX =	0x0a
AS65 Assembler for R6502 [1.42].                                     Page   12
---------------------------------- bank1.s -----------------------------------

000b =                       DFTK_INTBIN	=	0x0b
000c =                       DFTK_RESVC	=	0x0c
000d =                       DFTK_RESVD	=	0x0d
000e =                       DFTK_RESVE	=	0x0e
000f =                       DFTK_RESVF	=	0x0f
                             
                             ;* String constant, variable and procedure tokens
0010 =                       DFTK_STRLIT	=	0x10
0011 =                       DFTK_VAR	=	0x11
0012 =                       DFTK_PROC	=	0x12
001f =                       DFTK_STEND	=	0x1f
                             
                             ;* Qualifier for non-local parameters passed to a
0026 =                       DFTK_VARPARM=	'&'
                             
                             ;* Variable Value Table (VVT) definitions
                             ;* The VVT records the values of variables define
                             ;* the Variable Name Table (VNT).  When a variabl
                             ;* used, it is added to the VNT, and the position
                             ;* VNT is used as an index in to the VVT.
                             ;* Every VVT entry is 8 bytes - so the VNT index 
                             ;* shifted left 3 bits to get the VVT offset.
                             ;* The VNT grows from top of memory down, the VVT
                             ;* grows from start of VNT down.
                             
                             ;* Index in to each entry of the VVT
0000 =                       DFVVT_TYPE	=	0x00
0001 =                       DFVVT_LO	=	0x01
0002 =                       DFVVT_HI	=	0x02
0003 =                       DFVVT_DIM1	=	0x03
0004 =                       DFVVT_DIM2	=	0x04
0008 =                       DFVVT_SZ	=	0x08	;VVT is aligned to 8 byte blocks
                             
                             ;* The meaning of the DFVVT_TYPE entry
0001 =                       DFVVT_INT	=	0x01
0002 =                       DFVVT_BYT	=	0x02
0004 =                       DFVVT_STR	=	0x04
0008 =                       DFVVT_FLT	=	0x08
0040 =                       DFVVT_PROC	=	0x40
0080 =                       DFVVT_PTR	=	0x80
                             
                             ;* Flags indicating the meaning of a token
                             ;* A token has the top bit set (0x80), then the
                             ;* remaining bits indicate what it represents.
0001 =                       DFTK_KW		=	0x01
0002 =                       DFTK_FN		=	0x02
0004 =                       DFTK_STROP	=	0x04
0008 =                       DFTK_OP		=	0x08
0010 =                       DFTK_INT	=	0x10
0020 =                       DFTK_BYT	=	0x20
0040 =                       DFTK_STR	=	0x40
0080 =                       DFTK_FLT	=	0x80
0007 =                       DFTK_OPMSK	=	0x07
00f8 =                       DFTK_RTMSK	= 	0xf8
                             
                             ;* Defines what type of value is on the parameter
                             ;* All numerics are stored as INT, all STR
                             ;* are pointers to the actual string, thus
                             ;* all entries in the parmeter stack are 3 bytes
0003 =                       DFST_INT	=	DFVVT_INT|DFVVT_BYT
0004 =                       DFST_STR	=	DFVVT_STR
00ff =                       DFST_PTR	=	0xff
AS65 Assembler for R6502 [1.42].                                     Page   13
---------------------------------- bank1.s -----------------------------------

                             
                             ;* Token values of specific commands, used during
                             ;* command processing.
                             ;* ANY CHANGE TO THE ORDER OF KEYWORDS NEEDS TO R
0086 =                       DFRT_DEF	=	0x86
0087 =                       DFRT_ENDDEF	=	0x87
0088 =                       DFRT_RETURN	=	0x88
0089 =                       DFRT_ABORT	=	0x89
008c =                       DFRT_REPEAT	=	0x8c
008e =                       DFRT_FOR	=	0x8e
008f =                       DFRT_NEXT	=	0x8f
0090 =                       DFRT_WHILE	=	0x90
0091 =                       DFRT_WEND	=	0x91
0092 =                       DFRT_IF		=	0x92
0093 =                       DFRT_ELSE	=	0x93
0094 =                       DFRT_ENDIF	=	0x94
0095 =                       DFRT_ELSEIF	=	0x95
0096 =                       DFRT_DATA	=	0x96
0097 =                       DFRT_ASM	=	0x97
                             
                             _PushTrueJmp macro
                             	ldx #0xff
                             	txa
                             	jmp df_ost_pushInt
                             	endm
                             
                             _PushFalseJmp macro
                             	ldx #0x00
                             	txa
                             	jmp df_ost_pushInt
                             	endm
                             
                             	include "dflat\dflat.i"
                             ;************************************************
                             ;*
                             ;*	BBC-128 HOMEBREW COMPUTER
                             ;*	Hardware and software design by @6502Nerd (Dol
                             ;*	Copyright 2014-20
                             ;*  Free to use for any non-commercial purpose su
                             ;*  appropriate credit of my authorship please!
                             ;*
                             ;*  DFLAT.I
                             ;*  This is the main definitions file for dflat. 
                             ;*  definitions are in here to access the data st
                             ;*  used by dflat.
                             ;*
                             ;************************************************
                             
                             ;* Start dflat program memory
0cb6 =                       DF_PROGSTART=	mem_start
                             ;* This is the top of usable dflat memory plus 1
c000 =                       DF_MEMTOP	=	0xc000
                             
                             ;* Offset in to tokenised line of length and line
0000 =                       DFTK_LINLEN	=	0x00
0001 =                       DFTK_LINNUM	=	0x01
                             
                             ;* Flags for token, escape value for data types a
0080 =                       DFTK_TOKEN	=	0x80
0020 =                       DFTK_ESCVAL	=	0x20
0000 =                       DFTK_EOL	=	0x00
                             
AS65 Assembler for R6502 [1.42].                                     Page   14
---------------------------------- bank1.s -----------------------------------

                             ;* Numeric constants are encoded based on size an
                             ;* user representation.
                             ;* For example the decimal value 16 will be encod
                             ;* DFTK_INTDEC followed by the bytes 0 and 16 to 
                             ;* The same value in binary will be encoded as DF
                             ;* followed by the same 0 and 16 bytes.  This is 
                             ;* tokenised value to be displayed in original re
                             ;* So in the two examples, they will be shown as 
                             ;* '0x0010' respectively.
0000 =                       DFTK_CHR	=	0x00
0001 =                       DFTK_RESV1	=	0x01
0002 =                       DFTK_RESV2	=	0x02
0003 =                       DFTK_RESV3	=	0x03
0004 =                       DFTK_RESV4	=	0x04
0005 =                       DFTK_BYTDEC	=	0x05
0006 =                       DFTK_BYTHEX = 	0x06
0007 =                       DFTK_BYTBIN =	0x07
0008 =                       DFTK_RESV8	=	0x08
0009 =                       DFTK_INTDEC	=	0x09
000a =                       DFTK_INTHEX =	0x0a
000b =                       DFTK_INTBIN	=	0x0b
000c =                       DFTK_RESVC	=	0x0c
000d =                       DFTK_RESVD	=	0x0d
000e =                       DFTK_RESVE	=	0x0e
000f =                       DFTK_RESVF	=	0x0f
                             
                             ;* String constant, variable and procedure tokens
0010 =                       DFTK_STRLIT	=	0x10
0011 =                       DFTK_VAR	=	0x11
0012 =                       DFTK_PROC	=	0x12
001f =                       DFTK_STEND	=	0x1f
                             
                             ;* Qualifier for non-local parameters passed to a
0026 =                       DFTK_VARPARM=	'&'
                             
                             ;* Variable Value Table (VVT) definitions
                             ;* The VVT records the values of variables define
                             ;* the Variable Name Table (VNT).  When a variabl
                             ;* used, it is added to the VNT, and the position
                             ;* VNT is used as an index in to the VVT.
                             ;* Every VVT entry is 8 bytes - so the VNT index 
                             ;* shifted left 3 bits to get the VVT offset.
                             ;* The VNT grows from top of memory down, the VVT
                             ;* grows from start of VNT down.
                             
                             ;* Index in to each entry of the VVT
0000 =                       DFVVT_TYPE	=	0x00
0001 =                       DFVVT_LO	=	0x01
0002 =                       DFVVT_HI	=	0x02
0003 =                       DFVVT_DIM1	=	0x03
0004 =                       DFVVT_DIM2	=	0x04
0008 =                       DFVVT_SZ	=	0x08	;VVT is aligned to 8 byte blocks
                             
                             ;* The meaning of the DFVVT_TYPE entry
0001 =                       DFVVT_INT	=	0x01
0002 =                       DFVVT_BYT	=	0x02
0004 =                       DFVVT_STR	=	0x04
0008 =                       DFVVT_FLT	=	0x08
0040 =                       DFVVT_PROC	=	0x40
0080 =                       DFVVT_PTR	=	0x80
                             
                             ;* Flags indicating the meaning of a token
AS65 Assembler for R6502 [1.42].                                     Page   15
---------------------------------- bank1.s -----------------------------------

                             ;* A token has the top bit set (0x80), then the
                             ;* remaining bits indicate what it represents.
0001 =                       DFTK_KW		=	0x01
0002 =                       DFTK_FN		=	0x02
0004 =                       DFTK_STROP	=	0x04
0008 =                       DFTK_OP		=	0x08
0010 =                       DFTK_INT	=	0x10
0020 =                       DFTK_BYT	=	0x20
0040 =                       DFTK_STR	=	0x40
0080 =                       DFTK_FLT	=	0x80
0007 =                       DFTK_OPMSK	=	0x07
00f8 =                       DFTK_RTMSK	= 	0xf8
                             
                             ;* Defines what type of value is on the parameter
                             ;* All numerics are stored as INT, all STR
                             ;* are pointers to the actual string, thus
                             ;* all entries in the parmeter stack are 3 bytes
0003 =                       DFST_INT	=	DFVVT_INT|DFVVT_BYT
0004 =                       DFST_STR	=	DFVVT_STR
00ff =                       DFST_PTR	=	0xff
                             
                             ;* Token values of specific commands, used during
                             ;* command processing.
                             ;* ANY CHANGE TO THE ORDER OF KEYWORDS NEEDS TO R
0086 =                       DFRT_DEF	=	0x86
0087 =                       DFRT_ENDDEF	=	0x87
0088 =                       DFRT_RETURN	=	0x88
0089 =                       DFRT_ABORT	=	0x89
008c =                       DFRT_REPEAT	=	0x8c
008e =                       DFRT_FOR	=	0x8e
008f =                       DFRT_NEXT	=	0x8f
0090 =                       DFRT_WHILE	=	0x90
0091 =                       DFRT_WEND	=	0x91
0092 =                       DFRT_IF		=	0x92
0093 =                       DFRT_ELSE	=	0x93
0094 =                       DFRT_ENDIF	=	0x94
0095 =                       DFRT_ELSEIF	=	0x95
0096 =                       DFRT_DATA	=	0x96
0097 =                       DFRT_ASM	=	0x97
                             
                             _PushTrueJmp macro
                             	ldx #0xff
                             	txa
                             	jmp df_ost_pushInt
                             	endm
                             
                             _PushFalseJmp macro
                             	ldx #0x00
                             	txa
                             	jmp df_ost_pushInt
                             	endm
                             
                             	include "dflat\error.i"
                             ;************************************************
                             ;*
                             ;*	BBC128
                             ;*	Dolo Miah (@6502Nerd)
                             ;*	Copyright (c) 2020
                             ;*  Free to use for any non-commercial purpose su
                             ;*  credit of original my authorship please!
                             ;*
                             ;*  ERROR.I
AS65 Assembler for R6502 [1.42].                                     Page   16
---------------------------------- bank1.s -----------------------------------

                             ;*  Error definitions file.
                             ;*  The macro to throw an error is elswhere, but 
                             ;*  It issues a 6502 BRK commmand with the next b
                             ;*  the error code.  The BRK handler then picks u
                             ;*  code and shows the appropriate message plus a
                             ;*  number if a program was running.
                             ;*
                             ;************************************************
                             
                             	; ROM code
                             	code  
                             
                             ; Error message numbers
0000 =                       DFERR_OK		=	0
0001 =                       DFERR_SYNTAX	=	1
0002 =                       DFERR_TYPEMISM	=	2
0003 =                       DFERR_DIM		=	3
0004 =                       DFERR_UNTIL		=	4
0005 =                       DFERR_NOPROC	=	5
0006 =                       DFERR_PROCPARM	=	6
0007 =                       DFERR_IMMEDIATE	=	7
0008 =                       DFERR_UNCLOSEDIF=	8
0009 =                       DFERR_NOIF		=	9
000a =                       DFERR_NEXTFOR	=	10
000b =                       DFERR_FNAME		=	11
000c =                       DFERR_STRLONG	=	12
000d =                       DFERR_BREAK		=	13
000e =                       DFERR_NODATA	=	14
000f =                       DFERR_WEND		=	15
0010 =                       DFERR_NOLINE	=	16
0011 =                       DFERR_RETURN	=	17
0012 =                       DFERR_ABORT		=	18
0013 =                       DFERR_QUANTITY	=	19
0014 =                       DFERR_NOORG		=	20
                             
                             
                             
                             	include "bank\bank.i"
c000 =                       bankjsr_nul_addr	=	0xc000
0000 =                       bankjsr_nul_bank	=	0x00
003f =                       ROM_ZMASK			=	0x3f
00cf =                       RAM_ZMASK			=	0xcf
                             
                             _bankjsr	macro	addr,bank
                             	; Save A
                             	sta tmp_bank1
                             	
                             	; Save current bank
                             	lda bank_num
                             	pha
                             	
                             	; Switch to new bank
                             	lda IO_0+PRB
                             	and #ROM_ZMASK
                             	ora #(bank^3) << 6			; Shift left 6 bits
                             	sta IO_0+PRB
                             
                             	; Restore A
                             	lda tmp_bank1
                             	; JSR to the routine
                             	jsr addr
                             	
AS65 Assembler for R6502 [1.42].                                     Page   17
---------------------------------- bank1.s -----------------------------------

                             	jmp _restore_bank
                             	; 62 clock cycles inc restore vs 6 for a near js
                             
                             	endm
                             	
                             _bankram macro bank
                             	pha
                             	lda IO_0+PRB
                             	and #RAM_ZMASK
                             	ora #bank << 4
                             	sta IO_0+PRB
                             	pla
                             	endm
                             	
                             _bankram_fast macro bank
                             	lda IO_0+PRB
                             	and #RAM_ZMASK
                             	ora #bank << 4
                             	sta IO_0+PRB
                             	endm
                             	
                             
                             	include "kernel\zeropage.i"
                             ;************************************************
                             ;*
                             ;*	BBC-128 HOMEBREW COMPUTER
                             ;*	Hardware and software design by @6502Nerd (Dol
                             ;*	Copyright 2014-20
                             ;*  Free to use for any non-commercial purpose su
                             ;*  appropriate credit of my authorship please!
                             ;*
                             ;*  ZEROPAGE.I
                             ;*  This module name is misleading it is not only
                             ;*  allocations, but also page 2, 3, 4, 5, 6, 7 a
                             ;*  Basically, this module defines:
                             ;*  - All zero page variables for system and dfla
                             ;*  - Page 1 is stack so no need to worry about t
                             ;*  - Page 2 is the serial IO buffer for the 6551
                             ;*  - Page 3 and 4 is a 512 buffer for SD card se
                             ;*  - Page 5 onwards is mainly for dflat working 
                             ;*    but also non-zero page storage for general 
                             ;*    system and scratch usage.
                             ;*  memstart is a handy label that indicates the 
                             ;*  location that we can store dflat programs fro
                             ;*  Zero page is a valuable asset as the 6502 can
                             ;*  this page one cycle quicker than the rest of 
                             ;*  and infact some addressing modes can only use
                             ;*  Due to the value of zero page, a lot of syste
                             ;*  dflat variables are put here.  But we don't h
                             ;*  luxury for single use variables - so you will
                             ;*  see a lot of temporary sounding names which a
                             ;*  have multiple used across the code base.
                             ;*
                             ;************************************************
                             
                             	; Zero page declarations
                             	bss
0000 =                       	org 0x0000
                             
0000 =                       tmp_bank1	ds	1		; Temp storage ONLY FOR USE BY BA
0001 =                       tmp_bank2	ds	1		; Temp storage ONLY FOR USE BY BA
                             
AS65 Assembler for R6502 [1.42].                                     Page   18
---------------------------------- bank1.s -----------------------------------

                             ; Serial FIFO buffer pointers
0002 =                       ser_first	ds	1		; Pointer to first byte in buffer
0003 =                       ser_last	ds	1		; Pointer to last byte in buffer
                             ; VDP parameters
0004 =                       vdp_int_cnt	ds  2		; VDP interrupt counter
0006 =                       vdp_curoff	ds	1		; Cursor off (0 = On)
0007 =                       vdp_curstat	ds	1		; Cursor status
0008 =                       vdp_curval	ds	1		; Cursor value on screen
0009 =                       vdp_blank	ds	1		; Screen blank value normally 32
000a =                       vdp_delay	ds	1		; Delay counter for VRAM access
                             
                             ; vdp settings
000b =                       vdp_base	ds	vdp_addr_struct
                             
                             ; Screen geometry
0017 =                       gr_scrngeom	ds	gr_screen
                             
                             ;Keyboard parameters
0027 =                       kb_raw  	ds	1		; Raw keyboard code
0028 =                       kb_last		ds	1		; Raw code of last key
0029 =                       kb_code 	ds	1		; Converted keyboard code
002a =                       kb_stat		ds	1		; Keyboard status for caps and shi
002b =                       kb_deb		ds	1		; VB periods since last KB spike
002c =                       kb_rep		ds	1		; Keyboard repeat timer
002d =                       kb_rep_tim 	ds	1		; Default repeat speed
002e =                       kb_rep_del 	ds	1		; Default repeat delay timing
002f =                       kb_debounce ds	1		; Default repeat debounce
0030 =                       kb_pressed	ds	1		; Set by the interrupt handler i
                             
0031 =                       tmp_c		ds	2		; Temp address c
0033 =                       tmp_v1		ds	2		; VDP temp addresses
0035 =                       tmp_a		ds	2		; Temp storage a
0037 =                       tmp_b 		ds	2		; Temp address b
0039 =                       tmp_d		ds	2		; Temp storage d
                             
                             ; Raw input/output parameters
003b =                       buf_adr		ds	2		; Line buffer address
003d =                       buf_sz		ds	1		; Buffer size
003e =                       buf_ef		ds	1		; End file / line marker
                             
                             ; SD card driver parameters
003f =                       sd_status	ds	1		; SD card status
0040 =                       sd_slo		ds	1		; Sector pointer low
0041 =                       sd_shi		ds	1		; Sector pointer high
0042 =                       sd_sect		ds	4		; SD Card sector address
0046 =                       sd_addr		ds	4		; SD Card byte address
                             
                             ; File system zp parameters
004a =                       fh_handle	ds	FileHandle ; File handle parameters
                             
                             ; ** Integer function storage **
0079 =                       ztmp_16					; Start of 16 byte scratch area (all 
0079 =                       num_a		ds	4		; 4 byte primary accumulator
007d =                       num_b		ds	4		; 4 byte secondary accumulator
0081 =                       num_x		ds	4		; 4 byte x register
0085 =                       num_tmp		ds	4		; 4 byte temp space
0089 =                       num_buf		ds	8		; 8 byte string buffer
                             
                             ;
                             ; **** INTERPRETER ZERO PAGE ****
                             ;
0091 =                       dflat_zp_s
AS65 Assembler for R6502 [1.42].                                     Page   19
---------------------------------- bank1.s -----------------------------------

0091 =                       dflat_zp_save_s			; ZP save dflat from here
0091 =                       df_checkkey	ds	1		; Key check interval counter
0092 =                       df_checkmsk	ds	1		; Mask for check key
0093 =                       errno		ds	1		; General error condition status
0094 =                       df_immed	ds	1		; Immediate mode (0 = not immediat
0095 =                       df_sp		ds	1		; Stack pointer after error to resto
0096 =                       df_pc		ds	2		; PC after error to return to
0098 =                       df_brkpc	ds	2		; PC pushed on the stack for BRK
009a =                       df_brkval	ds	1		; Byte after BRK instruction
009b =                       df_prgstrt	ds	2		; Start of program code
009d =                       df_prgend	ds	2		; End of program code
009f =                       df_vntstrt	ds	2		; Variable name table start
00a1 =                       df_vntend	ds	2		; Variable name table end
00a3 =                       df_vvtstrt	ds	2		; Variable value table start
00a5 =                       df_vvtend	ds	2		; Variable value table end
00a7 =                       df_varcnt	ds	1		; Variable counter
00a8 =                       df_starstrt	ds	2		; String and array table start
00aa =                       df_starend	ds	2		; String and array table end
00ac =                       df_rtstop	ds	1		; Runtime stack pointer
00ad =                       df_parmtop	ds	1		; Top of parameter stack (grows 
00ae =                       df_strbuff	ds	1		; String expression buffer
00af =                       df_stridx	ds	1		; Top of string buffer (grows dow
00b0 =                       df_sevalptr	ds	2		; Pointer to next free char in 
                             
00b2 =                       df_linoff	ds	1		; Offset in to line buffer
00b3 =                       df_tokoff	ds	1		; Offset in to tokenised buffer
00b4 =                       df_eolidx	ds	1		; End of line index (i.e length)
00b5 =                       df_nxtstidx	ds	1		; Offset to the next statement 
00b6 =                       df_curstidx	ds	1		; Offset to the start of curren
00b7 =                       df_symtab	ds	2		; Pointer to next free symtab ent
00b9 =                       df_symoff	ds	1		; Offset in to token table
00ba =                       df_symini	ds	2		; Start of symtab
00bc =                       df_currlin	ds	2		; Execution current line pointer
00be =                       df_exeoff	ds	1		; Execution line buffer offset
00bf =                       df_nextlin	ds	2		; Next line to execute
00c1 =                       df_procmode	ds	1		; Only used during tokenisation
00c2 =                       df_procargs	ds	1		; Only used during tokenisation
00c3 =                       df_procloc	ds	1		; Counts the number of local par
00c4 =                       df_procptr	ds	2		; Pointer to proc vvt slot
00c6 =                       df_lineptr	ds	2		; Pointer to line during searche
00c8 =                       df_lineidx	ds	1		; Pointer to line index during s
00c9 =                       df_ifnest	ds	1		; Global nested if counter
00ca =                       df_currdat	ds	2		; Data current line pointer
00cc =                       df_datoff	ds	1		; Data line buffer offset
00cd =                       df_rnd		ds	2		; Random number seed
                             
00cf =                       df_asmpc	ds	2		; Assembler program counter
00d1 =                       df_asmopt	ds	1		; Assembler current option
00d2 =                       df_asmadmd	ds	1		; Addressing mode
00d3 =                       df_asmopcde	ds	1		; Current opcode
00d4 =                       df_asmoprnd	ds	2		; Current operand
00d6 =                       df_asmlen	ds	1		; Instruction length
                             
00d7 =                       dflat_zp_save_e			; Save up to this place
                             
                             ; Temp space for dflat
00d7 =                       df_tmpptra	ds	2		; Temp pointer a
00d9 =                       df_tmpptrb	ds	2		; Temp pointer b
00db =                       df_tmpptrc	ds	2		; Temp pointer c
00dd =                       df_tmpptrd	ds	2		; Temp pointer d
00df =                       df_tmpptre	ds	2		; Temp pointer e
                             
AS65 Assembler for R6502 [1.42].                                     Page   20
---------------------------------- bank1.s -----------------------------------

                             
                             ;***** END OF ZERO PAGE *****
00e1 =                       _end_zero_page
                             
                             ;***** Page 1 is CPU stack ****
0100 =                       	org 0x0100
0100 =                       _cpu_stack
0100 =                       			ds	256		; All of page 1
                             
                             ;***** Page 2 and 3 is SD card buffer
0200 =                       	org 0x0200			; SD Card data buffer 512 bytes
0200 =                       sd_buf		ds	512
                             
                             ;***** Page 4,5,6,7 is IO space
0400 =                       	org 0x0400
0400 =                       			ds	1024	; 1 k area divided in to 8x128 byte de
                             
                             
                             ;***** Page 8 is serial buffer *****
0800 =                       	org 0x0800
0800 =                       ser_buf		ds	256		; Serial input / output line buf
                             
                             ;***** Scratch area, used by many things - do not
                             ; string and numeric expression evaluation, scree
0900 =                       	org 0x0900
0900 =                       scratch		ds	256
                             
                             ;***** Dflat space *****
0a00 =                       	org 0x0a00			; Page 9 = dflat space
0a00 =                       df_linbuff
0a00 =                       df_raw		ds	128		; untokenised input line
0a80 =                       df_tokbuff
0a80 =                       df_tok		ds 	128		; tokenised output line
                             
0b00 =                       	org 0x0b00			; Page 10 = fixed space for runtime
0b00 =                       df_rtstck				; operator stack grows up, runtime g
0b00 =                       df_rtspace	ds	256
                             
                             ;***** NON-ZERO PAGE VARIABLES *****
                             
0c00 =                       	org 0x0c00			; Page 11 = non-zero page variables
                             ; Interrupt routine addresses
0c00 =                       int_nmi		 ds 2		; Master NMI handler
0c02 =                       int_irq		 ds	2		; Master IRQ handler
0c04 =                       int_brk		 ds	2		; Master BRK handler
0c06 =                       int_uservdp	 ds	2		; Where to jump for VDP interr
0c08 =                       int_usercia0 ds	2		; Where to jump for CIA0 inter
0c0a =                       int_usercia1 ds	2		; Where to jump for CIA1 inter
                             
                             ; Self-modifying code or code that needs to run w
0c0c =                       ram_code	ds  64		; 64 bytes of RAM code space
0c4c =                       pt3_int		ds	1		; =1 when PT3 interrupt routine is
                             
                             
                             ; Active IO device settings
0c4d =                       io_default	ds	1		; The default device number - es
                             ; Copy of jump tables to active device io routine
0c4e =                       io_block	ds	io_struct
                             
                             ; Copy of FAT16 directory
0c5e =                       fs_direntry	ds	FATFileDesc ; copy of dir entry - 
                             
AS65 Assembler for R6502 [1.42].                                     Page   21
---------------------------------- bank1.s -----------------------------------

                             ; Filesystem parameters
0c7e =                       fs_bootsect	ds	4		; Start of partition (usually 0
0c82 =                       fs_fatsect	ds	4		; Start of FAT tables
0c86 =                       fs_rootsect	ds	4		; Start of Root Directory
0c8a =                       fs_datasect	ds	4		; Start of Data Area
0c8e =                       fs_dirsect	ds	4		; Current directory sector numbe
0c92 =                       fs_dirclust	ds	2		; Current directory cluster num
                             
                             ; Working and scratch for filesystem - some data 
0c94 =                       fs_scratch	ds	32		; 32 bytes should be more than 
                             
                             ; Dflat top of memory+1 - normally initialised to
0cb4 =                       df_memtop	ds	2
                             
                             ;***** THIS IS THE START OF FREE SPACE for DFLAT 
0cb6 =                       mem_start
                             
                             
                             
                             
                             ;****************************************
                             ;*	Set 6502 default vectors	*
                             ;****************************************
                             	data				; Set vectors
fffa =                       	org 0xfffa			; Vectors lie at addresses
fffa : 4ac7                  	fcw call_nmi_master	; 0xfffa : NMI Vector
fffc : 67cb                  	fcw init			; 0xfffc : Reset Vector
fffe : 87c7                  	fcw call_irq_master	; 0xfffe : IRQ Vector
                             	
                             	; ROM code
                             	code				;  
c000 =                       	org 0xc000			; Start of ROM
                             
                             	; The bank number is hardwired and aligned to PB
c000 :                       bank_num
                             	if BANK0
                             	  db 192
                             	endif
                             	if BANK1
c000 : 80                    	  db 128
                             	endif
                             	if BANK2
                             	  db 64
                             	endif
                             	if BANK3
                             	  db 0
                             	endif
                             
c001 :                       _code_start
                             	; Restore current bank always at address c001
c001 :                       _OSVectors
                             	include "kernel\osvec.s"
                             ;************************************************
                             ;*
                             ;*	BBC-128 HOMEBREW COMPUTER
                             ;*	Hardware and software design by @6502Nerd (Dol
                             ;*	Copyright 2014-20
                             ;*  Free to use for any non-commercial purpose su
                             ;*  appropriate credit of my authorship please!
                             ;*
                             ;*  OSVEC.S
                             ;*  Simply this is a bunch of JMP XXXX the order 
AS65 Assembler for R6502 [1.42].                                     Page   22
---------------------------------- bank1.s -----------------------------------

                             ;*  will always be maintained.  This is to allow 
                             ;*  code programs to be able to rely on fixed loc
                             ;*  some key low-level functions.
                             ;*  Only low level functions are needed, the idea
                             ;*  as the assembler is part of the BASIC, one ca
                             ;*  level slow stuff using BASIC then switch to M
                             ;*  speed up.
                             ;*  This code goes straight after the bank number
                             ;*  Each JMP is at 0xc001+3*(vector #)
                             ;*
                             ;************************************************
                             
c001 : 4c93c5           [ 3] 	jmp	io_put_ch			; Vec 0
c004 : 4c90c5           [ 3] 	jmp io_get_ch			; Vec 1
c007 : 4c23c6           [ 3] 	jmp vdp_wr_reg			; Vec 2
c00a : 4c5dc6           [ 3] 	jmp vdp_poke			; Vec 3
c00d : 4c6ac6           [ 3] 	jmp vdp_peek			; Vec 4
c010 : 4cccc6           [ 3] 	jmp snd_get_joy0		; Vec 5
c013 : 4c74c6           [ 3] 	jmp snd_set				; Vec 6
c016 : 4c30c6           [ 3] 	jmp vdp_wr_addr			; Vec 7
c019 : 4c48c6           [ 3] 	jmp	vdp_rd_addr			; Vec 8
c01c : 4c9bc6           [ 3] 	jmp snd_get				; Vec 9
c01f :                       _restore_bank
                             	; Save A
c01f : 8500             [ 3] 	sta tmp_bank1
                             	; Get old bank from stack
c021 : 68               [ 4] 	pla
c022 : 8501             [ 3] 	sta tmp_bank2
c024 : ad0004           [ 4] 	lda IO_0+PRB
c027 : 293f             [ 2] 	and #ROM_ZMASK
c029 : 0501             [ 3] 	ora tmp_bank2
c02b : 8d0004           [ 4] 	sta IO_0+PRB
                             	
                             	; Restore A
c02e : a500             [ 3] 	lda tmp_bank1
                             
c030 : 60               [ 6] 	rts
                             
                             	; include cross-bank functions (see extern.mak)
                             	include "bank\autogen.s"	
                             ;
c031 :                       mod_sz_autogen_s
c031 :                       _df_init
                              _bankjsr $f330, 1
                             
c049 :                       _df_pg_dflat
                              _bankjsr $d85c, 1
                             
c061 :                       _fs_chdir_w
                              _bankjsr $d5ca, 2
                             
c079 :                       _fs_mkdir_w
                              _bankjsr $d65d, 2
                             
c091 :                       _fs_delete_w
                              _bankjsr $d566, 2
                             
c0a9 :                       _fs_close_w
                              _bankjsr $d525, 2
                             
c0c1 :                       _fs_get_byte_w
                              _bankjsr $d242, 2
AS65 Assembler for R6502 [1.42].                                     Page   23
---------------------------------- bank1.s -----------------------------------

                             
c0d9 :                       _fs_open_read_w
                              _bankjsr $d411, 2
                             
c0f1 :                       _fs_open_write_w
                              _bankjsr $d4d5, 2
                             
c109 :                       _fs_put_byte_w
                              _bankjsr $d39e, 2
                             
c121 :                       _fs_dir_find_entry_w
                              _bankjsr $d085, 2
                             
c139 :                       _fs_dir_entry_next_w
                              _bankjsr $d0bb, 2
                             
c151 :                       _fs_dir_root_start_w
                              _bankjsr $d040, 2
                             
c169 :                       _ser_get_byte
                              _bankjsr $d26f, 0
                             
c181 :                       _ser_put_byte
                              _bankjsr $d284, 0
                             
c199 :                       _gr_get_key
                              _bankjsr $e390, 0
                             
c1b1 :                       _gr_put_byte
                              _bankjsr $e39d, 0
                             
c1c9 :                       _gr_init_screen
                              _bankjsr $de59, 0
                             
c1e1 :                       _init_acia
                              _bankjsr $d291, 0
                             
c1f9 :                       _init_cia0
                              _bankjsr $d21c, 0
                             
c211 :                       _init_cia1
                              _bankjsr $d24d, 0
                             
c229 :                       _init_fs
                              _bankjsr $cf1d, 2
                             
c241 :                       _init_sdcard
                              _bankjsr $cc17, 2
                             
c259 :                       _init_snd
                              _bankjsr $d65f, 0
                             
c271 :                       _init_keyboard
                              _bankjsr $d2a8, 0
                             
c289 :                       _kb_read_raw
                              _bankjsr $d2b7, 0
                             
c2a1 :                       _kb_read_dip
                              _bankjsr $d322, 0
                             
c2b9 :                       _command_line
AS65 Assembler for R6502 [1.42].                                     Page   24
---------------------------------- bank1.s -----------------------------------

                              _bankjsr $cc20, 0
                             
c2d1 :                       _gr_cls
                              _bankjsr $de6c, 0
                             
c2e9 :                       _gr_init_hires
                              _bankjsr $de16, 0
                             
c301 :                       _gr_line
                              _bankjsr $e1ca, 0
                             
c319 :                       _gr_box
                              _bankjsr $e00a, 0
                             
c331 :                       _gr_circle
                              _bankjsr $e115, 0
                             
c349 :                       _gr_plot
                              _bankjsr $ded7, 0
                             
c361 :                       _gr_hchar
                              _bankjsr $df15, 0
                             
c379 :                       _gr_point
                              _bankjsr $dfbb, 0
                             
c391 :                       _gr_get
                              _bankjsr $def2, 0
                             
c3a9 :                       _gr_set_cur
                              _bankjsr $defa, 0
                             
c3c1 :                       _snd_get_note
                              _bankjsr $d658, 0
                             
c3d9 :                       _vdp_peek
                              _bankjsr $c66a, 0
                             
c3f1 :                       _vdp_poke
                              _bankjsr $c65d, 0
                             
c409 :                       _vdp_init
                              _bankjsr $dc00, 0
                             
c421 :                       _rtc_init
                              _bankjsr $d47e, 0
                             
c439 :                       _rtc_gettimedate
                              _bankjsr $d5e4, 0
                             
c451 :                       _rtc_setdatetime
                              _bankjsr $d535, 0
                             
c469 :                       _rtc_nvread
                              _bankjsr $d64f, 0
                             
c481 :                       _rtc_nvwrite
                              _bankjsr $d637, 0
                             
c499 :                       _fs_dir_fhandle_str
                              _bankjsr $d671, 2
                             
AS65 Assembler for R6502 [1.42].                                     Page   25
---------------------------------- bank1.s -----------------------------------

c4b1 :                       _sd_sendcmd17
                              _bankjsr $cdef, 2
                             
c4c9 :                       _sd_sendcmd24
                              _bankjsr $ce68, 2
                             
c4e1 :                       _cmd_immediate
                              _bankjsr $cc17, 0
                             
c4f9 :                       _PT3INIT
                              _bankjsr $cc20, 3
                             
c511 :                       _PT3START
                              _bankjsr $cc17, 3
                             
c529 :                       _PT3PAUSE
                              _bankjsr $cc1a, 3
                             
c541 :                       _PT3RESUME
                              _bankjsr $cc1d, 3
                             
c559 :                       mod_sz_autogen_e
                             
                             	
c559 :                       mod_sz_kernel_s
                             
                             ;* Include all common code in the right order
                             	include "io\io.s"
                             ;************************************************
                             ;*
                             ;*	BBC-128 HOMEBREW COMPUTER
                             ;*	Hardware and software design by @6502Nerd (Dol
                             ;*	Copyright 2014-20
                             ;*  Free to use for any non-commercial purpose su
                             ;*  appropriate credit of my authorship please!
                             ;*
                             ;*  IO.S
                             ;*  General IO module.  Allows different IO devic
                             ;*  utilised transparently by the rest of the cod
                             ;*  Other code should use "io_" commands so that 
                             ;*  do not need to know what specific device is p
                             ;*  input and output capabilities.  On startup, t
                             ;*  examines the BBC DIP switch to decide whether
                             ;*  initialise the IO to serial through the ACIA 
                             ;*  the BBC keyboard for input with the VDP for o
                             ;*  Loading and saving files from the SD card is 
                             ;*  achieved by pointing to SD card get and put b
                             ;*  routines.
                             ;*
                             ;************************************************
                             
                             	; ROM code
                             	code
                             
c559 :                       mod_sz_io_s
                             
                             ;****************************************
                             ;* io_init
                             ;* Initialise the default device and make active
                             ;* No keys pressed = serial (default)
                             ;* F0 pressed = KB/VDP
                             ;* F1 pressed = Serial
AS65 Assembler for R6502 [1.42].                                     Page   26
---------------------------------- bank1.s -----------------------------------

                             ;* Keyboard and screen or serial port
                             ;* Output : None
                             ;* Regs affected : P, A
                             ;****************************************
c559 :                       io_init
c559 : a900             [ 2] 	lda #0				; Assume it's serial
c55b : 48               [ 3] 	pha
c55c : 20a1c2           [ 6] 	jsr _kb_read_dip	; Check DIPs if 0xff then assum
c55f : 2910             [ 2] 	and #0x10
c561 : d00b             [ 3] 	bne io_init_set_default
c563 : 2089c2           [ 6] 	jsr _kb_read_raw	; Check pressed key
c566 : e081             [ 2] 	cpx #0x81			; f1 key pressed (i.e. boot up in se
c568 : f004             [ 3] 	beq io_init_set_default
                             	; Else set to KB/screen for IO
c56a : 68               [ 4] 	pla
c56b : a901             [ 2] 	lda #1
c56d : 48               [ 3] 	pha
c56e :                       io_init_set_default
c56e : 68               [ 4] 	pla
c56f : 8d4d0c           [ 4] 	sta io_default
c572 : 4c75c5           [ 3] 	jmp io_set_default	; Activate the default device
                             
                             ;****************************************
                             ;* io_set_default, io_active_device
                             ;* Activate device based on default or A
                             ;* Input : A = Device number
                             ;* Output : None
                             ;* Regs affected : P, A
                             ;****************************************
c575 :                       io_set_default			; Entry point for default
c575 : ad4d0c           [ 4] 	lda io_default
c578 :                       io_active_device		; Entry point for A set
c578 : 0a               [ 2] 	asl	a				; x16 the Block number
c579 : 0a               [ 2] 	asl a
c57a : 0a               [ 2] 	asl a
c57b : 0a               [ 2] 	asl a
c57c : a8               [ 2] 	tay
c57d : a200             [ 2] 	ldx #0
                             	; Copy device settings to io block
c57f :                       io_copy_data
c57f : b9f3c5           [ 4] 	lda io_devices,y
c582 : 9d4e0c           [ 5] 	sta io_block,x
c585 : c8               [ 2] 	iny
c586 : e8               [ 2] 	inx
c587 : e010             [ 2] 	cpx #io_struct
c589 : d0f4             [ 3] 	bne io_copy_data
                             	
c58b : a90d             [ 2] 	lda #UTF_CR		; Line terminator is CR
c58d : 853e             [ 3] 	sta buf_ef
c58f : 60               [ 6] 	rts
                             
                             ;****************************************
                             ;* io_get_ch
                             ;* Get a char (wait forever or just check)
                             ;* Input : C = 1 for synchronous, 0 for async
                             ;* Output : A = Byte code, C = 0 means A is inval
                             ;* Regs affected : P, A
                             ;****************************************
c590 :                       io_get_ch
c590 : 6c4e0c           [ 6] 	jmp (io_block+io_get_byte)
                             	
                             
AS65 Assembler for R6502 [1.42].                                     Page   27
---------------------------------- bank1.s -----------------------------------

                             ;****************************************
                             ;* io_put_ch
                             ;* Put a char
                             ;* Input : A = char
                             ;* Regs affected : P, A
                             ;****************************************
c593 :                       io_put_ch
c593 : 6c500c           [ 6] 	jmp (io_block+io_put_byte)
                             	
                             ;****************************************
                             ;* io_open_read
                             ;* Open for reading
                             ;* Input : X,A = pointer to filename (zero termin
                             ;* Output : C=0 success
                             ;* Regs affected : All
                             ;****************************************
c596 :                       io_open_read
c596 : 6c520c           [ 6] 	jmp (io_block+io_open_r)
                             	
                             ;****************************************
                             ;* io_open_write
                             ;* Open for reading
                             ;* Input : X,A = pointer to filename (zero termin
                             ;* Output : C=0 success
                             ;* Regs affected : All
                             ;****************************************
c599 :                       io_open_write
c599 : 6c540c           [ 6] 	jmp (io_block+io_open_w)
                             
                             ;****************************************
                             ;* io_close
                             ;* Close a file
                             ;* Input : 
                             ;* Output : C=0 success
                             ;* Regs affected : All
                             ;****************************************
c59c :                       io_close
c59c : 6c560c           [ 6] 	jmp (io_block+io_close_f)
                             	
                             ;****************************************
                             ;* io_delete
                             ;* Delete a file
                             ;* Input : 
                             ;* Output : C=0 success
                             ;* Regs affected : All
                             ;****************************************
c59f :                       io_delete
c59f : 6c580c           [ 6] 	jmp (io_block+io_del_f)
                             	
                             ;****************************************
                             ;* io_read_line
                             ;* Read a line, terminated by terminating char or
                             ;* Input : buf_(sz/ef) : Address, Max size, end m
                             ;*		    X,A = destination (uses buf_adr)
                             ;*		    Y=max line length
                             ;* Output : Y = Line length C = Buffer limit reac
                             ;* Regs affected : None
                             ;****************************************
c5a2 :                       io_read_line
c5a2 : 863b             [ 3] 	stx buf_adr			; Save pointer to storage
c5a4 : 853c             [ 3] 	sta buf_adr+1
c5a6 : 843d             [ 3] 	sty buf_sz			; Max length
AS65 Assembler for R6502 [1.42].                                     Page   28
---------------------------------- bank1.s -----------------------------------

c5a8 : 08               [ 3] 	php					; Save echo state
c5a9 : a000             [ 2] 	ldy #0x00			; Starting at first byte
c5ab :                       io_get_line_byte
c5ab : 38               [ 2] 	sec					; Getting bytes synchronously
c5ac : 2090c5           [ 6] 	jsr io_get_ch		; Get a byte
c5af : b026             [ 3] 	bcs io_get_line_done; Got nothing then finish
c5b1 : 28               [ 4] 	plp					; Get echo state
c5b2 : 08               [ 3] 	php					; Instantly save it back
c5b3 : 900c             [ 3] 	bcc io_skip_echo	; Carry not set = don't echo
c5b5 : c97f             [ 2] 	cmp #UTF_DEL		; Delete?
c5b7 : d005             [ 3] 	bne io_do_echo
c5b9 : c000             [ 2] 	cpy #0				; Already at beginning?
c5bb : f004             [ 3] 	beq io_skip_echo	; Don't echo delete
c5bd : 88               [ 2] 	dey					; Else decrement length
c5be :                       io_do_echo
c5be : 2093c5           [ 6] 	jsr io_put_ch		; Echo it
c5c1 :                       io_skip_echo
c5c1 : c920             [ 2] 	cmp #UTF_SPECIAL	; Special character?
c5c3 : 9007             [ 3] 	bcc io_skip_special	; Skip if so (don't add to b
c5c5 : c97f             [ 2] 	cmp #UTF_DEL		; Don't proces DEL either
c5c7 : f003             [ 3] 	beq io_skip_special
c5c9 : 913b             [ 5] 	sta (buf_adr),y		; Save it
c5cb : c8               [ 2] 	iny					; Increase length
c5cc :                       io_skip_special
c5cc : c53e             [ 3] 	cmp buf_ef			; Is it the terminating char?
c5ce : f007             [ 3] 	beq io_get_line_done	; If yes then done
c5d0 : c43d             [ 3] 	cpy buf_sz			; Reached the buffer max size?
c5d2 : d0d7             [ 3] 	bne io_get_line_byte	; No, get another byte
c5d4 : 28               [ 4] 	plp					; Remember to pull echo state off stack
c5d5 : 38               [ 2] 	sec					; Yes, set carry flag
c5d6 : 60               [ 6] 	rts					; And done
c5d7 :                       io_get_line_done
c5d7 : a900             [ 2] 	lda #0
c5d9 : 913b             [ 5] 	sta (buf_adr),y		; Terminate with 0
c5db : 28               [ 4] 	plp					; Remember to pull echo state off stack
c5dc : 18               [ 2] 	clc					; Clear carry flag
c5dd : 60               [ 6] 	rts					; Fin
                             
                             ;****************************************
                             ;* io_print_line
                             ;* Print a line (when data is not already in seri
                             ;* Input : X = Address Lo, A = Address Hi
                             ;* Output : Y=number chars output
                             ;* Regs affected : All
                             ;****************************************
c5de :                       io_print_line
c5de : 48               [ 3] 	pha
                             
c5df : 8631             [ 3] 	stx tmp_c					; Store the string pointer
c5e1 : 8532             [ 3] 	sta tmp_c+1					; lo and hi
c5e3 : a000             [ 2] 	ldy #0						; Start at the beginning!
c5e5 :                       io_print_line_byte
c5e5 : b131             [ 5] 	lda (tmp_c),y				; Copy byte to
c5e7 : f006             [ 3] 	beq io_print_done			; If zero then done - print
c5e9 : 2093c5           [ 6] 	jsr io_put_ch				; Transmit
c5ec : c8               [ 2] 	iny
c5ed : d0f6             [ 3] 	bne io_print_line_byte		; Carry on until zero fo
c5ef :                       io_print_done
c5ef : 68               [ 4] 	pla
c5f0 : 60               [ 6] 	rts
                             
                             
AS65 Assembler for R6502 [1.42].                                     Page   29
---------------------------------- bank1.s -----------------------------------

                             ;*** Null operation just clc and return ***
c5f1 :                       io_null_op
c5f1 : 18               [ 2] 	clc
c5f2 : 60               [ 6] 	rts
                             	
                             ;* IO devices defined here
c5f3 :                       io_devices
                             ;* Device zero is the serial port
                             ;* only offers get and put
c5f3 :                       io_device0					; Serial device, input = Ser, outp
c5f3 : 69c1                  	dw	_ser_get_byte		; io_get_ch
c5f5 : 81c1                  	dw	_ser_put_byte		; io_put_ch
c5f7 : f1c5                  	dw	io_null_op			; io_open_r
c5f9 : f1c5                  	dw	io_null_op			; io_open_w
c5fb : f1c5                  	dw	io_null_op			; io_close_f
c5fd : f1c5                  	dw	io_null_op			; io_del_f
c5ff : f1c5                  	dw	io_null_op			; io_ext1
c601 : f1c5                  	dw	io_null_op			; io_ext2
                             ;* Device one is keyboard / screen
                             ;* only offers get and put
c603 :                       io_device1					; Default device, input = screen e
c603 : 99c1                  	dw	_gr_get_key			; io_get_ch
c605 : b1c1                  	dw	_gr_put_byte		; io_put_ch
c607 : f1c5                  	dw	io_null_op			; io_open_r
c609 : f1c5                  	dw	io_null_op			; io_open_w
c60b : f1c5                  	dw	io_null_op			; io_close_f
c60d : f1c5                  	dw	io_null_op			; io_del_f
c60f : f1c5                  	dw	io_null_op			; io_ext1
c611 : f1c5                  	dw	io_null_op			; io_ext2
                             ;* Device two is the file system on SD card
                             ;* Offers all IO functions
c613 :                       io_device2					; SD device, input = SD, output = 
c613 : c1c0                  	dw	_fs_get_byte_w		; io_get_ch
c615 : 09c1                  	dw	_fs_put_byte_w		; io_put_ch
c617 : d9c0                  	dw	_fs_open_read_w		; io_open_r
c619 : f1c0                  	dw	_fs_open_write_w	; io_open_w
c61b : a9c0                  	dw	_fs_close_w			; io_close_f
c61d : 91c0                  	dw	_fs_delete_w		; io_del_f
c61f : f1c5                  	dw	io_null_op			; io_ext1
c621 : f1c5                  	dw	io_null_op			; io_ext2
                             
c623 :                       mod_sz_io_e
                             
                             
                             	include "kernel\vdp-low.s"
                             ;************************************************
                             ;*
                             ;*	BBC-128 HOMEBREW COMPUTER
                             ;*	Hardware and software design by @6502Nerd (Dol
                             ;*	Copyright 2014-20
                             ;*  Free to use for any non-commercial purpose su
                             ;*  appropriate credit of my authorship please!
                             ;*
                             ;*  VDP-LOW.S
                             ;*  Low level VDP routines which will always be p
                             ;*  every ROM bank.  This is to ensure if IRQ nee
                             ;*  no slow bank switching is needed, but also to
                             ;*	OS vectored access to VDP routines for M/C fro
                             ;*
                             ;************************************************
                             
                             ;****************************************
AS65 Assembler for R6502 [1.42].                                     Page   30
---------------------------------- bank1.s -----------------------------------

                             ;* vdp_wr_reg
                             ;* Write to Register A the value X
                             ;* Input : A - Register Number, X - Data
                             ;* Output : None
                             ;* Regs affected : P
                             ;****************************************
c623 :                       vdp_wr_reg
c623 : 8e0105           [ 4] 	stx VDP_MODE1
                             ; Extra nop for fast CPU
c626 : ea               [ 2] 	nop
c627 : ea               [ 2] 	nop
c628 : 0980             [ 2] 	ora #0x80
c62a : 8d0105           [ 4] 	sta VDP_MODE1
c62d : 4980             [ 2] 	eor #0x80
c62f : 60               [ 6] 	rts
                             	
                             ;****************************************
                             ;* vdp_wr_addr
                             ;* Write to address in X (low) and A (high) - for
                             ;* Input : A - Address high byte, X - Address low
                             ;* Output : None
                             ;* Regs affected : P
                             ;****************************************
c630 :                       vdp_wr_addr
c630 : 8e0105           [ 4] 	stx VDP_MODE1
                             ; Extra nop for fast CPU
c633 : ea               [ 2] 	nop
c634 : ea               [ 2] 	nop
c635 : ea               [ 2] 	nop
c636 : 0940             [ 2] 	ora #0x40		; Required by VDP
c638 : 8d0105           [ 4] 	sta VDP_MODE1
c63b : 4940             [ 2] 	eor #0x40		; Undo that bit
c63d : 60               [ 6] 	rts
                             
                             
                             ;****************************************
                             ;* vdp_mem_wait
                             ;* Delay some time before a memory access,
                             ;* taking in to account mode 9918 needs up
                             ;* to 3.1uS for text mode, 8uS for graphics
                             ;* I and II
                             ;* @ 5.35Mhz	= 16 cycles for 3.1uS
                             ;*				= 43 cycles for 8uS
                             ;* Input : None
                             ;* Output : None
                             ;* Regs affected : None
                             ;****************************************
c63e :                       vdp_mem_wait
c63e : da               [ 3] 	phx								; 3
c63f : a60a             [ 3] 	ldx vdp_delay					; 3
c641 : f003             [ 3] 	beq vdp_mem_wait_end			; 3
c643 :                       vdp_mem_wait_loop
c643 : ca               [ 2] 	dex								; 2
c644 : d0fd             [ 3] 	bne	vdp_mem_wait_loop			; 3
c646 :                       vdp_mem_wait_end
c646 : fa               [ 4] 	plx								; 3
c647 : 60               [ 6] 	rts								; 6
                             	
                             ;****************************************
                             ;* vdp_rd_addr
                             ;* Set read address 
                             ;* Input : A - high, X - low 
AS65 Assembler for R6502 [1.42].                                     Page   31
---------------------------------- bank1.s -----------------------------------

                             ;* Output : None
                             ;* Regs affected : None
                             ;****************************************
c648 :                       vdp_rd_addr
c648 : 8e0105           [ 4] 	stx VDP_MODE1
                             ; These nops are needed for fast CPU
c64b : ea               [ 2] 	nop
c64c : ea               [ 2] 	nop
c64d : ea               [ 2] 	nop
c64e : 8d0105           [ 4] 	sta VDP_MODE1
c651 : 80eb             [ 3] 	bra vdp_mem_wait
                             	
                             ;****************************************
                             ;* vdp_rd_vram
                             ;* Read VRAM byte, result in A
                             ;* Input : None
                             ;* Output : A - Byte from VRAM
                             ;* Regs affected : P
                             ;****************************************
c653 :                       vdp_rd_vram
c653 : ad0005           [ 4] 	lda VDP_VRAM
c656 : 80e6             [ 3] 	bra vdp_mem_wait
                             	
                             ;****************************************
                             ;* vdp_wr_vram
                             ;* Write VRAM byte in A
                             ;* Input : A - Byte to write
                             ;* Output : None
                             ;* Regs affected : None
                             ;****************************************
c658 :                       vdp_wr_vram
c658 : 8d0005           [ 4] 	sta VDP_VRAM
c65b : 80e1             [ 3] 	bra vdp_mem_wait
                             	
                             ;****************************************
                             ;* vdp_poke
                             ;* Write VRAM byte in A, (YX)
                             ;* Input : A - Byte to write
                             ;*		   X = Low Address
                             ;*		   Y = High Address
                             ;* Output : None
                             ;* Regs affected : None
                             ;****************************************
c65d :                       vdp_poke
c65d : 08               [ 3] 	php
c65e : 48               [ 3] 	pha
c65f : 98               [ 2] 	tya
c660 : 78               [ 2] 	sei
c661 : 2030c6           [ 6] 	jsr vdp_wr_addr
c664 : 68               [ 4] 	pla
c665 : 2058c6           [ 6] 	jsr vdp_wr_vram
c668 : 28               [ 4] 	plp
c669 : 60               [ 6] 	rts
                             
                             ;****************************************
                             ;* vdp_peek
                             ;* Get VRAM byte in (AX)
                             ;*		   X = Low Address
                             ;*		   A = High Address
                             ;* Output : A = byte read
                             ;* Regs affected : None
                             ;****************************************
AS65 Assembler for R6502 [1.42].                                     Page   32
---------------------------------- bank1.s -----------------------------------

c66a :                       vdp_peek
c66a : 08               [ 3] 	php
c66b : 78               [ 2] 	sei
c66c : 2048c6           [ 6] 	jsr vdp_rd_addr
c66f : 2053c6           [ 6] 	jsr vdp_rd_vram
c672 : 28               [ 4] 	plp
c673 : 60               [ 6] 	rts
                             
                             	include "kernel\snd-low.s"
                             ;************************************************
                             ;*
                             ;*	BBC-128 HOMEBREW COMPUTER
                             ;*	Hardware and software design by @6502Nerd (Dol
                             ;*	Copyright 2014-20
                             ;*  Free to use for any non-commercial purpose su
                             ;*  appropriate credit of my authorship please!
                             ;*
                             ;*  SND-LOW.S
                             ;*  Low level sound routines which will always be
                             ;*  in every ROM bank.  Mainly to provide fast OS
                             ;*	access to VDP routines for M/C from BASIC
                             ;*
                             ;************************************************
                             
                             ;****************************************
                             ;* snd_set
                             ;* Set AY register X to value Y
                             ;* Input : X = Reg no, Y = Value
                             ;* Output : None
                             ;* Regs affected : None
                             ;****************************************
c674 :                       snd_set
c674 : 48               [ 3] 	pha
                             
c675 : a9ff             [ 2] 	lda #0xff				; Set Port A to output
c677 : 8d8304           [ 4] 	sta IO_1 + DDRA
                             
c67a : 8e8104           [ 4] 	stx SND_ADBUS			; Put X on the sound bus (X = re
                             
c67d : ad8004           [ 4] 	lda SND_MODE			; Need to preserve contents of ot
c680 : 29bd             [ 2] 	and #SND_DESELECT_MASK	; Mask off mode bits
c682 : 0942             [ 2] 	ora #SND_SELSETADDR		; Select AY mode to latch a
c684 : 8d8004           [ 4] 	sta SND_MODE			; This write will process the dat
                             
c687 : 29bd             [ 2] 	and #SND_DESELECT_MASK	; Mask off mode bits
c689 : 8d8004           [ 4] 	sta SND_MODE			; This write will deselect the AY
                             	
c68c : 8c8104           [ 4] 	sty SND_ADBUS			; Put Y on the sound bus (Y = va
c68f : 0902             [ 2] 	ora #SND_SELWRITE		; Select mode for writing dat
c691 : 8d8004           [ 4] 	sta SND_MODE			; This write will process the dat
                             	
c694 : 29bd             [ 2] 	and #SND_DESELECT_MASK	; Mask off mode bits
c696 : 8d8004           [ 4] 	sta SND_MODE			; This write will deselect the AY
                             
c699 : 68               [ 4] 	pla
                             	
c69a : 60               [ 6] 	rts
                             
                             ;****************************************
                             ;* snd_get
                             ;* Get AY register X to Y
                             ;* Input : X = Reg no
AS65 Assembler for R6502 [1.42].                                     Page   33
---------------------------------- bank1.s -----------------------------------

                             ;* Output : Y = Value
                             ;* Regs affected : None
                             ;****************************************
c69b :                       snd_get
c69b : 48               [ 3] 	pha
                             
c69c : a9ff             [ 2] 	lda #0xff				; Set Port A to output
c69e : 8d8304           [ 4] 	sta IO_1 + DDRA
                             
c6a1 : 8e8104           [ 4] 	stx SND_ADBUS			; Put X on the sound bus (X = re
                             
c6a4 : ad8004           [ 4] 	lda SND_MODE			; Need to preserve contents of ot
c6a7 : 29bd             [ 2] 	and #SND_DESELECT_MASK	; Mask off mode bits
c6a9 : 0942             [ 2] 	ora #SND_SELSETADDR		; Select AY mode to latch a
c6ab : 8d8004           [ 4] 	sta SND_MODE			; This write will process the dat
                             
c6ae : 29bd             [ 2] 	and #SND_DESELECT_MASK	; Mask off mode bits
c6b0 : 8d8004           [ 4] 	sta SND_MODE			; This write will deselect the AY
                             
c6b3 : a900             [ 2] 	lda #0x00				; Set Port A to input
c6b5 : 8d8304           [ 4] 	sta IO_1 + DDRA
                             
c6b8 : ad8004           [ 4] 	lda SND_MODE			; Need to preserve contents of ot
c6bb : 29bd             [ 2] 	and #SND_DESELECT_MASK	; Mask off mode bits
c6bd : 0940             [ 2] 	ora #SND_SELREAD		; Select mode for reading data
c6bf : 8d8004           [ 4] 	sta SND_MODE			; This write will process the dat
                             
c6c2 : ac8104           [ 4] 	ldy SND_ADBUS			; Get value in to Y
                             	
c6c5 : 29bd             [ 2] 	and #SND_DESELECT_MASK	; Mask off mode bits
c6c7 : 8d8004           [ 4] 	sta SND_MODE			; This write will deselect the AY
                             
c6ca : 68               [ 4] 	pla
                             	
c6cb : 60               [ 6] 	rts
                             
                             ;****************************************
                             ;* snd_get_joy0
                             ;* Return value of joystick 0
                             ;* Input : None
                             ;* Output : Y = Value
                             ;* Regs affected : X
                             ;****************************************
c6cc :                       snd_get_joy0
c6cc : 48               [ 3] 	pha
c6cd : 48               [ 3] 	pha
c6ce :                       snd_get_joy0_retry
c6ce : 7a               [ 4] 	ply
c6cf : a20f             [ 2] 	ldx #SND_REG_IOB		; Joystick is plugged in to IO
c6d1 : 209bc6           [ 6] 	jsr snd_get				; Get IOB, result in Y
c6d4 : 5a               [ 3] 	phy						; Put on stack
c6d5 : 209bc6           [ 6] 	jsr snd_get				; Get IOB, result in Y
c6d8 : 98               [ 2] 	tya
c6d9 : ba               [ 2] 	tsx						; Get stack pointer
c6da : dd0101           [ 4] 	cmp 0x101,x				; Compare with stack value
c6dd : d0ef             [ 3] 	bne snd_get_joy0_retry	; If not equal, try again
c6df : 68               [ 4] 	pla
c6e0 : 68               [ 4] 	pla
c6e1 : 60               [ 6] 	rts
                             
                             	include "kernel\main.s"
                             ;************************************************
AS65 Assembler for R6502 [1.42].                                     Page   34
---------------------------------- bank1.s -----------------------------------

                             ;*
                             ;*	BBC-128 HOMEBREW COMPUTER
                             ;*	Hardware and software design by @6502Nerd (Dol
                             ;*	Copyright 2014-20
                             ;*  Free to use for any non-commercial purpose su
                             ;*  appropriate credit of my authorship please!
                             ;*
                             ;*  MAIN.S
                             ;*  This is where the main user program is execut
                             ;*  the 'kernel' once the system is initialised a
                             ;*  Today, main does very little - first shows th
                             ;*  boot up message, and then passes control to d
                             ;*
                             ;************************************************
                             
                             	; ROM code
                             	code  
                             
c6e2 :                       main
                             
c6e2 :                       infinity
c6e2 : 2049c0           [ 6] 	jsr _df_pg_dflat
c6e5 : 4ce2c6           [ 3] 	jmp infinity
                             
c6e8 :                       msg_hello_world
                             	;* build.s is generated by the assemble.bat file
                             	;* all it does is echo an assembler line to
                             	;* including the build date in the message.
                             	include "kernel\build.s"
c6e8 : 4275696c64203a..       db "Build : 04-05-2026\r"
c6fb : 3132384b204272..       db "128K Breadboard Computer\r"
c714 : 42792040363530..       db "By @6502Nerd\r"
c721 : 436f7079726967..       db "Copyright (c) 2025\r",0
                             
                             
                             	include "kernel\irq.s"
                             	
                             ;************************************************
                             ;*
                             ;*	BBC-128 HOMEBREW COMPUTER
                             ;*	Hardware and software design by @6502Nerd (Dol
                             ;*	Copyright 2014-20
                             ;*  Free to use for any non-commercial purpose su
                             ;*  appropriate credit of my authorship please!
                             ;*
                             ;*  IRQ.S
                             ;*	This is the IRQ handler - handles both the ver
                             ;*  blank interrupt from the VDP as well as softw
                             ;*  
                             ;*  As the handler has to be in every bank and it
                             ;*  accesses the VDP, then low level VDP routines
                             ;*  bundled in this file to ensure they are alway
                             ;*  without a bank switch being needed (which is 
                             ;************************************************
                             
                             ;* NMI handler installs to handle serial receive 
c735 :                       init_nmi
                             	; Core IRQ handler
c735 : a94a             [ 2] 	lda #lo(nmi)
c737 : 8d000c           [ 4] 	sta int_nmi
c73a : a9c7             [ 2] 	lda #hi(nmi)
c73c : 8d010c           [ 4] 	sta int_nmi+1
AS65 Assembler for R6502 [1.42].                                     Page   35
---------------------------------- bank1.s -----------------------------------

                             
c73f : a997             [ 2] 	lda #lo(null_handler)
c741 : 8d0a0c           [ 4] 	sta int_usercia1
c744 : a9c7             [ 2] 	lda #hi(null_handler)
c746 : 8d0b0c           [ 4] 	sta int_usercia1+1
                             
c749 : 60               [ 6] 	rts
                             
                             ;* Calls the master IRQ handler
c74a :                       call_nmi_master
                             ;	jmp (int_nmi)
                             
                             ;* Master NMI handler
                             ;* 6551 uses this - fills the receive buffer
                             ;* VIA 2 uses this- user interrupt
c74a :                       nmi
c74a : 48               [ 3] 	pha
                             
c74b : ad8105           [ 4] 	lda SER_STATUS				; Read status register (clears
c74e : 100c             [ 3] 	bpl	nmi_skip_acia			; If no interrupt don't do a
                             
c750 : 5a               [ 3] 	phy
c751 : ad8005           [ 4] 	lda SER_DATA				; Read the data register of 6551
c754 : a403             [ 3] 	ldy ser_last				; Put byte in last position of F
c756 : 990008           [ 5] 	sta ser_buf,y
c759 : e603             [ 5] 	inc ser_last				; Advance position of last
                             
c75b : 7a               [ 4] 	ply
c75c :                       nmi_skip_acia
c75c :                       nmi_fin
c75c : 68               [ 4] 	pla
c75d : 40               [ 6] 	rti
                             
                             
                             ;* Obviously this can only be done with
                             ;* interrupts disabled!
c75e :                       init_irq
                             	; Core IRQ handler
c75e : a998             [ 2] 	lda #lo(irq)
c760 : 8d020c           [ 4] 	sta int_irq
c763 : a9c7             [ 2] 	lda #hi(irq)
c765 : 8d030c           [ 4] 	sta int_irq+1
                             	
                             	; Core BRK handler
c768 : a9ec             [ 2] 	lda #lo(irq_brk)
c76a : 8d040c           [ 4] 	sta int_brk
c76d : a9c7             [ 2] 	lda #hi(irq_brk)
c76f : 8d050c           [ 4] 	sta int_brk+1
                             
                             	; User handlers for VDP, PIA0 interrupts
c772 : a997             [ 2] 	lda #lo(null_handler)
c774 : 8d060c           [ 4] 	sta int_uservdp
c777 : a9c7             [ 2] 	lda #hi(null_handler)
c779 : 8d070c           [ 4] 	sta int_uservdp+1
                             
c77c : a997             [ 2] 	lda #lo(null_handler)
c77e : 8d080c           [ 4] 	sta int_usercia0
c781 : a9c7             [ 2] 	lda #hi(null_handler)
c783 : 8d090c           [ 4] 	sta int_usercia0+1
                             
c786 : 60               [ 6] 	rts
                             
AS65 Assembler for R6502 [1.42].                                     Page   36
---------------------------------- bank1.s -----------------------------------

                             ;* Calls the master IRQ handler
c787 :                       call_irq_master
c787 : 6c020c           [ 6] 	jmp (int_irq)
                             	
                             ;* Calls the BRK handler
c78a :                       call_irq_brk
c78a : 6c040c           [ 6] 	jmp (int_brk)
                             
                             ;* Call the userVDP handler
c78d :                       call_irq_uservdp
c78d : 6c060c           [ 6] 	jmp (int_uservdp)
                             	
                             ;* Call the user CIA0 handler
c790 :                       call_irq_usercia0
c790 : 6c080c           [ 6] 	jmp (int_usercia0)
                             
                             ;* Call the user CIA1 handler
c793 :                       call_irq_usercia1
c793 : 6c0a0c           [ 6] 	jmp (int_usercia1)
                             	
                             ;* null interrupt
c796 :                       null_irq
c796 : 40               [ 6] 	rti
                             
                             ;* null handler
c797 :                       null_handler
c797 : 60               [ 6] 	rts
                             	
                             
                             ;* Master IRQ handler
c798 :                       irq
                             	_pushAXY
                             
                             
                             	; Check if IRQ or BRK
                             	; load P from stack in to A
c79b : ba               [ 2] 	tsx
c79c : bd0401           [ 4] 	lda 0x104,x
                             	; BRK bit set?
c79f : 2910             [ 2] 	and #0x10
c7a1 : d0e7             [ 3] 	bne call_irq_brk
                             	
c7a3 : 18               [ 2] 	clc						; Standard behaviour
                             
                             	;* Try PIA1 first for rapid Timer handling
c7a4 : ad8d04           [ 4] 	lda IO_1 + IFR
c7a7 : 1029             [ 3] 	bpl irq_check_vdp		; Skip if no interrupt
                             	; Reset interrupt by reading T1C-L
c7a9 : ad8404           [ 4] 	lda IO_1+T1CL
c7ac : 5a               [ 3] 	phy
c7ad : da               [ 3] 	phx
                             	; Swtich to RAM bank 2 don't touch anything else
c7ae : ad0004           [ 4] 	lda IO_0+PRB
c7b1 : 48               [ 3] 	pha                     ; Remember the bank #
c7b2 : 29cf             [ 2] 	and #0b11001111
c7b4 : 0920             [ 2] 	ora #0b00100000
c7b6 : 8d0004           [ 4] 	sta IO_0+PRB
                             	; Switch out ROM for RAM
c7b9 : ad8004           [ 4] 	lda IO_1+PRB                    ; Get current RO
c7bc : 48               [ 3] 	pha
c7bd : 29df             [ 2] 	and #(0xff ^ MM_DIS)            ; Switch off ROM
c7bf : 8d8004           [ 4] 	sta IO_1+PRB                    ; Update port to
AS65 Assembler for R6502 [1.42].                                     Page   37
---------------------------------- bank1.s -----------------------------------

c7c2 : ee4c0c           [ 6] 	inc pt3_int 				  	; Set PT3 interrupt flag
c7c5 : 2093c7           [ 6] 	jsr call_irq_usercia1			; Call user cia1 handler
                             	; Restore ROM
c7c8 : 68               [ 4] 	pla                             ; Get original p
c7c9 : 8d8004           [ 4] 	sta IO_1+PRB                    ; Update port to
                             	; Restore RAM bank
c7cc : 68               [ 4] 	pla                             ; Get original p
c7cd : 8d0004           [ 4] 	sta IO_0+PRB                    ; Update port to
c7d0 : fa               [ 4] 	plx
c7d1 : 7a               [ 4] 	ply
                             
                             	;* Try VDP next
c7d2 :                       irq_check_vdp	
c7d2 : ad0105           [ 4] 	lda VDP_STATUS			; Read status register
c7d5 : 1009             [ 3] 	bpl	irq_check_cia0		; Skip if not VBLANK
c7d7 : 208dc7           [ 6] 	jsr call_irq_uservdp	; Call use VDP handler
c7da : 2043c8           [ 6] 	jsr int_vdp_handler		; Call  OS VDP handler
c7dd : 2021c8           [ 6] 	jsr int_kb_handler		; Call OS cia0 handler (keyb
                             
                             	;* Try VIA0 last as it's keyboard (low speed)
c7e0 :                       irq_check_cia0
c7e0 : ad0d04           [ 4] 	lda IO_0 + IFR
c7e3 : 1003             [ 3] 	bpl irq_fin
c7e5 : 2090c7           [ 6] 	jsr call_irq_usercia0	; Call user cia0 handler
                             
c7e8 :                       irq_fin
                             	_pullAXY
                             
c7eb : 40               [ 6] 	rti
                             	
                             ;* Handle BRK
c7ec :                       irq_brk
                             	; Handle BRK
                             	; Get PCL,H minus 2 gives the BRK instruction ad
c7ec : 38               [ 2] 	sec
c7ed : bd0501           [ 4] 	lda 0x0105,x
c7f0 : e902             [ 2] 	sbc #2
c7f2 : 8598             [ 3] 	sta df_brkpc
c7f4 : bd0601           [ 4] 	lda 0x0106,x
c7f7 : e900             [ 2] 	sbc #0
c7f9 : 8599             [ 3] 	sta df_brkpc+1
                             	; Get the byte pointed to by old PC
                             	; which is 1 on from the BRK
c7fb : a001             [ 2] 	ldy #1
c7fd : b198             [ 5] 	lda (df_brkpc),y
c7ff : 859a             [ 3] 	sta df_brkval
c801 : 8593             [ 3] 	sta errno
                             	; now update the return address
c803 : a596             [ 3] 	lda df_pc
c805 : 9d0501           [ 5] 	sta 0x105,x
c808 : a597             [ 3] 	lda df_pc+1
c80a : 9d0601           [ 5] 	sta 0x106,x
                             
                                 ; Switch to dflat bank
c80d : ad0004           [ 4]     lda IO_0+PRB
c810 : 293f             [ 2]     and #%00111111
c812 : 0980             [ 2]     ora #%10000000          ; 10 = bank 1
c814 : 8d0004           [ 4]     sta IO_0+PRB
                             
                             	_pullAXY
                             
                             	; Save the registers in temp area
AS65 Assembler for R6502 [1.42].                                     Page   38
---------------------------------- bank1.s -----------------------------------

c81a : 8579             [ 3] 	sta num_a
c81c : 867a             [ 3] 	stx num_a+1
c81e : 847b             [ 3] 	sty num_a+2
                             	; when RTI occurs:
                             	;  will return to error handler
                             	;  df_brkval will contain signature
c820 : 40               [ 6] 	rti
                             	
                             ;****************************************
                             ;* int_kb_handler
                             ;* Keyboard interrupt handler
                             ;****************************************
c821 :                       int_kb_handler	
c821 : a52b             [ 3] 	lda kb_deb				; If keyboard pressed is debounce 
c823 : d00d             [ 3] 	bne int_skip_scan		; If not zero, then don't che
c825 : ad0d04           [ 4] 	lda IO_0 + IFR			; Check status register CIA0
c828 : 2901             [ 2] 	and #IFR_CA2			; Keyboard pressed?
c82a : f00c             [ 3] 	beq int_keys_up
c82c :                       int_do_read
c82c : 8530             [ 3] 	sta kb_pressed			; Put non-zero in to this flag
c82e : a52f             [ 3] 	lda kb_debounce			; Set debounce
c830 : 852b             [ 3] 	sta kb_deb
c832 :                       int_skip_scan
c832 : a901             [ 2] 	lda #IFR_CA2			; Clear CA2
c834 : 8d0d04           [ 4] 	sta IO_0 + IFR
c837 : 60               [ 6] 	rts
c838 :                       int_keys_up					; No key pressed
c838 : 6427             [ 3] 	stz kb_raw				; Using 65c02 stz opcode
c83a : 6428             [ 3] 	stz kb_last
c83c : 6429             [ 3] 	stz kb_code
c83e : 642b             [ 3] 	stz kb_deb
c840 : 642c             [ 3] 	stz kb_rep
c842 : 60               [ 6] 	rts
                             	
                             ;****************************************
                             ;* int_vdp_handler
                             ;* VDP interrupt handler
                             ;****************************************
c843 :                       int_vdp_handler
c843 : 206fc8           [ 6] 	jsr update_timers	; If it is then update system 
                             
c846 : a506             [ 3] 	lda vdp_curoff		; Is cursor enabled?
c848 : d024             [ 3] 	bne int_vdp_fin		; Skip if not
                             
c84a : c607             [ 5] 	dec vdp_curstat		; Decrement VDP counter
c84c : a507             [ 3] 	lda vdp_curstat		; Check it
c84e : 297f             [ 2] 	and #0x7f			; If bottom 7 bits !=0
c850 : d01c             [ 3] 	bne int_vdp_fin		; No flashing to be done
c852 : a507             [ 3] 	lda vdp_curstat		; Invert top bit (bottoms bits=
c854 : 4990             [ 2] 	eor #0x80+VDP_FLASH	; Start counter again
c856 : 8507             [ 3] 	sta vdp_curstat		
                             
c858 : 18               [ 2] 	clc					; Add offset for cursor address in vram
c859 : a520             [ 3] 	lda gr_scrngeom+gr_cur_ptr
c85b : 651d             [ 3] 	adc gr_scrngeom+gr_cur_off
c85d : aa               [ 2] 	tax
c85e : a521             [ 3] 	lda gr_scrngeom+gr_cur_ptr+1
c860 : 6900             [ 2] 	adc #0
                             
c862 : 2030c6           [ 6] 	jsr vdp_wr_addr
                             	
c865 : a507             [ 3] 	lda vdp_curstat
AS65 Assembler for R6502 [1.42].                                     Page   39
---------------------------------- bank1.s -----------------------------------

c867 : 2980             [ 2] 	and #0x80
c869 : 4508             [ 3] 	eor vdp_curval		; EOR top bit with what is under
c86b : 2058c6           [ 6] 	jsr vdp_wr_vram
c86e :                       int_vdp_fin	
c86e : 60               [ 6] 	rts
                             
                             
                             ;****************************************
                             ;* update_timers
                             ;* Update 24 bit timer and debounce counters
                             ;****************************************
c86f :                       update_timers
c86f : e604             [ 5] 	inc vdp_int_cnt
c871 : d002             [ 3] 	bne inc_kb_timers
c873 : e605             [ 5] 	inc vdp_int_cnt+1
c875 :                       inc_kb_timers
c875 : a62b             [ 3] 	ldx kb_deb			; Is debounce 0?
c877 : f002             [ 3] 	beq skip_kb_deb
c879 : c62b             [ 5] 	dec kb_deb
c87b :                       skip_kb_deb
c87b : a62c             [ 3] 	ldx kb_rep			; Is repeat timer 0?
c87d : f002             [ 3] 	beq skip_kb_rep
c87f : c62c             [ 5] 	dec kb_rep
c881 :                       skip_kb_rep
c881 : 60               [ 6] 	rts
                             	
                             
                             	include "utils\misc.s"
                             ;************************************************
                             ;*
                             ;*	BBC-128 HOMEBREW COMPUTER
                             ;*	Hardware and software design by @6502Nerd (Dol
                             ;*	Copyright 2014-20
                             ;*  Free to use for any non-commercial purpose su
                             ;*  appropriate credit of my authorship please!
                             ;*
                             ;*  MISC.S
                             ;*  Miscellaneous module for commmon utility func
                             ;*
                             ;************************************************
                             
                             	; ROM code
                             	code
                             
                             ;****************************************
                             ;* long_delay
                             ;* Long delay (X decremented every 0.125ms)
                             ;* Input : X = number of 0.125ms ticks to wait (m
                             ;* Output : None
                             ;* Regs affected : None
                             ;****************************************
c882 :                       long_delay
c882 : 08               [ 3] 	php
                             	_pushAXY
                             
                             	
c886 : a000             [ 2] 	ldy #0x00
c888 :                       long_delay_1
c888 : ea               [ 2] 	nop
c889 : ea               [ 2] 	nop
c88a : ea               [ 2] 	nop
c88b : ea               [ 2] 	nop
AS65 Assembler for R6502 [1.42].                                     Page   40
---------------------------------- bank1.s -----------------------------------

c88c : 88               [ 2] 	dey
c88d : d0f9             [ 3] 	bne long_delay_1
c88f : ca               [ 2] 	dex
c890 : d0f6             [ 3] 	bne long_delay_1
                             
                             	_pullAXY
                             
c895 : 28               [ 4] 	plp
                             	
c896 : 60               [ 6] 	rts
                             
                             
                             	include "utils\utils.s"
                             ;************************************************
                             ;*
                             ;*	BBC-128 HOMEBREW COMPUTER
                             ;*	Hardware and software design by @6502Nerd (Dol
                             ;*	Copyright 2014-20
                             ;*  Free to use for any non-commercial purpose su
                             ;*  appropriate credit of my authorship please!
                             ;*
                             ;*  UTILS.S
                             ;*  This module implements various utility functi
                             ;*  converting from ASCII to binary form for numb
                             ;*  vice-versa to allow humans to actually be abl
                             ;*  and read numbers in their prefered form!
                             ;*
                             ;************************************************
                             
                             	; ROM code
                             	code
                             
c897 :                       utilPrintSPC
c897 : 48               [ 3] 	pha
c898 : a920             [ 2] 	lda #' '
c89a : 2093c5           [ 6] 	jsr io_put_ch
c89d : 68               [ 4] 	pla
c89e : 60               [ 6] 	rts
                             
c89f :                       utilPrintCRLF
c89f : 48               [ 3] 	pha
c8a0 : a90d             [ 2] 	lda #UTF_CR
c8a2 : 2093c5           [ 6] 	jsr io_put_ch
c8a5 : 68               [ 4] 	pla
c8a6 : 60               [ 6] 	rts
                             
c8a7 :                       utilPrintA
c8a7 : 8539             [ 3] 	sta tmp_d
c8a9 : 48               [ 3] 	pha
c8aa : 8a               [ 2] 	txa
c8ab : 48               [ 3] 	pha
c8ac : a539             [ 3] 	lda tmp_d
c8ae : 20ccc8           [ 6] 	jsr str_a_to_x
c8b1 : 2093c5           [ 6] 	jsr io_put_ch
c8b4 : 8a               [ 2] 	txa
c8b5 : 2093c5           [ 6] 	jsr io_put_ch
c8b8 : 68               [ 4] 	pla
c8b9 : aa               [ 2] 	tax
c8ba : 68               [ 4] 	pla
c8bb : 60               [ 6] 	rts
                             
                             ;****************************************
AS65 Assembler for R6502 [1.42].                                     Page   41
---------------------------------- bank1.s -----------------------------------

                             ;* util_clr_mem
                             ;* Clear a block of main ram
                             ;* Input : X, A = Block start, Y = Block size
                             ;* Regs affected : P
                             ;****************************************
c8bc :                       util_clr_mem
c8bc : 48               [ 3] 	pha
c8bd : 5a               [ 3] 	phy
c8be : 8633             [ 3] 	stx tmp_v1
c8c0 : 8534             [ 3] 	sta tmp_v1+1
c8c2 : a900             [ 2] 	lda #0
c8c4 :                       mem_clr_byte
c8c4 : 88               [ 2] 	dey
c8c5 : 9133             [ 5] 	sta (tmp_v1),y
c8c7 : d0fb             [ 3] 	bne mem_clr_byte
c8c9 : 7a               [ 4] 	ply
c8ca : 68               [ 4] 	pla
c8cb : 60               [ 6] 	rts
                             
                             ;****************************************
                             ;* str_a_to_x
                             ;* Convert accumulator to hex string
                             ;* Input : A = Byte to convert
                             ;* Output : A = High Char, X = Low Char
                             ;* Regs affected : P
                             ;****************************************
c8cc :                       str_a_to_x
c8cc : 48               [ 3] 	pha					; Save the byte using later on
c8cd : 290f             [ 2] 	and #0x0f			; Mask low nibble
c8cf : 18               [ 2] 	clc
c8d0 : 6930             [ 2] 	adc #'0'			; Convert to UTF
c8d2 : c93a             [ 2] 	cmp #('9'+1)		; If A greater than '9' then
c8d4 : 9002             [ 3] 	bcc skip_a_f_1		; skip a-f adjustment
c8d6 : 6926             [ 2] 	adc #0x26			; Add 27 (6+C) to get in to A-F rang
c8d8 :                       skip_a_f_1
c8d8 : aa               [ 2] 	tax					; Low char is in X
c8d9 : 68               [ 4] 	pla					; Get byte back
c8da : 4a               [ 2] 	lsr a				; Make high nibble low
c8db : 4a               [ 2] 	lsr a
c8dc : 4a               [ 2] 	lsr a
c8dd : 4a               [ 2] 	lsr a
c8de : 18               [ 2] 	clc
c8df : 6930             [ 2] 	adc #'0'			; Convert to UTF
c8e1 : c93a             [ 2] 	cmp #('9'+1)		; If A greater than '9' then
c8e3 : 9002             [ 3] 	bcc skip_a_f_2		; skip a-f adjustment
c8e5 : 6926             [ 2] 	adc #0x26			; Add 27 (6+C) to get in to A-F rang
c8e7 :                       skip_a_f_2
                             
c8e7 : 18               [ 2] 	clc					; No error
c8e8 : 60               [ 6] 	rts					; A high nibble
                             
                             ;****************************************
                             ;* str_x_to_a
                             ;* Convert hex string to accumulator
                             ;* Input : A = High Char, X = Low Char
                             ;* Output : A = Value
                             ;* Regs affected : P
                             ;****************************************
c8e9 :                       str_x_to_a
c8e9 : 0920             [ 2] 	ora #0x20			; Make alpha in to lower case
c8eb : 38               [ 2] 	sec					; Process high char in A
c8ec : e930             [ 2] 	sbc #'0'			; Convert to hex nibble
AS65 Assembler for R6502 [1.42].                                     Page   42
---------------------------------- bank1.s -----------------------------------

c8ee : c90a             [ 2] 	cmp #10				; If A < 10 then
c8f0 : 9002             [ 3] 	bcc skip_x_f_1		; skip a-f adjustment
c8f2 : e927             [ 2] 	sbc #0x27			; Sub 7 to get in to A-F range
c8f4 :                       skip_x_f_1
c8f4 : c910             [ 2] 	cmp #0x10			; Nibble should be <= 0x0f
c8f6 : b01d             [ 4] 	bcs	str_x_to_a_err	; Error if not
                             
c8f8 : 0a               [ 2] 	asl a				; This is the high nibble
c8f9 : 0a               [ 2] 	asl a
c8fa : 0a               [ 2] 	asl a
c8fb : 0a               [ 2] 	asl a
c8fc : 48               [ 3] 	pha					; Save the high nibble
c8fd : 8a               [ 2] 	txa					; Now process the low char in X
c8fe : 0920             [ 2] 	ora #0x20			; Make alpha in to lower case
c900 : 38               [ 2] 	sec
c901 : e930             [ 2] 	sbc #'0'			; Convert to hex nibble
c903 : c90a             [ 2] 	cmp #10				; If A < 10 then
c905 : 9002             [ 3] 	bcc skip_x_f_2		; skip a-f adjustment
c907 : e927             [ 2] 	sbc #0x27			; Sub 7 to get in to A-F range
c909 :                       skip_x_f_2
c909 : c910             [ 2] 	cmp #0x10			; Nibble should be <= 0x0f
c90b : b007             [ 3] 	bcs	str_x_to_a_errl	; Error if not
                             
c90d : 8579             [ 3] 	sta num_a			; Store low nibble in temp
c90f : 68               [ 4] 	pla					; Get high nibble
c910 : 0579             [ 3] 	ora num_a			; OR with low nibble
                             
c912 : 18               [ 2] 	clc					; No error
c913 : 60               [ 6] 	rts					; A contains value
                             
c914 :                       str_x_to_a_errl
c914 : 68               [ 4] 	pla
c915 :                       str_x_to_a_err
                             	SWBRK CMD_ERR_VAL
                             
                             
                             ;****************************************
                             ;* con_n_to_a
                             ;* Convert numeric string to accumulator (unsigne
                             ;* Input : Pointer to string (X=L, A=H), Y = Sour
                             ;* Output : num_a, num_a+1 contains word, X=numbe
                             ;* A = Source type detected
                             ;* Regs affected : CS = Error
                             ;****************************************
c917 :                       con_n_to_a
c917 : 8685             [ 3] 	stx num_tmp
c919 : 8586             [ 3] 	sta num_tmp+1
c91b : 6479             [ 3] 	stz num_a
c91d : 647a             [ 3] 	stz num_a+1
c91f : c000             [ 2] 	cpy #NUM_ANY
c921 : f014             [ 3] 	beq con_n_to_a_detect
c923 : 88               [ 2] 	dey
c924 : d003             [ 3] 	bne con_n_not_dec
c926 :                       con_dec_jmp
c926 : 4cbac9           [ 3] 	jmp con_dec_to_a_int
c929 :                       con_n_not_dec
c929 : 88               [ 2] 	dey
c92a : d003             [ 3] 	bne con_n_not_hex
c92c :                       con_hex_jmp
c92c : 4c51c9           [ 3] 	jmp con_hex_to_a_int
c92f :                       con_n_not_hex
c92f : 88               [ 2] 	dey
AS65 Assembler for R6502 [1.42].                                     Page   43
---------------------------------- bank1.s -----------------------------------

c930 : d003             [ 3] 	bne con_n_err
c932 :                       con_bin_jmp
c932 : 4c90c9           [ 3] 	jmp con_bin_to_a_int
c935 :                       con_n_err
c935 : 38               [ 2] 	sec
c936 : 60               [ 6] 	rts
c937 :                       con_n_to_a_detect
c937 : b285             [ 5] 	lda (num_tmp)
c939 : c930             [ 2] 	cmp #'0'
c93b : d0e9             [ 3] 	bne con_dec_jmp
c93d : a001             [ 2] 	ldy #1
c93f : b185             [ 5] 	lda (num_tmp),y
c941 : 0920             [ 2] 	ora #0x20
c943 : c978             [ 2] 	cmp #'x'
c945 : f0e5             [ 3] 	beq con_hex_jmp
c947 : c962             [ 2] 	cmp #'b'
c949 : f0e7             [ 3] 	beq con_bin_jmp
c94b : 80d9             [ 3] 	bra con_dec_jmp
                             
                             ;****************************************
                             ;* con_hex_to_a
                             ;* Convert hex string to accumulator (unsigned)
                             ;* Input : Pointer to string (X=L, A=H)
                             ;* Output : num_a, num_a+1 contains word, X=numbe
                             ;* Regs affected : CS = Error
                             ;****************************************
c94d :                       con_hex_to_a
c94d : 8685             [ 3] 	stx num_tmp
c94f : 8586             [ 3] 	sta num_tmp+1
c951 :                       con_hex_to_a_int
c951 : a205             [ 2] 	ldx #5			; > 4 digits will cause error
c953 : a002             [ 2] 	ldy #2			; start at first digit
c955 :                       con_hex_digit
c955 : b185             [ 5] 	lda (num_tmp),y
c957 : 0920             [ 2] 	ora #0x20					; Make alpha in to lower case
c959 : 38               [ 2] 	sec							; Process high char in A
c95a : e930             [ 2] 	sbc #'0'					; Convert to hex nibble
c95c : c90a             [ 2] 	cmp #10						; If A < 10 then
c95e : 9002             [ 3] 	bcc con_hex_skip_x_f_1		; skip a-f adjustment
c960 : e927             [ 2] 	sbc #0x27					; Sub 7 to get in to A-F range
c962 :                       con_hex_skip_x_f_1
c962 : c910             [ 2] 	cmp #0x10					; Nibble should be <= 0x0f
c964 : b01c             [ 3] 	bcs	con_hex_done			; Potentially done if not
c966 : 48               [ 3] 	pha
                             	; make room for lo nibble
c967 : 0679             [ 5] 	asl num_a
c969 : 267a             [ 5] 	rol num_a+1
c96b : 0679             [ 5] 	asl num_a
c96d : 267a             [ 5] 	rol num_a+1
c96f : 0679             [ 5] 	asl num_a
c971 : 267a             [ 5] 	rol num_a+1
c973 : 0679             [ 5] 	asl num_a
c975 : 267a             [ 5] 	rol num_a+1
                             	; save in low nibble
c977 : 68               [ 4] 	pla
c978 : 0579             [ 3] 	ora num_a
c97a : 8579             [ 3] 	sta num_a
c97c : c8               [ 2] 	iny
c97d : ca               [ 2] 	dex
c97e : d0d5             [ 3] 	bne con_hex_digit
                             	; if got to a 5th digit then error
c980 :                       con_hex_err
AS65 Assembler for R6502 [1.42].                                     Page   44
---------------------------------- bank1.s -----------------------------------

c980 : 38               [ 2] 	sec
c981 : 60               [ 6] 	rts
                             	; found a non-hex digit
c982 :                       con_hex_done
                             	; if no digits processed then error
c982 : c002             [ 2] 	cpy #2
c984 : f0fa             [ 3] 	beq con_hex_err
                             	; move y to x for digits processed
c986 : 98               [ 2] 	tya
c987 : aa               [ 2] 	tax
c988 : a902             [ 2] 	lda #NUM_HEX
c98a : 18               [ 2] 	clc
c98b : 60               [ 6] 	rts
                             
                             ;****************************************
                             ;* con_bin_to_a
                             ;* Convert binary string to accumulator (unsigned
                             ;* Input : Pointer to string (X=L, A=H)
                             ;* Output : num_a, num_a+1 contains word, X=numbe
                             ;* Regs affected : CS = Error
                             ;****************************************
c98c :                       con_bin_to_a
c98c : 8685             [ 3] 	stx num_tmp
c98e : 8586             [ 3] 	sta num_tmp+1
c990 :                       con_bin_to_a_int
c990 : a002             [ 2] 	ldy #2
c992 : a211             [ 2] 	ldx #17						; Max 16 binary digits allowed
c994 :                       con_bin_digit
c994 : b185             [ 5] 	lda (num_tmp),y
c996 : c930             [ 2] 	cmp #'0'
c998 : 9010             [ 3] 	bcc con_bin_done
c99a : c932             [ 2] 	cmp #'1'+1
c99c : b00c             [ 3] 	bcs con_bin_done
                             	; sets C if '1' else resets C
c99e : 69cf             [ 2] 	adc #0xff-'0'
                             	; shift in digit
c9a0 : 2679             [ 5] 	rol num_a
c9a2 : 267a             [ 5] 	rol num_a+1
c9a4 : c8               [ 2] 	iny
c9a5 : ca               [ 2] 	dex
c9a6 : d0ec             [ 3] 	bne con_bin_digit
                             	; on the 17th digit is too much, error
c9a8 : 800a             [ 3] 	bra con_bin_err
c9aa :                       con_bin_done
                             	; didn't process any digit = error
c9aa : c002             [ 2] 	cpy #2
c9ac : f006             [ 3] 	beq con_bin_err
                             	; put digits processed in to X
c9ae : 98               [ 2] 	tya
c9af : aa               [ 2] 	tax
c9b0 : a903             [ 2] 	lda #NUM_BIN
c9b2 : 18               [ 2] 	clc
c9b3 : 60               [ 6] 	rts
c9b4 :                       con_bin_err
c9b4 : 38               [ 2] 	sec
c9b5 : 60               [ 6] 	rts
                             
                             ;****************************************
                             ;* con_d_to_a
                             ;* Convert decimal string to accumulator (SIGNED)
                             ;* Input : Pointer to string (X=L, A=H)
                             ;* Output : num_a, num_a+1 contains word, X=numbe
AS65 Assembler for R6502 [1.42].                                     Page   45
---------------------------------- bank1.s -----------------------------------

                             ;* Regs affected : CS = Error
                             ;****************************************
c9b6 :                       con_dec_to_a
c9b6 : 8685             [ 3] 	stx num_tmp
c9b8 : 8586             [ 3] 	sta num_tmp+1
c9ba :                       con_dec_to_a_int
c9ba : a000             [ 2] 	ldy #0
                             	; Detect if leading minus sign
c9bc : b285             [ 5] 	lda (num_tmp)
c9be : c92d             [ 2] 	cmp #'-'
c9c0 : d001             [ 3] 	bne str_d_find_end
                             	; skip over minus if found
c9c2 : c8               [ 2] 	iny
c9c3 :                       str_d_find_end
c9c3 : b185             [ 5] 	lda (num_tmp),y
c9c5 : c930             [ 2] 	cmp #'0'
c9c7 : 9007             [ 3] 	bcc str_d_found_end
c9c9 : c93a             [ 2] 	cmp #'9'+1
c9cb : b003             [ 3] 	bcs str_d_found_end
c9cd : c8               [ 2] 	iny
c9ce : 80f3             [ 3] 	bra str_d_find_end
c9d0 :                       str_d_found_end
c9d0 : c007             [ 2] 	cpy #6+1			; Biggest int is 6 chars
c9d2 : b052             [ 4] 	bcs str_d_error		; e.g. -32767 including minus
c9d4 : 8488             [ 3] 	sty num_tmp+3
c9d6 : 6487             [ 3] 	stz num_tmp+2
c9d8 : 6479             [ 3] 	stz num_a
c9da : 647a             [ 3] 	stz num_a+1
c9dc :                       str_d_process_digit
c9dc : 88               [ 2] 	dey
c9dd : 3026             [ 4] 	bmi str_d_digits_done
                             
c9df : b185             [ 5] 	lda (num_tmp),y
                             
c9e1 : c92d             [ 2] 	cmp #'-'			; Got to minus sign?
c9e3 : f020             [ 4] 	beq str_d_digits_done ; also done
                             
c9e5 : 38               [ 2] 	sec
c9e6 : e930             [ 2] 	sbc #'0'
                             	; Convert digit to number
                             	; and then offset in to
                             	; look up table of powers
c9e8 : 18               [ 2] 	clc
c9e9 : 0a               [ 2] 	asl a
c9ea : 6587             [ 3] 	adc num_tmp+2
                             	; X contains index to powers
c9ec : aa               [ 2] 	tax
c9ed : a579             [ 3] 	lda num_a
c9ef : 7d28ca           [ 4] 	adc str_d_powers,x
c9f2 : 8579             [ 3] 	sta num_a
c9f4 : a57a             [ 3] 	lda num_a+1
c9f6 : 7d29ca           [ 4] 	adc str_d_powers+1,x
c9f9 : 857a             [ 3] 	sta num_a+1
c9fb : b029             [ 4] 	bcs str_d_error
                             	; Move to next power of 10 index
c9fd : a587             [ 3] 	lda num_tmp+2
c9ff : 6914             [ 2] 	adc #20
ca01 : 8587             [ 3] 	sta num_tmp+2
ca03 : 80d7             [ 4] 	bra str_d_process_digit
ca05 :                       str_d_digits_done
                             	; check if minus
ca05 : b285             [ 5] 	lda (num_tmp)
AS65 Assembler for R6502 [1.42].                                     Page   46
---------------------------------- bank1.s -----------------------------------

ca07 : c92d             [ 2] 	cmp #'-'
ca09 : d011             [ 3] 	bne str_d_skip_neg
ca0b : a688             [ 3] 	ldx num_tmp+3		; Must have >= 2 chars
ca0d : e002             [ 2] 	cpx #2				; else it's an error
ca0f : 9015             [ 3] 	bcc str_d_error
ca11 : a679             [ 3] 	ldx num_a
ca13 : a57a             [ 3] 	lda num_a+1
ca15 : 208cca           [ 6] 	jsr twos_complement
ca18 : 8679             [ 3] 	stx num_a
ca1a : 857a             [ 3] 	sta num_a+1
ca1c :                       str_d_skip_neg
ca1c : a688             [ 3] 	ldx num_tmp+3
ca1e : e001             [ 2] 	cpx #1				; must be at least 1 char
ca20 : 9004             [ 3] 	bcc str_d_error
ca22 : a901             [ 2] 	lda #NUM_DEC
ca24 : 18               [ 2] 	clc
ca25 : 60               [ 6] 	rts
ca26 :                       str_d_error
ca26 : 38               [ 2] 	sec
ca27 : 60               [ 6] 	rts
                             
ca28 :                       str_d_powers
ca28 : 00000100020003..      	dw	0, 1, 2, 3, 4, 5, 6, 7, 8, 9
ca3c : 00000a0014001e..      	dw	0, 10, 20, 30, 40, 50, 60, 70, 80, 90
ca50 : 00006400c8002c..      	dw	0, 100, 200, 300, 400, 500, 600, 700, 800, 90
ca64 : 0000e803d007b8..      	dw	0, 1000, 2000, 3000, 4000, 5000, 6000, 7000, 
ca78 : 00001027204e30..      	dw	0, 10000, 20000, 30000, 40000, 50000, 60000, 
                             	
                             
                             ;****************************************
                             ;* twos_complement
                             ;* Twos complement of X,A (X=low)
                             ;* Input : X = Low byte, A = High Byte to convert
                             ;* Output : X,A in 2's complement
                             ;* Regs affected : P
                             ;****************************************
ca8c :                       twos_complement
ca8c : 49ff             [ 2] 	eor #0xff
ca8e : 48               [ 3] 	pha
ca8f : 8a               [ 2] 	txa
ca90 : 49ff             [ 2] 	eor #0xff
ca92 : aa               [ 2] 	tax
ca93 : 68               [ 4] 	pla
ca94 : e8               [ 2] 	inx
ca95 : d001             [ 3] 	bne twos_complement_skip_X
ca97 : 1a               [ 2] 	inc a
ca98 :                       twos_complement_skip_X
ca98 : 60               [ 6] 	rts
                             
                             
                             ;****************************************
                             ;* int_to_bcd
                             ;* Convert A,X (signed int) to BCD
                             ;* Input : X = Low byte, A = High Byte to convert
                             ;* Output : 3 bytes of num_a is updated
                             ;* Regs affected : None
                             ;****************************************
ca99 :                       int_to_bcd
ca99 : 08               [ 3] 	php
ca9a : 48               [ 3] 	pha
ca9b : da               [ 3] 	phx
                             
AS65 Assembler for R6502 [1.42].                                     Page   47
---------------------------------- bank1.s -----------------------------------

ca9c : 8685             [ 3] 	stx num_tmp
ca9e : 8586             [ 3] 	sta num_tmp+1
caa0 : c980             [ 2] 	cmp #0x80			; Negative?
caa2 : 9003             [ 3] 	bcc int_to_bcd_skip_neg
caa4 : 208cca           [ 6] 	jsr twos_complement
caa7 :                       int_to_bcd_skip_neg
caa7 : 6479             [ 3] 	stz num_a
caa9 : 647a             [ 3] 	stz num_a+1
caab : 647b             [ 3] 	stz num_a+2
caad : 647c             [ 3] 	stz num_a+3
caaf : a210             [ 2] 	ldx #16
cab1 : f8               [ 2] 	sed
cab2 :                       int_to_bcd_bit
cab2 : 0685             [ 5] 	asl num_tmp
cab4 : 2686             [ 5] 	rol num_tmp+1
cab6 : a579             [ 3] 	lda num_a
cab8 : 6579             [ 3] 	adc num_a
caba : 8579             [ 3] 	sta num_a
cabc : a57a             [ 3] 	lda num_a+1
cabe : 657a             [ 3] 	adc num_a+1
cac0 : 857a             [ 3] 	sta num_a+1
cac2 : a57b             [ 3] 	lda num_a+2
cac4 : 657b             [ 3] 	adc num_a+2
cac6 : 857b             [ 3] 	sta num_a+2
cac8 : ca               [ 2] 	dex
cac9 : d0e7             [ 3] 	bne int_to_bcd_bit
                             	
cacb : fa               [ 4] 	plx
cacc : 68               [ 4] 	pla
cacd : 28               [ 4] 	plp
cace : 60               [ 6] 	rts
                             	
                             ;****************************************
                             ;* word_to_bcd
                             ;* Convert A,X (unsighed word) to BCD
                             ;* Input : X = Low byte, A = High Byte to convert
                             ;* Output : 3 bytes of num_a is updated as BCD
                             ;* Regs affected : None
                             ;****************************************
cacf :                       word_to_bcd
cacf : 08               [ 3] 	php
cad0 : 48               [ 3] 	pha
cad1 : da               [ 3] 	phx
                             
cad2 : 8685             [ 3] 	stx num_tmp
cad4 : 8586             [ 3] 	sta num_tmp+1
cad6 : 6479             [ 3] 	stz num_a
cad8 : 647a             [ 3] 	stz num_a+1
cada : 647b             [ 3] 	stz num_a+2
cadc : 647c             [ 3] 	stz num_a+3
cade : a210             [ 2] 	ldx #16			; 16 binary bits
cae0 : f8               [ 2] 	sed
cae1 :                       word_to_bcd_bit
cae1 : 0685             [ 5] 	asl num_tmp
cae3 : 2686             [ 5] 	rol num_tmp+1
cae5 : a579             [ 3] 	lda num_a
cae7 : 6579             [ 3] 	adc num_a
cae9 : 8579             [ 3] 	sta num_a
caeb : a57a             [ 3] 	lda num_a+1
caed : 657a             [ 3] 	adc num_a+1
caef : 857a             [ 3] 	sta num_a+1
caf1 : a57b             [ 3] 	lda num_a+2
AS65 Assembler for R6502 [1.42].                                     Page   48
---------------------------------- bank1.s -----------------------------------

caf3 : 657b             [ 3] 	adc num_a+2
caf5 : 857b             [ 3] 	sta num_a+2
caf7 : ca               [ 2] 	dex
caf8 : d0e7             [ 3] 	bne word_to_bcd_bit
                             	
cafa : fa               [ 4] 	plx
cafb : 68               [ 4] 	pla
cafc : 28               [ 4] 	plp
cafd : 60               [ 6] 	rts
                             
                             ;****************************************
                             ;* int_to_str_ch
                             ;* Helper routine to stuff decimal char in to num
                             ;* Input : A=BCD digit, Y=num_buf index, C=insert
                             ;* Output : num_buf in ASCII, A=ASCII digit
                             ;* Regs affected : C cleared if non-zero
                             ;****************************************
cafe :                       int_to_str_ch
cafe : 290f             [ 2] 	and #0xf
cb00 : 0930             [ 2] 	ora #0x30					; Convert to ascii
cb02 : 4930             [ 2] 	eor #0x30					; Check if zero digit
cb04 : d005             [ 3] 	bne int_to_str_nz			; If not zero definitely sto
cb06 : b003             [ 3] 	bcs int_to_str_nz			; Also if C=1
cb08 : 4930             [ 2] 	eor #0x30					; Restore A
cb0a : 60               [ 6] 	rts							; Return without storing anything
cb0b :                       int_to_str_nz
cb0b : 4930             [ 2] 	eor #0x30					; Restore A
cb0d : 998900           [ 5] 	sta num_buf,y
cb10 : c8               [ 2] 	iny
cb11 : 38               [ 2] 	sec							; Set C as a non-zero encountered
cb12 :                       int_to_str_ch_fin
cb12 : 60               [ 6] 	rts
                             
                             ;****************************************
                             ;* int_to_str
                             ;* Convert int to string
                             ;* Input : in X,A (low,high), C=leading zeros wan
                             ;* Output : num_buf in ASCII 6 digits + zero term
                             ;* Regs affected : P
                             ;****************************************
cb13 :                       int_to_str
                             	_pushAXY
                             
cb16 : a000             [ 2] 	ldy #0						; first pos of num_buf
cb18 : 0900             [ 2] 	ora #0						; Test A for sign bit
cb1a : 08               [ 3] 	php							; Remember C bit of P
cb1b : 100a             [ 3] 	bpl int_to_str_skip_neg		; Skip if not (postive 
cb1d : 208cca           [ 6] 	jsr twos_complement			; Flip X,A from 2s complem
cb20 : 48               [ 3] 	pha							; Remember A
cb21 : a92d             [ 2] 	lda #'-'					; Put in negative sign
cb23 : 8589             [ 3] 	sta num_buf
cb25 : c8               [ 2] 	iny							; Start at second buffer pos
cb26 : 68               [ 4] 	pla							; Restore A
cb27 :                       int_to_str_skip_neg
cb27 : 20cfca           [ 6]  	jsr word_to_bcd				; Convert X,A to BCD
cb2a : a202             [ 2] 	ldx #2						; Start at BCD high byte
cb2c :                       int_str
cb2c : 28               [ 4] 	plp							; Get C but immediately
cb2d : 08               [ 3] 	php							; Save C (due to loop check later)
cb2e : b579             [ 4] 	lda num_a,x					; Get BCD digit
cb30 : 8590             [ 3] 	sta num_buf+7				; Save A it for the units later
cb32 : 4a               [ 2] 	lsr a						; Tens - shift to lower nibble
AS65 Assembler for R6502 [1.42].                                     Page   49
---------------------------------- bank1.s -----------------------------------

cb33 : 4a               [ 2] 	lsr a
cb34 : 4a               [ 2] 	lsr a
cb35 : 4a               [ 2] 	lsr a
cb36 : 28               [ 4] 	plp							; Get C
cb37 : 20feca           [ 6] 	jsr int_to_str_ch			; Put ASCII code in num_buf
cb3a : a590             [ 3] 	lda num_buf+7				; Get A for the units
cb3c : 20feca           [ 6] 	jsr int_to_str_ch			; Put ASCII code in num_buf
cb3f : 08               [ 3] 	php							; Save C
cb40 : ca               [ 2] 	dex
cb41 : 10e9             [ 3] 	bpl int_str
cb43 : 28               [ 4] 	plp							; Check C
cb44 : b005             [ 3] 	bcs	int_to_str_fin			; If set then something pri
cb46 : a930             [ 2] 	lda #'0'					; Stuff a zero
cb48 : 8589             [ 3] 	sta num_buf					; Must be in first position..
cb4a : c8               [ 2] 	iny
cb4b :                       int_to_str_fin
cb4b : a900             [ 2] 	lda #0						; Terminator
cb4d : 998900           [ 5] 	sta num_buf,y
cb50 : c8               [ 2] 	iny
                             	_pullAXY
                             
cb54 : 60               [ 6] 	rts
                             
                             
                             ;****************************************
                             ;* bcd_to_str
                             ;* Convert num_buf to chars
                             ;* Input : num_a in BCD format
                             ;* Output : num_buf in ASCII 6 digits
                             ;* Output is big endian, input is not
                             ;* Regs affected : P
                             ;****************************************
                             ;bcd_to_str
                             ;	pha
                             ;	phx
                             ;	phy
                             ;
                             ;	ldx #5						; Index in to string
                             ;	ldy #0						; Current BCD digit
                             ;bcd_str
                             ;	lda num_a,y
                             ;	; Convert 1s digit of byte
                             ;	pha
                             ;	and #0xf
                             ;	clc
                             ;	adc #0x30
                             ;	sta num_buf,x
                             ;	; Convert 10s digit of byte
                             ;	pla
                             ;	lsr a
                             ;	lsr a
                             ;	lsr a
                             ;	lsr a
                             ;	clc
                             ;	adc #0x30					; Convert to ASCII
                             ;	sta num_buf-1,x
                             ;	dex
                             ;	dex
                             ;	iny
                             ;	cpy #3						; 3 BCD digits max
                             ;	bne bcd_str
                             ;
AS65 Assembler for R6502 [1.42].                                     Page   50
---------------------------------- bank1.s -----------------------------------

                             ;	ply
                             ;	plx
                             ;	pla
                             ;	rts
                             	
                             ;****************************************
                             ;* out_bcd
                             ;* Output a bcd string in num_buf
                             ;* Input : num_buf has the ASCII
                             ;* Input : C=1 print leading zeros else not
                             ;* Output : num_buf in ASCII 6 digits
                             ;* Output is big endian, input is not, Y=digits p
                             ;* Regs affected : P
                             ;****************************************
                             ;out_bcd
                             ;	pha
                             ;	phx
                             ;	php
                             ;	ldy #0						; How many digits printed
                             ;	ldx #0						; Index in to string
                             ;out_bcd_digit
                             ;	lda num_buf,x
                             ;	cpy #0						; If not in leading zero mode
                             ;	bne out_bcd_print			; No then go print
                             ;
                             ;	cmp #'0'					; else check if zero
                             ;	bne out_bcd_print			; No then go print
                             ;
                             ;	plp
                             ;	php
                             ;	bcc out_bcd_next			; If C=0 go to next digit, e
                             ;out_bcd_print
                             ;	iny
                             ;	jsr io_put_ch
                             ;out_bcd_next
                             ;	inx
                             ;	cpx #6
                             ;	bne out_bcd_digit
                             ;	cpy #0						; If nothing printed
                             ;	bne out_bcd_fin
                             ;	lda #'0'					; Need to put out 1 zero
                             ;	jsr io_put_ch
                             ;	iny
                             ;out_bcd_fin
                             ;	plp
                             ;	plx
                             ;	pla
                             ;	clc
                             ;	rts
                             	
                             ;****************************************
                             ;* str_a_to_d
                             ;* Convert X,A to decimal string in sevalptr
                             ;* Input : X,A = number Low,High
                             ;* Input : C=1 keep leading zeros else not
                             ;* Output : sevalptr in ASCII max 6 digits
                             ;*          Y=length including sign
                             ;* Output is big endian, input is not
                             ;* Regs affected : P
                             ;****************************************
cb55 :                       str_a_to_d
cb55 : 60               [ 6] 	rts
AS65 Assembler for R6502 [1.42].                                     Page   51
---------------------------------- bank1.s -----------------------------------

                             	
                             ;****************************************
                             ;* print_a_to_d
                             ;* Convert X,A to decimal string
                             ;* Input : X,A = number Low,High
                             ;* Input : C=1 print leading zeros else not
                             ;* Output : num_buf in ASCII max 6 digits
                             ;*          Y=digits printed including sign
                             ;* Output is big endian, input is not
                             ;* Regs affected : P
                             ;****************************************
cb56 :                       print_a_to_d
cb56 : 2013cb           [ 6] 	jsr int_to_str
cb59 : a000             [ 2] 	ldy #0
cb5b :                       print_a_to_d_ch
cb5b : b98900           [ 4] 	lda num_buf,y
cb5e : f006             [ 3] 	beq print_a_to_d_fin
cb60 : 2093c5           [ 6] 	jsr io_put_ch
cb63 : c8               [ 2] 	iny
cb64 : d0f5             [ 3] 	bne print_a_to_d_ch
cb66 :                       print_a_to_d_fin
cb66 : 60               [ 6] 	rts
                             	
                             
                             ;* Reset vector points here - 6502 starts here
cb67 :                       init
                             ;	jmp init_test
                             	; First clear ram
                             ;	sei					; No need as disabled on startup
                             ;	cld					; No need as disabled on startup
cb67 : a2ff             [ 2] 	ldx #0xff			; Initialise stack pointer
cb69 : 9a               [ 2] 	txs
cb6a : 4cc5cb           [ 3] 	jmp init_ram		; jmp not jsr to ram initialiser
cb6d :                       init_2					; init_ram will jump back to here
                             	
cb6d : 2073cb           [ 6] 	jsr kernel_init
                             
cb70 : 4ce2c6           [ 3] 	jmp main
                             
cb73 :                       kernel_init
cb73 : 2035c7           [ 6] 	jsr init_nmi		; Initialise NMI handling
cb76 : 205ec7           [ 6] 	jsr init_irq		; Initialise IRQ handling
                             	
cb79 : 20f9c1           [ 6] 	jsr _init_cia0		; initialise cia 0
cb7c : 2011c2           [ 6] 	jsr _init_cia1		; initialise cia 1
cb7f : 20f9c4           [ 6] 	jsr _PT3INIT		; Load PT3 player code into shadow
cb82 : 20e1c1           [ 6] 	jsr _init_acia		; initialise the serial chip
cb85 :                       kernel_test
cb85 : 2059c2           [ 6] 	jsr _init_snd		; initialise the sound chip
cb88 : 2071c2           [ 6] 	jsr _init_keyboard	; initialise keyboard timer s
cb8b : 2009c4           [ 6] 	jsr _vdp_init		; initialise vdp
cb8e : a900             [ 2] 	lda #0				; Default = 40 column mode - put on st
cb90 : 48               [ 3] 	pha
cb91 : a20e             [ 2] 	ldx #NV_MODE		; NV location for default text mod
cb93 : 2069c4           [ 6] 	jsr _rtc_nvread		; Try to read location
cb96 : b00b             [ 3] 	bcs kernel_skip_nv	; If bad NV ram then skip try
cb98 : aa               [ 2] 	tax					; Save the mode temporarily
cb99 : 68               [ 4] 	pla					; Get the default mode from stack
cb9a : 8a               [ 2] 	txa					; And push the NV mode that was read
cb9b : 48               [ 3] 	pha
cb9c : a20f             [ 2] 	ldx #NV_COLOUR		; NV location for the default co
cb9e : 2069c4           [ 6] 	jsr _rtc_nvread		; Try to read location (assumed
AS65 Assembler for R6502 [1.42].                                     Page   52
---------------------------------- bank1.s -----------------------------------

cba1 : 8515             [ 3] 	sta vdp_base+vdp_bord_col	; Save it to the borde
cba3 :                       kernel_skip_nv	
cba3 : 68               [ 4] 	pla					; Get the mode (either default or the NV
cba4 : 20c9c1           [ 6] 	jsr _gr_init_screen
cba7 : 2059c5           [ 6] 	jsr io_init			; Set default input/output device
cbaa : 58               [ 2] 	cli					; irq interrupts enable
                             
                             	; Print the boot up message - requires IO and IR
                             	_println msg_hello_world
                             
                             
                             
cbb8 : 2021c4           [ 6] 	jsr _rtc_init		; Initialise RTC - * AFTER INTERR
cbbb : 2041c2           [ 6] 	jsr _init_sdcard	; initialise the sd card interf
cbbe : 2029c2           [ 6] 	jsr _init_fs		; initialise the filesystem
cbc1 : 2031c0           [ 6] 	jsr _df_init		; Initialise interpreter
                             
cbc4 : 60               [ 6] 	rts
                             
                             	
                             ;* Initialises RAM, skipping pages 4-8 which are 
                             ;* Zeroes all addressable RAM in the default bank
cbc5 :                       init_ram
cbc5 : 6400             [ 3] 	stz 0x00			; Start at page 0
cbc7 : 6401             [ 3] 	stz 0x01
cbc9 : a002             [ 2] 	ldy #0x02			; But Y initially at 2 to not overwr
cbcb : a200             [ 2] 	ldx #0x00			; Page counter starts at zero
cbcd : a900             [ 2] 	lda #0				; Normal RAM filled with zero
cbcf :                       init_ram_1
cbcf : e005             [ 2] 	cpx	#5				; Page <5 is ok (zeroes out VIA0 and 1
cbd1 : 9004             [ 3] 	bcc init_ram_fill
cbd3 : e008             [ 2] 	cpx #8				; Page >=8 is ok
cbd5 : 9005             [ 3] 	bcc init_ram_skip	; But >=5 and <8 do not initia
cbd7 :                       init_ram_fill
cbd7 : 9100             [ 5] 	sta (0x00),y		; Write initialisation value to RA
cbd9 : c8               [ 2] 	iny
cbda : d0fb             [ 3] 	bne init_ram_fill	; Do a whole page
cbdc :                       init_ram_skip
cbdc : e8               [ 2] 	inx					; Increment page counter
cbdd : 8601             [ 3] 	stx 0x01			; Save to address pointer
cbdf : d0ee             [ 3] 	bne init_ram_1		; Do all pages until page 0xff d
                             	
cbe1 : 4c6dcb           [ 3] 	jmp init_2			; Carry on initialisation
                             
                             ;* Copy code to ram_code that enables copying of 
cbe4 :                       init_ram_code
cbe4 : a000             [ 2] 	ldy #0
cbe6 :                       ram_code_copycode
cbe6 : b9f2cb           [ 4] 	lda ram_code_s,y
cbe9 : 990c0c           [ 5] 	sta ram_code,y
cbec : c8               [ 2] 	iny
cbed : c025             [ 2] 	cpy #(ram_code_e-ram_code_s)
cbef : d0f5             [ 3] 	bne ram_code_copycode
cbf1 : 60               [ 6] 	rts
                             
                             ; This code gets copied to RAM to do the actual p
                             ; Stack must contain:
                             ;	101,x = disable ROM value
                             ;	102,x = original ROM value
                             ;	103,x = new RAM bank select value
                             ;	104,x = original RAM bank select value
                             ; tmp_a = address to poke to
AS65 Assembler for R6502 [1.42].                                     Page   53
---------------------------------- bank1.s -----------------------------------

cbf2 :                       ram_code_s
cbf2 : 08               [ 3] 	php							; Save processor status
cbf3 : 78               [ 2] 	sei							; Disable VDP interrupts
cbf4 : 48               [ 3] 	pha
cbf5 : ba               [ 2] 	tsx
cbf6 : e8               [ 2] 	inx
cbf7 : e8               [ 2] 	inx
cbf8 : e8               [ 2] 	inx
cbf9 : e8               [ 2] 	inx
cbfa : bd0101           [ 4] 	lda 0x101,x					; Get disable ROM value
cbfd : 8d8004           [ 4] 	sta IO_1+PRB				; Disable ROM
cc00 : bd0301           [ 4] 	lda 0x103,x					; Get new RAM bank select value
cc03 : 8d0004           [ 4] 	sta IO_0+PRB				; Select bank 2
cc06 : 68               [ 4] 	pla
cc07 : 9135             [ 5] 	sta (tmp_a),y				; Actually poke the byte to mem
cc09 : bd0201           [ 4] 	lda 0x102,x					; Get original ROM value
cc0c : 8d8004           [ 4] 	sta IO_1+PRB				; Enable ROM
cc0f : bd0401           [ 4] 	lda 0x104,x					; Get original RAM bank select v
cc12 : 8d0004           [ 4] 	sta IO_0+PRB				; Restore RAM bank select	
cc15 : 28               [ 4] 	plp							; Restore processor status
cc16 : 60               [ 6] 	rts
cc17 :                       ram_code_e
                             
                             
cc17 :                       mod_sz_kernel_e
                             
                             
                             	
                             ; Bank specific code goes here
                             	include "utils\intmath.s"
                             ;************************************************
                             ;*
                             ;*	BBC-128 HOMEBREW COMPUTER
                             ;*	Hardware and software design by @6502Nerd (Dol
                             ;*	Copyright 2014-20
                             ;*  Free to use for any non-commercial purpose su
                             ;*  appropriate credit of my authorship please!
                             ;*
                             ;*  INTMATH.S
                             ;*  Core module for integer maths supported by df
                             ;*  Now supports signed integers in 2s complement
                             ;*  Uses the intmath registers: num_a, num_b, num
                             ;*  Most inputs are through num_a and num_b, with
                             ;*  num_a
                             ;*  Operations: add, sub, swap, 8 bit mult, mult,
                             ;*
                             ;************************************************
                             
                             	; ROM code
                             	code
                             
                             ;****************************************
                             ;* Add : A + B result in A
                             ;****************************************
cc17 :                       int_add
cc17 : 18               [ 2] 	clc
cc18 : a579             [ 3] 	lda num_a
cc1a : 657d             [ 3] 	adc num_b
cc1c : 8579             [ 3] 	sta num_a
cc1e : a57a             [ 3] 	lda num_a+1
cc20 : 657e             [ 3] 	adc num_b+1
cc22 : 857a             [ 3] 	sta num_a+1
AS65 Assembler for R6502 [1.42].                                     Page   54
---------------------------------- bank1.s -----------------------------------

cc24 : 60               [ 6] 	rts
                             	
                             ;****************************************
                             ;* Sub : A - B result in A
                             ;****************************************
cc25 :                       int_sub
cc25 : 38               [ 2] 	sec
cc26 : a579             [ 3] 	lda num_a
cc28 : e57d             [ 3] 	sbc num_b
cc2a : 8579             [ 3] 	sta num_a
cc2c : a57a             [ 3] 	lda num_a+1
cc2e : 657e             [ 3] 	adc num_b+1
cc30 : 857a             [ 3] 	sta num_a+1
cc32 : 60               [ 6] 	rts
                             	
                             ;****************************************
                             ;* Swp : A <-> B 
                             ;****************************************
cc33 :                       int_swp
cc33 : a579             [ 3] 	lda num_a
cc35 : a67d             [ 3] 	ldx num_b
cc37 : 857d             [ 3] 	sta num_b
cc39 : 8679             [ 3] 	stx num_a
cc3b : a57a             [ 3] 	lda num_a+1
cc3d : a67e             [ 3] 	ldx num_b+1
cc3f : 857e             [ 3] 	sta num_b+1
cc41 : 867a             [ 3] 	stx num_a+1
cc43 : 60               [ 6] 	rts
                             	
                             ;****************************************
                             ;* Mult : A * B result in A
                             ;* B assumed to be an 8 bit quantity 
                             ;****************************************
cc44 :                       int_fast_mult
                             	_cpyZPWord num_a,num_tmp
                             
cc4c : 6479             [ 3] 	stz num_a
cc4e : 647a             [ 3] 	stz num_a+1
cc50 : a008             [ 2] 	ldy #8
cc52 :                       int_fast_mult_cycle
cc52 : 467d             [ 5] 	lsr num_b
cc54 : 900d             [ 3] 	bcc int_fast_mult_next
cc56 : 18               [ 2] 	clc
cc57 : a579             [ 3] 	lda num_a
cc59 : 6585             [ 3] 	adc num_tmp
cc5b : 8579             [ 3] 	sta num_a
cc5d : a57a             [ 3] 	lda num_a+1
cc5f : 6586             [ 3] 	adc num_tmp+1
cc61 : 857a             [ 3] 	sta num_a+1
cc63 :                       int_fast_mult_next
cc63 : 0685             [ 5] 	asl num_tmp
cc65 : 2686             [ 5] 	rol num_tmp+1
cc67 : 88               [ 2] 	dey
cc68 : d0e8             [ 3] 	bne int_fast_mult_cycle
cc6a : 60               [ 6] 	rts
                             	
                             ;****************************************
                             ;* Mult : A * B result in A
                             ;****************************************
cc6b :                       int_mult
                             	_cpyZPWord num_a,num_tmp
                             
AS65 Assembler for R6502 [1.42].                                     Page   55
---------------------------------- bank1.s -----------------------------------

cc73 : 6479             [ 3] 	stz num_a
cc75 : 647a             [ 3] 	stz num_a+1
cc77 : a010             [ 2] 	ldy #16
cc79 :                       int_mult_cycle
cc79 : 467e             [ 5] 	lsr num_b+1
cc7b : 667d             [ 5] 	ror num_b
cc7d : 900d             [ 3] 	bcc int_mult_next
cc7f : 18               [ 2] 	clc
cc80 : a579             [ 3] 	lda num_a
cc82 : 6585             [ 3] 	adc num_tmp
cc84 : 8579             [ 3] 	sta num_a
cc86 : a57a             [ 3] 	lda num_a+1
cc88 : 6586             [ 3] 	adc num_tmp+1
cc8a : 857a             [ 3] 	sta num_a+1
cc8c :                       int_mult_next
cc8c : 0685             [ 5] 	asl num_tmp
cc8e : 2686             [ 5] 	rol num_tmp+1
cc90 : 88               [ 2] 	dey
cc91 : d0e6             [ 3] 	bne int_mult_cycle
cc93 : 60               [ 6] 	rts
                             
                             ;****************************************
                             ;* Div : A / B result in A, remainder X
                             ;****************************************
cc94 :                       int_div
                             	; adjust signs
cc94 : 6485             [ 3] 	stz num_tmp				; Assume all +ve
cc96 : a57a             [ 3] 	lda num_a+1				; Check A hi
cc98 : 100f             [ 3] 	bpl int_div_skip_negA
cc9a : e685             [ 5] 	inc num_tmp				; Record sign flip
cc9c : 38               [ 2] 	sec						; 2's complement A
cc9d : a900             [ 2] 	lda #0					; by 0-A
cc9f : e579             [ 3] 	sbc num_a				; A is now +ve
cca1 : 8579             [ 3] 	sta num_a
cca3 : a900             [ 2] 	lda #0
cca5 : e57a             [ 3] 	sbc num_a+1
cca7 : 857a             [ 3] 	sta num_a+1	
cca9 :                       int_div_skip_negA
cca9 : a57e             [ 3] 	lda num_b+1				; Check B hi
ccab : 100f             [ 3] 	bpl int_div_skip_negB
ccad : e685             [ 5] 	inc num_tmp				; Record sign flip
ccaf : 38               [ 2] 	sec						; 2's complement B
ccb0 : a900             [ 2] 	lda #0					; by 0-B
ccb2 : e57d             [ 3] 	sbc num_b				; B is now +ve
ccb4 : 857d             [ 3] 	sta num_b
ccb6 : a900             [ 2] 	lda #0
ccb8 : e57e             [ 3] 	sbc num_b+1
ccba : 857e             [ 3] 	sta num_b+1
ccbc :                       int_div_skip_negB			; num_tmp bit 0=1 for result 
                             	; x is the remainder
ccbc : 6481             [ 3] 	stz num_x
ccbe : 6482             [ 3] 	stz num_x+1
                             	; 16 bit division
ccc0 : a010             [ 2] 	ldy #16
ccc2 :                       int_div_cycle
                             	; shift a left 1 bit
ccc2 : 0679             [ 5] 	asl num_a
ccc4 : 267a             [ 5] 	rol num_a+1
                             	; shift in to remainder
ccc6 : 2681             [ 5] 	rol num_x
ccc8 : 2682             [ 5] 	rol num_x+1
                             	; try and subtract b from remainder
AS65 Assembler for R6502 [1.42].                                     Page   56
---------------------------------- bank1.s -----------------------------------

ccca : 38               [ 2] 	sec
cccb : a581             [ 3] 	lda num_x
cccd : e57d             [ 3] 	sbc num_b
cccf : aa               [ 2] 	tax
ccd0 : a582             [ 3] 	lda num_x+1
ccd2 : e57e             [ 3] 	sbc num_b+1
ccd4 : 9006             [ 3] 	bcc int_div_skip
                             	; so b did fit in to remainder, save it
ccd6 : 8681             [ 3] 	stx num_x
ccd8 : 8582             [ 3] 	sta num_x+1
ccda : e679             [ 5] 	inc num_a
ccdc :                       int_div_skip
                             	; carry on for 16 bits
ccdc : 88               [ 2] 	dey
ccdd : d0e3             [ 3] 	bne int_div_cycle
                             	; result in a, remainder in x
                             	; check num_tmp bit 0
ccdf : a585             [ 3] 	lda num_tmp
cce1 : 2901             [ 2] 	and #1
cce3 : f00d             [ 3] 	beq int_div_noflip
cce5 : 38               [ 2] 	sec						; 2's complement A
cce6 : a900             [ 2] 	lda #0					; by 0-A
cce8 : e579             [ 3] 	sbc num_a				; A is now +ve
ccea : 8579             [ 3] 	sta num_a
ccec : a900             [ 2] 	lda #0
ccee : e57a             [ 3] 	sbc num_a+1
ccf0 : 857a             [ 3] 	sta num_a+1	
ccf2 :                       int_div_noflip
ccf2 : 60               [ 6] 	rts
                             	
                             
                             	include "dflat\dflat.s"
                             ;************************************************
                             ;*
                             ;*	BBC128
                             ;*	Dolo Miah (@6502Nerd)
                             ;*	Copyright (c) 2020
                             ;*  Free to use for any non-commercial purpose su
                             ;*  credit of original my authorship please!
                             ;*
                             ;*  DFLAT.S
                             ;*  This is the main controller code file for dfl
                             ;*  This file includes all the required dflat sou
                             ;*  needed:
                             ;*  - error.s is the error handling module
                             ;*  - var.s is the variable handling module
                             ;*  - tokenise.s is the tokenisation module
                             ;*  - progedit.s is the program editing module
                             ;*  - runtime.s is the runtime module
                             ;*  - stack.s is the stack handling module
                             ;*  The above modules include further source file
                             ;*  needed.
                             ;*
                             ;************************************************
                             
                             	; ROM code
                             	code
                             
ccf3 :                       mod_sz_dflat_s
                             
                             ;	include "dflat/error.s"  ** included in the mai
                             	include "dflat/var.s"
AS65 Assembler for R6502 [1.42].                                     Page   57
---------------------------------- bank1.s -----------------------------------

                             ;************************************************
                             ;*
                             ;*	BBC128
                             ;*	Dolo Miah (@6502Nerd)
                             ;*	Copyright (c) 2020
                             ;*  Free to use for any non-commercial purpose su
                             ;*  credit of original my authorship please!
                             ;*
                             ;*  VAR.S
                             ;*  This module handles all the variable manageme
                             ;*  When a new variable is detected during tokeni
                             ;*  is added to the variable tables.  Any subsequ
                             ;*  that variable is tokenised as an index in to 
                             ;*  table.  There are two variable tables:
                             ;*  Variable name table (VNT) keeps track of vari
                             ;*  Variable value table (VVT) maintains variable
                             ;*  including type, dimension (if array) and of c
                             ;*  actual values.  For an array, the value is a 
                             ;*  memory grabbed using the 'malloc' function (s
                             ;*  This approach to variable managemet is direct
                             ;*  Atari 8 bit.  The disadvantage is that during
                             ;*  session you may end up having a much larger v
                             ;*  table than you need.  Why?  Well because say 
                             ;*  a as a new variable, but then later change it
                             ;*  In this case a remains in the variable tables
                             ;*  only ever adds to the table!  However it is e
                             ;*  solved - when you save and then reload from n
                             ;*  program, the variable table is built up as th
                             ;*  is loaded.
                             ;*  The VNT grows DOWN from the top of free memor
                             ;*  the VVT growing UP from just below the VNT.
                             ;*	This means that the VVT for a variable will al
                             ;*	found in a fixed place in the VVT table and me
                             ;*	For the VNT (names) it grows from vvstart at l
                             ;*
                             ;************************************************
                             
                             
                             	; ROM code
                             	code  
                             
ccf3 :                       mod_sz_var_s
                             
                             
                             ;****************************************
                             ;* Find a variable
                             ;* CC if found, A has index
                             ;****************************************
ccf3 :                       df_var_find
                             	; start at the beginning of the vnt table
                             	; vars are stored in reverse order
                             	_cpyZPWord df_vntstrt,df_tmpptrb
                             
                             	; start at end of VVT
                             	_cpyZPWord df_vvtend,df_tmpptra
                             
cd03 :                       df_var_match_vnt
                             	; If reached top of VVT then not found
cd03 : a5d7             [ 3] 	lda df_tmpptra
cd05 : c5a3             [ 3] 	cmp df_vvtstrt
cd07 : d006             [ 3] 	bne df_var_match_vnt_do
cd09 : a5d8             [ 3] 	lda df_tmpptra+1
AS65 Assembler for R6502 [1.42].                                     Page   58
---------------------------------- bank1.s -----------------------------------

cd0b : c5a4             [ 3] 	cmp df_vvtstrt+1
cd0d : f042             [ 3] 	beq df_var_find_no_vnt
cd0f :                       df_var_match_vnt_do
                             	; match each char in buffer with vnt
cd0f : a4b2             [ 3] 	ldy df_linoff
cd11 : a200             [ 2] 	ldx #0
cd13 :                       df_var_match_vnt_sym
cd13 : b9000a           [ 4] 	lda df_linbuff,y
cd16 : c1d9             [ 6] 	cmp (df_tmpptrb,x)
cd18 : d017             [ 3] 	bne df_var_vnt_sym_nomatch
                             	; if single char match then increment
                             	; source and search
cd1a : c8               [ 2] 	iny
                             	_incZPWord df_tmpptrb
                             
                             	; if more chars in vnt entry then continue
cd21 : a1d9             [ 6] 	lda (df_tmpptrb,x)
cd23 : d0ee             [ 3] 	bne df_var_match_vnt_sym
                             	; if no more chars in vnt entry but
                             	; but chars in buffer then try next vnt
cd25 : b9000a           [ 4] 	lda df_linbuff,y
                             	; check for valid alpha-numeric
cd28 : 20d1ce           [ 6] 	jsr df_tk_isalphanum
                             	; if there is a valid alpha-num then no match
cd2b : b004             [ 3] 	bcs df_var_vnt_sym_nomatch
                             	; else check type
cd2d :                       df_var_check_type
                             	; if not alpha-num then check for type
                             	; string or int postfix didn't match with VNT
                             ;	cmp #'%'
                             ;	beq df_var_vnt_sym_nomatch
cd2d : c924             [ 2] 	cmp #'$'
                             	; ok, all good got a match
cd2f : d025             [ 3] 	bne df_var_find_true
cd31 :                       df_var_vnt_sym_nomatch
                             	; find the zero terminator
cd31 : a1d9             [ 6] 	lda (df_tmpptrb,x)
cd33 : f009             [ 3] 	beq	df_var_vnt_entry_end
                             	_incZPWord df_tmpptrb
                             
cd3b : 4c31cd           [ 3] 	jmp df_var_vnt_sym_nomatch
cd3e :                       df_var_vnt_entry_end
                             	; skip over zero terminator
                             	_incZPWord df_tmpptrb
                             
                             	; update vvt address pointer
cd44 : 18               [ 2] 	clc
cd45 : a5d7             [ 3] 	lda df_tmpptra
cd47 : 6908             [ 2] 	adc #8
cd49 : 85d7             [ 3] 	sta df_tmpptra
                             	_bcc 2
                             
cd4d : e6d8             [ 5] 	inc df_tmpptra+1
cd4f : d0b2             [ 3] 	bne df_var_match_vnt		; Always - high byte is no
                             
                             	; if at end of vnt then no matches found
cd51 :                       df_var_find_no_vnt
cd51 : a900             [ 2] 	lda #0
cd53 : aa               [ 2] 	tax
cd54 : 38               [ 2] 	sec
cd55 : 60               [ 6] 	rts
                             
AS65 Assembler for R6502 [1.42].                                     Page   59
---------------------------------- bank1.s -----------------------------------

cd56 :                       df_var_find_true
                             	; Get slot address into x,a
cd56 : a6d7             [ 3] 	ldx df_tmpptra
cd58 : a5d8             [ 3] 	lda df_tmpptra+1
                             	
                             	; Consume characters found in source
cd5a : 84b2             [ 3] 	sty df_linoff
cd5c : 18               [ 2] 	clc
cd5d : 60               [ 6] 	rts
                             
                             	
                             ;****************************************
                             ;* Insert a variable name in to vnt
                             ;* X = number of bytes to make room
                             ;* Space allocated is;
                             ;*	8 bytes for the new VVT entry
                             ;*  X bytes for the new VNT entry
                             ;* df_vntstrt is new var name entry
                             ;* df_vvtend is new vvt entry
                             ;****************************************
cd5e :                       df_var_insert_space
                             	; *** REMEMBER TO DO A SPACE CHECK EVENTUALLY! *
                             
                             	; adjust down the VNT start by VVT size (for ext
                             	; put it in tmpptrb
cd5e : 38               [ 2] 	sec
cd5f : a59f             [ 3] 	lda df_vntstrt
cd61 : e908             [ 2] 	sbc #DFVVT_SZ
cd63 : 859f             [ 3] 	sta df_vntstrt
cd65 : a5a0             [ 3] 	lda df_vntstrt+1
cd67 : e900             [ 2] 	sbc #0
cd69 : 85a0             [ 3] 	sta df_vntstrt+1
                             	
                             	; adjust VNT end by VVT size (for extra VVT entr
                             	; and put it in tmpptrc
cd6b : 38               [ 2] 	sec
cd6c : a5a1             [ 3] 	lda df_vntend
cd6e : e908             [ 2] 	sbc #DFVVT_SZ
cd70 : 85a1             [ 3] 	sta df_vntend
cd72 : a5a2             [ 3] 	lda df_vntend+1
cd74 : e900             [ 2] 	sbc #0
cd76 : 85a2             [ 3] 	sta df_vntend+1
                             
                             	; Set copy point to new start of VNT
                             	_cpyZPWord df_vntstrt,df_tmpptra
                             
                             
                             	; Now move all bytes from old VNT (higher up) to
cd80 :                       df_var_move_byte
                             	; When pointer = vntend then done
cd80 : a5d7             [ 3] 	lda df_tmpptra
cd82 : c5a1             [ 3] 	cmp df_vntend
cd84 : d006             [ 3] 	bne df_var_move_byte_do
cd86 : a5d8             [ 3] 	lda df_tmpptra+1
cd88 : c5a2             [ 3] 	cmp df_vntend+1
cd8a : f011             [ 3] 	beq df_var_move_byte_fin
cd8c :                       df_var_move_byte_do
                             	; First the source byte VVT size higher in memor
cd8c : a008             [ 2] 	ldy #DFVVT_SZ
cd8e : b1d7             [ 5] 	lda (df_tmpptra),y
                             	; And copy to new position lower in memory
cd90 : a000             [ 2] 	ldy #0
AS65 Assembler for R6502 [1.42].                                     Page   60
---------------------------------- bank1.s -----------------------------------

cd92 : 91d7             [ 5] 	sta (df_tmpptra),y
                             	; Increment memory pointer
                             	_incZPWord df_tmpptra
                             
cd9a : 4c80cd           [ 3] 	jmp df_var_move_byte		; Always as C is not touch
cd9d :                       df_var_move_byte_fin
                             	
                             	; Now subtract X bytes from VNT start to accommo
cd9d : 8639             [ 3] 	stx tmp_d
cd9f : 38               [ 2] 	sec
cda0 : a59f             [ 3] 	lda df_vntstrt
cda2 : e539             [ 3] 	sbc tmp_d
cda4 : 859f             [ 3] 	sta df_vntstrt
cda6 : a5a0             [ 3] 	lda df_vntstrt+1
cda8 : e900             [ 2] 	sbc #0
cdaa : 85a0             [ 3] 	sta df_vntstrt+1
                             
                             	; VVT end is the same as VNT end
                             	_cpyZPWord df_vntend,df_vvtend
                             
                             
                             	; Copy done increment variable count
cdb4 : e6a7             [ 5] 	inc df_varcnt
cdb6 : 18               [ 2] 	clc
cdb7 : 60               [ 6] 	rts
                             
                             
                             ;****************************************
                             ;* Iterate through a valid variable name
                             ;* starts with alpha, then any number of
                             ;* alphanums.
                             ;****************************************
cdb8 :                       df_var_countlen
                             	; count alpha nums
cdb8 : c8               [ 2] 	iny
cdb9 : e8               [ 2] 	inx
cdba : b9000a           [ 4] 	lda df_linbuff,y
                             	; first char has to be alpha, rest can be alpha-
cdbd : e000             [ 2] 	cpx #0
cdbf : d006             [ 3] 	bne df_var_countlen_alphanum
cdc1 : 20c4ce           [ 6] 	jsr df_tk_isalpha
cdc4 : 4ccacd           [ 3] 	jmp df_var_countlen_loop
cdc7 :                       df_var_countlen_alphanum
cdc7 : 20d1ce           [ 6] 	jsr df_tk_isalphanum
cdca :                       df_var_countlen_loop
cdca : b0ec             [ 3] 	bcs df_var_countlen
cdcc : 60               [ 6] 	rts
                             
                             	
                             ;****************************************
                             ;* Analyse variable name
                             ;* Return type in A
                             ;* NOT C = It is a variable
                             ;* C = It is not a variable
                             ;* X = Length including pre-fixes
                             ;* Y = Offset to next char after var name
                             ;****************************************
cdcd :                       df_var_analyse
                             	; start at the current buffer position
cdcd : a4b2             [ 3] 	ldy df_linoff
                             	
                             	; actual number of alpha nums = -1 to start
AS65 Assembler for R6502 [1.42].                                     Page   61
---------------------------------- bank1.s -----------------------------------

cdcf : a2ff             [ 2] 	ldx #-1
                             
                             	; Default type is INT
cdd1 : a901             [ 2] 	lda #DFVVT_INT
cdd3 : 85d7             [ 3] 	sta df_tmpptra
                             	
                             	; check for PROC prefix
cdd5 : b9000a           [ 4] 	lda df_linbuff,y
cdd8 : c95f             [ 2] 	cmp #'_'
                             	; if it is not proc then get the name
cdda : d011             [ 3] 	bne df_var_not_proc
                             	; analyse for proc variable names
                             	; else set type to PROC
cddc : a940             [ 2] 	lda #DFVVT_PROC
cdde : 85d7             [ 3] 	sta df_tmpptra
cde0 : 20b8cd           [ 6] 	jsr df_var_countlen
                             	; Length must be >=1
cde3 : e001             [ 2] 	cpx #1
cde5 : 9004             [ 3] 	bcc df_var_analyse_fatal_err
                             	; Next char has to be '('
cde7 : c928             [ 2] 	cmp #'('
cde9 : f022             [ 4] 	beq df_var_finalise_len
cdeb :                       df_var_analyse_fatal_err
                             	SWBRK DFERR_SYNTAX
                             
                             	; Analyse for non-proc variable names
cded :                       df_var_not_proc
                             	; go back on pos on index as loop always does in
cded : 88               [ 2] 	dey
cdee : 20b8cd           [ 6] 	jsr df_var_countlen
cdf1 : e000             [ 2] 	cpx #0
cdf3 : d002             [ 3] 	bne df_var_analyse_chk_post
                             	; if zero alphanums error but not fatal
cdf5 : 38               [ 2] 	sec
cdf6 : 60               [ 6] 	rts
                             	; check for post qualifiers e.g. $
cdf7 :                       df_var_analyse_chk_post
                             	; first see if the char is $
                             	; but cannot already have PROC prefix
                             ;	cmp #'%'
                             ;	bne df_var_analyse_chk_dollar
                             ; Set to INT type although it is the default alre
                             ;	lda #DFVVT_INT
                             ;	sta df_tmpptra
                             	; advance the buffer index
                             ;	iny
                             ;	bne df_var_analyse_chk_arry
cdf7 :                       df_var_analyse_chk_dollar
                             	; now see if the char is $
                             	; but cannot already have PROC prefix
cdf7 : c924             [ 2] 	cmp #'$'
cdf9 : d005             [ 4] 	bne df_var_analyse_chk_arry
                             	; Set to STRING type
cdfb : a904             [ 2] 	lda #DFVVT_STR
cdfd : 85d7             [ 3] 	sta df_tmpptra
                             	; advance the buffer index
cdff : c8               [ 2] 	iny
ce00 :                       df_var_analyse_chk_arry
                             	; Check for array type vs PROC
ce00 : b9000a           [ 4] 	lda df_linbuff,y
ce03 : c95b             [ 2] 	cmp #'['
ce05 : d006             [ 3] 	bne df_var_finalise_len
AS65 Assembler for R6502 [1.42].                                     Page   62
---------------------------------- bank1.s -----------------------------------

ce07 : a5d7             [ 3] 	lda df_tmpptra
ce09 : 0980             [ 2] 	ora #DFVVT_PTR
ce0b : 85d7             [ 3] 	sta df_tmpptra
ce0d :                       df_var_finalise_len
                             	; Ok got everything
                             	; calculate length from y
                             	; y is next char after var name
ce0d : 98               [ 2] 	tya
ce0e : 38               [ 2] 	sec
ce0f : e5b2             [ 3] 	sbc df_linoff			; where we started
                             	; put len in X
ce11 : aa               [ 2] 	tax
                             	; put type in A
ce12 : a5d7             [ 3] 	lda df_tmpptra
ce14 : 18               [ 2] 	clc
ce15 : 60               [ 6] 	rts
                             
                             
                             ;****************************************
                             ;* Find or create a variable
                             ;* If found then type needs to match mask
                             ;* Not a fatal error because could be part
                             ;* of a trial of different parsing options
                             ;****************************************
ce16 :                       df_var_findcreate
                             	; save mask
ce16 : 48               [ 3] 	pha
ce17 : 20f3cc           [ 6] 	jsr df_var_find
ce1a : b013             [ 3] 	bcs df_var_findcreate_create
                             	; restore mask to check for 0 then push
ce1c : 68               [ 4] 	pla
ce1d : 48               [ 3] 	pha
                             	; don't check mask if zero
ce1e : f008             [ 3] 	beq df_var_findcreate_found
                             	; restore mask
ce20 : 68               [ 4] 	pla
ce21 : a000             [ 2] 	ldy #DFVVT_TYPE
ce23 : 31d7             [ 5] 	and (df_tmpptra),y
                             	; but if mask is non zero then this must be non 
ce25 : f019             [ 3] 	beq df_var_findcreate_err
ce27 : 48               [ 3] 	pha		; Dummy push to match the pla
ce28 :                       df_var_findcreate_found
                             	; discard mask
ce28 : 68               [ 4] 	pla	
                             	; put slot address in x,a
ce29 : a6d7             [ 3] 	ldx df_tmpptra
ce2b : a5d8             [ 3] 	lda df_tmpptra+1
ce2d : 18               [ 2] 	clc
ce2e : 60               [ 6] 	rts
                             	
                             	;* If no existing variable found, add one to VNT
ce2f :                       df_var_findcreate_create
                             	; find type (A) and length (X)
ce2f : 20cdcd           [ 6] 	jsr df_var_analyse
                             	; keep A temporarily
ce32 : 85d7             [ 3] 	sta df_tmpptra
                             	; if not a variable then return with C=1
ce34 : b009             [ 3] 	bcs df_var_findcreate_errp
                             	; check if mask needs to be applied
ce36 : 68               [ 4] 	pla
ce37 : f009             [ 3] 	beq df_var_analyse_ok
                             	; else mask and check
AS65 Assembler for R6502 [1.42].                                     Page   63
---------------------------------- bank1.s -----------------------------------

ce39 : 25d7             [ 3] 	and df_tmpptra
                             	; mask match is ok
ce3b : d005             [ 3] 	bne df_var_analyse_ok
                             	; else return not found
ce3d : f001             [ 3] 	beq df_var_findcreate_err
ce3f :                       df_var_findcreate_errp
ce3f : 68               [ 4] 	pla
ce40 :                       df_var_findcreate_err
ce40 : 38               [ 2] 	sec
ce41 : 60               [ 6] 	rts
                             
ce42 :                       df_var_analyse_ok
                             	; extra space for zero terminator
ce42 : e8               [ 2] 	inx
                             	; save data in reverse order to when needed
                             	; by the initialise section x,a (var name sz, ty
                             	; insert space of X bytes
ce43 : a5d7             [ 3] 	lda df_tmpptra
ce45 : 48               [ 3] 	pha
ce46 : 8a               [ 2] 	txa
ce47 : 48               [ 3] 	pha
                             	
ce48 : 205ecd           [ 6] 	jsr df_var_insert_space
ce4b : 9002             [ 3] 	bcc df_var_initialise_var
                             	; error inserting space
                             	SWBRK DFERR_OK
                             
                             	
ce4f :                       df_var_initialise_var
ce4f : 68               [ 4] 	pla
ce50 : 85db             [ 3] 	sta df_tmpptrc				; var name size + 1
                             
ce52 : 68               [ 4] 	pla							; type
ce53 : a000             [ 2] 	ldy #DFVVT_TYPE
ce55 : 91a5             [ 5] 	sta (df_vvtend),y			; put type in vvt slot
ce57 : a900             [ 2] 	lda #0						; zero the rest
ce59 : a007             [ 2] 	ldy #7
ce5b :                       df_var_zero_vnt
ce5b : 91a5             [ 5] 	sta (df_vvtend),y
ce5d : 88               [ 2] 	dey
ce5e : d0fb             [ 3] 	bne df_var_zero_vnt			; Don't zero out the type
                             
ce60 : c6db             [ 5] 	dec df_tmpptrc				; 1 less to copy variable name
                             
ce62 : a6b2             [ 3] 	ldx df_linoff				; Start at var name beginning, 
                             	; copy variable name to vnt slot
ce64 :                       df_var_findcreate_copy
ce64 : bd000a           [ 4] 	lda df_linbuff,x
ce67 : 919f             [ 5] 	sta (df_vntstrt),y
ce69 : e8               [ 2] 	inx
ce6a : c8               [ 2] 	iny
ce6b : c6db             [ 5] 	dec df_tmpptrc
ce6d : d0f5             [ 3] 	bne df_var_findcreate_copy
                             	; put in zero terminator
ce6f : a900             [ 2] 	lda #0
ce71 : 919f             [ 5] 	sta (df_vntstrt),y
                             
ce73 : 86b2             [ 3] 	stx df_linoff				; Update line pointer
                             
                             	; Return address of slot in X,A
ce75 : a6a5             [ 3] 	ldx df_vvtend
ce77 : a5a6             [ 3] 	lda df_vvtend+1
AS65 Assembler for R6502 [1.42].                                     Page   64
---------------------------------- bank1.s -----------------------------------

                             	
ce79 : 18               [ 2] 	clc
ce7a : 60               [ 6] 	rts
                             	
ce7b :                       mod_sz_var_e
                             
                             	include "dflat/tokenise.s"
                             ;************************************************
                             ;*
                             ;*	BBC128
                             ;*	Dolo Miah (@6502Nerd)
                             ;*	Copyright (c) 2020
                             ;*  Free to use for any non-commercial purpose su
                             ;*  credit of original my authorship please!
                             ;*
                             ;*  TOKENISE.S
                             ;*  Controlling module for tokenisation.  Basical
                             ;*  module is given a raw input buffer, which it 
                             ;*  attempt to tokenise fully.  Any syntax errors
                             ;*  thrown at the first point of detection.  If a
                             ;*  well, the parsed input will be in a tokenised
                             ;*  which can be executed in immediate mode or sa
                             ;*  line number order to memory.
                             ;*  dflat syntax is very simple - every statement
                             ;*  with a keyword.  The only exception is assign
                             ;*  procedure invocation - but even these scenari
                             ;*  tokenised so during runtime we just execute t
                             ;*  The raw buffer is consumed one byte at a time
                             ;*  tokenised buffer is written one byte at a tim
                             ;*  syntax means there is no need to undo reads o
                             ;*  or tokenised buffer.  The only refinement is 
                             ;*  allowed to peek a character in the raw buffer
                             ;*  consuming it.
                             ;*
                             ;************************************************
                             
                             	; ROM code
                             	code
                             
ce7b :                       mod_sz_tokenise_s
                             
                             
                             ;****************************************
                             ;* df_tk_peek_buf
                             ;* Return next char in A but no change to pointer
                             ;****************************************
ce7b :                       df_tk_peek_buf
ce7b : a4b2             [ 3] 	ldy df_linoff
ce7d : b9000a           [ 4] 	lda df_linbuff,y
ce80 : 60               [ 6] 	rts
                             
                             ;****************************************
                             ;* df_tk_get_buf
                             ;* Return next char in A and inc pointer
                             ;* Don't advance if null char found and Z=1
                             ;****************************************
ce81 :                       df_tk_get_buf
ce81 : a4b2             [ 3] 	ldy df_linoff
ce83 : b9000a           [ 4] 	lda df_linbuff,y
ce86 : f003             [ 3] 	beq df_tk_get_buf_null
ce88 : c8               [ 2] 	iny
ce89 : 84b2             [ 3] 	sty df_linoff
AS65 Assembler for R6502 [1.42].                                     Page   65
---------------------------------- bank1.s -----------------------------------

ce8b :                       df_tk_get_buf_null
ce8b : 60               [ 6] 	rts
                             
                             ;****************************************
                             ;* df_tk_put_tok
                             ;* Put A in token buffer and inc pointer
                             ;* C=Clear on exit
                             ;****************************************
ce8c :                       df_tk_put_tok
ce8c : a4b3             [ 3] 	ldy df_tokoff
ce8e : 99800a           [ 5] 	sta df_tokbuff,y
ce91 : c8               [ 2] 	iny
ce92 : 3004             [ 3] 	bmi df_tk_put_overflow
ce94 : 84b3             [ 3] 	sty df_tokoff
ce96 : 18               [ 2] 	clc
ce97 : 60               [ 6] 	rts
ce98 :                       df_tk_put_overflow
                             	SWBRK DFERR_STRLONG
                             
                             
                             ;****************************************
                             ;* df_tk_isdigit
                             ;* Check char in A for number 0-9
                             ;* Return: CC = False, CS = True
                             ;****************************************
ce9a :                       df_tk_isdigit
ce9a : c93a             [ 2] 	cmp #'9'+1
ce9c : b005             [ 3] 	bcs df_tk_isdigit_false
ce9e : c930             [ 2] 	cmp #'0'
cea0 : 9001             [ 3] 	bcc df_tk_isdigit_false
cea2 : 60               [ 6] 	rts						; C must be 1
cea3 :                       df_tk_isdigit_false
cea3 : 18               [ 2] 	clc
cea4 : 60               [ 6] 	rts
                             
                             ;****************************************
                             ;* df_tk_isbin
                             ;* Check char in A for binary digit
                             ;* Return: CC = False, CS = True
                             ;****************************************
cea5 :                       df_tk_isbin
cea5 : c930             [ 2] 	cmp #'0'
cea7 : f005             [ 3] 	beq df_tk_isbin_true	; C=1
cea9 : c931             [ 2] 	cmp #'1'
ceab : f001             [ 3] 	beq df_tk_isbin_true	; C=1
cead : 18               [ 2] 	clc
ceae :                       df_tk_isbin_true
ceae : 60               [ 6] 	rts
                             
                             ;****************************************
                             ;* df_tk_ishex
                             ;* Check char in A for number 0-9, A-F, a-f
                             ;* Return: CC = False, CS = True
                             ;****************************************
ceaf :                       df_tk_ishex
ceaf : 48               [ 3] 	pha
ceb0 : 209ace           [ 6] 	jsr df_tk_isdigit
ceb3 : b00a             [ 3] 	bcs df_tk_ishex_truep
ceb5 : 0920             [ 2] 	ora #0x20
ceb7 : c967             [ 2] 	cmp #'f'+1
ceb9 : b006             [ 3] 	bcs df_tk_ishex_false
cebb : c961             [ 2] 	cmp #'a'
AS65 Assembler for R6502 [1.42].                                     Page   66
---------------------------------- bank1.s -----------------------------------

cebd : 9002             [ 3] 	bcc df_tk_ishex_false
                             	; C must be 1 here
cebf :                       df_tk_ishex_truep
cebf : 68               [ 4] 	pla
cec0 : 60               [ 6] 	rts
cec1 :                       df_tk_ishex_false
cec1 :                       df_tk_isalpha_false
cec1 : 18               [ 2] 	clc
cec2 : 68               [ 4] 	pla
cec3 : 60               [ 6] 	rts
                             
                             ;****************************************
                             ;* df_tk_isalpha
                             ;* Check next char in A alpha a-z, A-Z
                             ;* Return: CC = False, CS = True
                             ;****************************************
cec4 :                       df_tk_isalpha
cec4 : 48               [ 3] 	pha
cec5 : 0920             [ 2] 	ora #0x20					; Convert to lower case for checki
cec7 : c97b             [ 2] 	cmp #'z'+1
cec9 : b0f6             [ 3] 	bcs df_tk_isalpha_false
cecb : c961             [ 2] 	cmp #'a'
cecd : 90f2             [ 3] 	bcc df_tk_isalpha_false
                             	; C must be 1 here
cecf : 68               [ 4] 	pla
ced0 : 60               [ 6] 	rts
                             
                             ;****************************************
                             ;* df_tk_isalphanum
                             ;* Check next char A for a-z,A-Z,0-9
                             ;* Return: CC = False, CS = True
                             ;****************************************
ced1 :                       df_tk_isalphanum
ced1 : 20c4ce           [ 6] 	jsr df_tk_isalpha
ced4 : 90c4             [ 3] 	bcc df_tk_isdigit
ced6 :                       df_tk_rts1				; branch to this RTS where possible
ced6 : 60               [ 6] 	rts
                             
                             ;****************************************
                             ;* df_tk_isproc
                             ;* Check next char A for _
                             ;* Return: CC = False, CS = True
                             ;****************************************
ced7 :                       df_tk_isproc
ced7 : c95f             [ 2] 	cmp #'_'
ced9 : f001             [ 3] 	beq df_tk_isproc_true	; C=1
cedb : 18               [ 2] 	clc
cedc :                       df_tk_isproc_true
cedc : 60               [ 6] 	rts
                             
                             ;****************************************
                             ;* df_tk_skip_ws
                             ;* Skip ws in linbuff
                             ;* Return: linoff updated to next non-ws, A = cha
                             ;****************************************
cedd :                       df_tk_skip_ws
cedd :                       df_tk_ws_loop1
cedd : 207bce           [ 6] 	jsr df_tk_peek_buf
cee0 : 20f8ce           [ 6] 	jsr df_tk_isws
cee3 : 90f1             [ 3] 	bcc df_tk_rts1
cee5 : e6b2             [ 5] 	inc df_linoff
cee7 : 208cce           [ 6] 	jsr df_tk_put_tok
AS65 Assembler for R6502 [1.42].                                     Page   67
---------------------------------- bank1.s -----------------------------------

ceea : 90f1             [ 3] 	bcc df_tk_skip_ws		; Always as put_tok clears C
                             
                             ;****************************************
                             ;* df_tk_strip_ws
                             ;* Strip ws in linbuff
                             ;* Return: linoff updated to next non-ws, A = cha
                             ;****************************************
ceec :                       df_tk_strip_ws
ceec : 207bce           [ 6] 	jsr df_tk_peek_buf
ceef : 20f8ce           [ 6] 	jsr df_tk_isws
cef2 : 90e2             [ 3] 	bcc df_tk_rts1
cef4 : e6b2             [ 5] 	inc df_linoff
cef6 : d0f4             [ 3] 	bne df_tk_strip_ws		; Always as linoff is not ze
                             
                             ;****************************************
                             ;* df_tk_isws
                             ;* Check char is ws (only space is counted)
                             ;* Return: CC = False, CS = True
                             ;****************************************
cef8 :                       df_tk_isws
cef8 : c920             [ 2] 	cmp #' '
cefa : d001             [ 3] 	bne df_tk_isws_false
                             	; C must be 1 here
cefc : 60               [ 6] 	rts
cefd :                       df_tk_isws_false
cefd :                       df_tk_expectok
cefd : 18               [ 2] 	clc
cefe : 60               [ 6] 	rts
                             
                             ;****************************************
                             ;* Find a character expected ignoring ws
                             ;* Input A = expected char
                             ;* CC = found, CS = Error
                             ;****************************************
ceff :                       df_tk_expect
ceff : 48               [ 3] 	pha
                             	; skip ws
cf00 : 20ddce           [ 6] 	jsr df_tk_skip_ws
                             	; peek the buffer
cf03 : 68               [ 4] 	pla
cf04 : a4b2             [ 3] 	ldy df_linoff
cf06 : d9000a           [ 4] 	cmp df_linbuff,y
                             	; if expected char then ok
cf09 : f0f2             [ 4] 	beq df_tk_expectok
                             	; else error
cf0b :                       df_tk_num_err
cf0b :                       df_tk_char_err
cf0b : 38               [ 2] 	sec
cf0c : 60               [ 6] 	rts
                             
                             ;****************************************
                             ;* Find a character expected ignoring ws
                             ;* Input A = expected char
                             ;* Tokenises the character as well
                             ;* CC = found, CS = Error
                             ;****************************************
cf0d :                       df_tk_expect_tok
cf0d : 20ffce           [ 6] 	jsr df_tk_expect
cf10 : b0c4             [ 4] 	bcs df_tk_rts1
cf12 : 2081ce           [ 6] 	jsr df_tk_get_buf
cf15 : 4c8cce           [ 3] 	jmp df_tk_put_tok
                             
AS65 Assembler for R6502 [1.42].                                     Page   68
---------------------------------- bank1.s -----------------------------------

                             ;****************************************
                             ;* Find a character expected ignoring ws
                             ;* Input A = expected char
                             ;* Tokenises the character as well
                             ;* FATAL IF NOT FOUND
                             ;****************************************
cf18 :                       df_tk_expect_tok_err
cf18 : 200dcf           [ 6] 	jsr df_tk_expect_tok
cf1b : 90b9             [ 4] 	bcc df_tk_rts1
cf1d :                       df_tk_expect_tok_fatal
                             	SWBRK DFERR_SYNTAX
                             
                             
                             ;****************************************
                             ;* Tokenise a constant number
                             ;****************************************
cf1f :                       df_tk_num
                             	; X,A = address, linbuff must be on page boundar
cf1f : 18               [ 2] 	clc
cf20 : a900             [ 2] 	lda #lo(df_linbuff)
cf22 : 65b2             [ 3] 	adc df_linoff
cf24 : aa               [ 2] 	tax
cf25 : a90a             [ 2] 	lda #hi(df_linbuff)
cf27 : 6900             [ 2] 	adc #0
cf29 : a000             [ 2] 	ldy #0				; any numeric format
cf2b : 2017c9           [ 6] 	jsr con_n_to_a
cf2e : b0db             [ 3] 	bcs df_tk_num_err
                             	; A = format
                             	; X = how many digits processed
                             	; Jump over that many chars
cf30 : a8               [ 2] 	tay
cf31 : 18               [ 2] 	clc
cf32 : 8a               [ 2] 	txa
cf33 : 65b2             [ 3] 	adc df_linoff
cf35 : 85b2             [ 3] 	sta df_linoff
                             	; Now tokenise an integer (always 2 bytes, but t
cf37 : 98               [ 2] 	tya
cf38 : c901             [ 2] 	cmp #NUM_DEC
cf3a : d004             [ 3] 	bne df_tk_num_hexbin
cf3c : a909             [ 2] 	lda #DFTK_INTDEC	; decimal always an int
cf3e : d016             [ 3] 	bne df_tk_num_put
cf40 :                       df_tk_num_hexbin
cf40 : c902             [ 2] 	cmp #NUM_HEX
cf42 : d00a             [ 3] 	bne df_tk_num_bin
cf44 : a906             [ 2] 	lda #DFTK_BYTHEX	; Assume BYT
cf46 : e005             [ 2] 	cpx #5				; If >4 chars then INT
cf48 : 900c             [ 3] 	bcc df_tk_num_put
cf4a : a90a             [ 2] 	lda #DFTK_INTHEX
cf4c : d008             [ 3] 	bne df_tk_num_put
cf4e :                       df_tk_num_bin
cf4e : a907             [ 2] 	lda #DFTK_BYTBIN	; Assume BYT
cf50 : e00b             [ 2] 	cpx #11				; If >10 chars then INT
cf52 : 9002             [ 3] 	bcc df_tk_num_put
cf54 : a90b             [ 2] 	lda #DFTK_INTBIN
cf56 :                       df_tk_num_put
cf56 : 208cce           [ 6] 	jsr df_tk_put_tok	; Save number type (DEC,HEX,BI
cf59 : a579             [ 3] 	lda num_a
cf5b : 208cce           [ 6] 	jsr df_tk_put_tok
cf5e : a57a             [ 3] 	lda num_a+1
cf60 : 4c8cce           [ 3] 	jmp df_tk_put_tok
                             
                             ;****************************************
AS65 Assembler for R6502 [1.42].                                     Page   69
---------------------------------- bank1.s -----------------------------------

                             ;* Tokenise a constant char
                             ;****************************************
cf63 :                       df_tk_char
                             	; skip the first quote
cf63 : 2081ce           [ 6] 	jsr df_tk_get_buf
                             	; put in the token
cf66 : a900             [ 2] 	lda #DFTK_CHR
cf68 : 208cce           [ 6] 	jsr df_tk_put_tok
                             	; get the char value and save
cf6b : 2081ce           [ 6] 	jsr df_tk_get_buf
cf6e : 208cce           [ 6] 	jsr df_tk_put_tok
                             	; always put two bytes in, even for a BYTE type
cf71 : a900             [ 2] 	lda #0
cf73 : 208cce           [ 6] 	jsr df_tk_put_tok
                             	; next byte must be single quote
cf76 : 2081ce           [ 6] 	jsr df_tk_get_buf
cf79 : c927             [ 2] 	cmp #0x27
cf7b : d08e             [ 3] 	bne df_tk_char_err
cf7d : 18               [ 2] 	clc
cf7e : 60               [ 6] 	rts
                             
                             ;****************************************
                             ;* Tokenise a constant string
                             ;****************************************
cf7f :                       df_tk_str
                             	; skip the first quote
cf7f : 2081ce           [ 6] 	jsr df_tk_get_buf
                             	; put in the token
cf82 : a910             [ 2] 	lda #DFTK_STRLIT
cf84 : 208cce           [ 6] 	jsr df_tk_put_tok
cf87 :                       df_tk_str_ch
                             	; copy string chars in to token buffer
                             	; until another quote or end of line
cf87 : 2081ce           [ 6] 	jsr df_tk_get_buf
cf8a : c900             [ 2] 	cmp #0
cf8c : f011             [ 3] 	beq df_tk_str_err
cf8e : c922             [ 2] 	cmp #0x22
cf90 : f006             [ 3] 	beq df_tk_str_don
cf92 : 208cce           [ 6] 	jsr df_tk_put_tok
cf95 : 4c87cf           [ 3] 	jmp df_tk_str_ch
cf98 :                       df_tk_str_don
                             	; zero terminated strings
cf98 : a900             [ 2] 	lda #0
cf9a : 4c8cce           [ 3] 	jmp df_tk_put_tok
cf9d :                       df_tk_var_noarry
cf9d : 18               [ 2] 	clc
cf9e : 60               [ 6] 	rts
cf9f :                       df_tk_str_err
                             	SWBRK DFERR_SYNTAX
                             
                             
                             ;****************************************
                             ;* Tokenise a constant (num, string, char)
                             ;****************************************
cfa1 :                       df_tk_const
cfa1 : 20ddce           [ 6] 	jsr df_tk_skip_ws
                             	; Check what constant it is
cfa4 : 207bce           [ 6] 	jsr df_tk_peek_buf
                             	; Minus symbol could be start of a number
cfa7 : c92d             [ 2] 	cmp #'-'
cfa9 : f005             [ 3] 	beq df_tk_const_try_num
cfab : 209ace           [ 6] 	jsr df_tk_isdigit
AS65 Assembler for R6502 [1.42].                                     Page   70
---------------------------------- bank1.s -----------------------------------

cfae : 9003             [ 3] 	bcc df_tk_const_try_str
cfb0 :                       df_tk_const_try_num
cfb0 : 4c1fcf           [ 3] 	jmp df_tk_num
cfb3 :                       df_tk_const_try_str
                             	; check for double quote
cfb3 : c922             [ 2] 	cmp #0x22
cfb5 : d003             [ 3] 	bne df_tk_const_try_char
cfb7 : 4c7fcf           [ 3] 	jmp df_tk_str
cfba :                       df_tk_const_try_char
                             	; check for single apostrophe
cfba : c927             [ 2] 	cmp #0x27
cfbc : d003             [ 3] 	bne df_tk_const_err
cfbe : 4c63cf           [ 3] 	jmp df_tk_char
cfc1 :                       df_tk_const_err
                             	SWBRK DFERR_SYNTAX
                             
                             
                             ;****************************************
                             ;* Tokenise a variable - A = mask
                             ;* Return : A = variable index
                             ;****************************************
cfc3 :                       df_tk_var
                             	; Find or create variable, address in X,A
cfc3 : 2016ce           [ 6] 	jsr df_var_findcreate
cfc6 : 9001             [ 3] 	bcc df_tk_var_cont
cfc8 : 60               [ 6] 	rts
cfc9 :                       df_tk_var_cont
                             	; Save X,A for later
cfc9 : 48               [ 3] 	pha
cfca : 8a               [ 2] 	txa
cfcb : 48               [ 3] 	pha
                             	; Put VAR escape in token buffer
cfcc : a911             [ 2] 	lda #DFTK_VAR
cfce : 208cce           [ 6] 	jsr df_tk_put_tok
                             	; Get variable address and put in token buffer
cfd1 : 68               [ 4] 	pla
cfd2 : 208cce           [ 6] 	jsr df_tk_put_tok
cfd5 : 68               [ 4] 	pla
cfd6 : 208cce           [ 6] 	jsr df_tk_put_tok
                             	; count of any array indices
cfd9 :                       df_tk_var_ck
                             	; check if array procesing needed
cfd9 : a95b             [ 2] 	lda #'['
cfdb : 200dcf           [ 6] 	jsr df_tk_expect_tok
cfde : b0bd             [ 3] 	bcs df_tk_var_noarry
                             	; process numeric expression in bracket
cfe0 : 4c8ad0           [ 3] 	jmp df_tk_narry
                             
                             
                             ;****************************************
                             ;* Tokenise a parameter in proc definition
                             ;* Return : A = variable index
                             ;****************************************
cfe3 :                       df_tk_parm
                             	; if preceeding with non-local qualifier DFTK_VA
cfe3 : 207bce           [ 6] 	jsr df_tk_peek_buf
cfe6 : c926             [ 2] 	cmp #DFTK_VARPARM
cfe8 : d006             [ 3] 	bne df_tk_parm_skip_var
                             	; get the qualifier and put in token buffer
cfea : 2081ce           [ 6] 	jsr df_tk_get_buf
cfed : 208cce           [ 6] 	jsr df_tk_put_tok
cff0 :                       df_tk_parm_skip_var
AS65 Assembler for R6502 [1.42].                                     Page   71
---------------------------------- bank1.s -----------------------------------

                             	; don't have a certain type of var
cff0 : a900             [ 2] 	lda #0
cff2 : 4cc3cf           [ 3] 	jmp df_tk_var
                             
                             
                             ;****************************************
                             ;* Tokenise a variable to localise
                             ;* Return : A,X = variable index
                             ;****************************************
cff5 :                       df_tk_localvar
                             	; Find or create variable, index in A
cff5 : 2016ce           [ 6] 	jsr df_var_findcreate
cff8 : 9001             [ 3] 	bcc df_tk_localvar_cont
cffa : 60               [ 6] 	rts
cffb :                       df_tk_localvar_cont
                             	; Save variable address for later
cffb : 48               [ 3] 	pha
cffc : 8a               [ 2] 	txa
cffd : 48               [ 3] 	pha
                             	; Put VAR escape in token buffer
cffe : a911             [ 2] 	lda #DFTK_VAR
d000 : 208cce           [ 6] 	jsr df_tk_put_tok
                             	; Get variable index and put in token buffer
d003 : 68               [ 4] 	pla
d004 : 208cce           [ 6] 	jsr df_tk_put_tok
d007 : 68               [ 4] 	pla
d008 : 4c8cce           [ 3] 	jmp df_tk_put_tok
                             
                             ;****************************************
                             ;* Tokenise array variable
                             ;* Return : A = variable index
                             ;****************************************
d00b :                       df_tk_arrvar
                             	; Like a local var at first
d00b : 20f5cf           [ 6] 	jsr df_tk_localvar
                             	; but must be array
d00e : a95b             [ 2] 	lda #'['
d010 : 2018cf           [ 6] 	jsr df_tk_expect_tok_err
                             	; process numeric expression in bracket
d013 : 4c8ad0           [ 3] 	jmp df_tk_narry
                             
                             ;****************************************
                             ;* Tokenise call or def of proc
                             ;* Mode : A = 0 means def, else call
                             ;****************************************
d016 :                       df_tk_proc
d016 : 85c1             [ 3] 	sta df_procmode
d018 : 20ddce           [ 6] 	jsr df_tk_skip_ws
                             	; Find or create proc, index in A
d01b : a940             [ 2] 	lda #DFVVT_PROC
d01d : 2016ce           [ 6] 	jsr df_var_findcreate
d020 : b066             [ 3] 	bcs df_tk_proc_err
                             
                             	; Save variable address for later
d022 : 86c4             [ 3] 	stx df_procptr
d024 : 85c5             [ 3] 	sta df_procptr+1
                             
                             	; Put PROC escape in token buffer
d026 : a912             [ 2] 	lda #DFTK_PROC
d028 : 208cce           [ 6] 	jsr df_tk_put_tok
                             	; Get variable address and put in token buffer
d02b : a5c4             [ 3] 	lda df_procptr
AS65 Assembler for R6502 [1.42].                                     Page   72
---------------------------------- bank1.s -----------------------------------

d02d : 208cce           [ 6] 	jsr df_tk_put_tok
d030 : a5c5             [ 3] 	lda df_procptr+1
d032 : 208cce           [ 6] 	jsr df_tk_put_tok
                             
                             	; initially assume no args
d035 : a900             [ 2] 	lda #0
d037 : 85c2             [ 3] 	sta df_procargs
                             
                             	; Must have an open bracket
d039 : a928             [ 2] 	lda #'('
d03b : 2018cf           [ 6] 	jsr df_tk_expect_tok_err
                             	; if immediately followed by close bracket then 
d03e : 207bce           [ 6] 	jsr df_tk_peek_buf
d041 : c929             [ 2] 	cmp #')'
d043 : f030             [ 3] 	beq df_tk_proc_noparm
                             	; else tokenise parm variables
d045 :                       df_tk_proc_parms
d045 : 20ddce           [ 6] 	jsr df_tk_skip_ws
                             	; call appropriate routine for mode
d048 : a5c1             [ 3] 	lda df_procmode
d04a : d006             [ 3] 	bne df_tk_proc_call
                             	; tokenise parameter variable in def mode
d04c : 20e3cf           [ 6] 	jsr df_tk_parm
d04f : 4c5bd0           [ 3] 	jmp df_tk_proc_skip_call
d052 :                       df_tk_proc_call
                             	; tokenise expression in call mode
                             	;**CHECK**
d052 : a5c2             [ 3] 	lda df_procargs	; procargs could be impacted ins
d054 : 48               [ 3] 	pha
d055 : 200ad1           [ 6] 	jsr df_tk_expression
d058 : 68               [ 4] 	pla
d059 : 85c2             [ 3] 	sta df_procargs
d05b :                       df_tk_proc_skip_call
d05b : b02a             [ 3] 	bcs df_tk_proc_errp
                             	; increment number of args
d05d : e6c2             [ 5] 	inc df_procargs
                             	; what is next non ws char
d05f : 20ddce           [ 6] 	jsr df_tk_skip_ws
d062 : c92c             [ 2] 	cmp #','
d064 : f006             [ 3] 	beq df_tk_proc_comma
d066 : c929             [ 2] 	cmp #')'
d068 : d01d             [ 3] 	bne df_tk_proc_errp
d06a : f009             [ 3] 	beq df_tk_proc_noparm
                             	; comma found, more parms to process
d06c :                       df_tk_proc_comma
d06c : 2081ce           [ 6] 	jsr df_tk_get_buf
d06f : 208cce           [ 6] 	jsr df_tk_put_tok
d072 : 4c45d0           [ 3] 	jmp df_tk_proc_parms
d075 :                       df_tk_proc_noparm
                             	; consume the close bracket
d075 : 2081ce           [ 6] 	jsr df_tk_get_buf
d078 : 208cce           [ 6] 	jsr df_tk_put_tok
                             
                             	; update arg count if def mode
d07b : a6c1             [ 3] 	ldx df_procmode
d07d : d006             [ 3] 	bne df_tk_proc_skip_args
                             	; use address of proc
                             	; put arg count in dim2
d07f : a004             [ 2] 	ldy #DFVVT_DIM2
d081 : a5c2             [ 3] 	lda df_procargs
d083 : 91c4             [ 5] 	sta (df_procptr),y
d085 :                       df_tk_proc_skip_args
AS65 Assembler for R6502 [1.42].                                     Page   73
---------------------------------- bank1.s -----------------------------------

d085 : 18               [ 2] 	clc
d086 : 60               [ 6] 	rts
d087 :                       df_tk_proc_errp
d087 : 68               [ 4] 	pla
d088 :                       df_tk_proc_err
                             	SWBRK DFERR_SYNTAX
                             
                             
                             ;****************************************
                             ;* Parse array index
                             ;****************************************
d08a :                       df_tk_narry
                             	; if array open bracket encountered
                             	; then tokenise a numeric expression
d08a : 200ad1           [ 6] 	jsr df_tk_expression
                             	; If a comma is next, then another expression
d08d : a92c             [ 2] 	lda #','
d08f : 200dcf           [ 6] 	jsr df_tk_expect_tok
d092 : b003             [ 3] 	bcs df_tk_narry_end
d094 : 200ad1           [ 6] 	jsr df_tk_expression
d097 :                       df_tk_narry_end
                             	; after the second dimension, must be close sq b
d097 : a95d             [ 2] 	lda #']'
d099 : 4c18cf           [ 3] 	jmp df_tk_expect_tok_err
                             
                             ;****************************************
                             ;* Parse bracket
                             ;****************************************
d09c :                       df_tk_nbrkt
                             	; if  open bracket encountered
                             	; then tokenise a numeric expression
d09c : 200ad1           [ 6] 	jsr df_tk_expression
d09f : a929             [ 2] 	lda #')'
d0a1 : 4c18cf           [ 3] 	jmp df_tk_expect_tok_err
                             
                             ;****************************************
                             ;* Parse call to numeric proc
                             ;****************************************
d0a4 :                       df_tk_nterm_proc
                             	; call mode
d0a4 : a901             [ 2] 	lda #1
d0a6 : 4c16d0           [ 3] 	jmp df_tk_proc
                             
                             ;****************************************
                             ;* Parse numeric term
                             ;****************************************
d0a9 :                       df_tk_nterm
                             	; skip any ws first, copying in to tokbuff
                             	; A containts the non-ws char
d0a9 : 20ddce           [ 6] 	jsr df_tk_skip_ws
d0ac : c900             [ 2] 	cmp #0
d0ae : f004             [ 3] 	beq df_tk_nterm_done
d0b0 : c93a             [ 2] 	cmp #':'
d0b2 : d002             [ 3] 	bne df_tk_nterm_cont
d0b4 :                       df_tk_nterm_done
d0b4 :                       df_tk_nop_false
d0b4 : 38               [ 2] 	sec
d0b5 : 60               [ 6] 	rts
d0b6 :                       df_tk_nterm_cont
                             	; if open bracket then process it
d0b6 : c928             [ 2] 	cmp #'('
d0b8 : d009             [ 3] 	bne df_tk_nterm_tryfn
AS65 Assembler for R6502 [1.42].                                     Page   74
---------------------------------- bank1.s -----------------------------------

                             	; get the bracket and put in token buffer
d0ba : 2081ce           [ 6] 	jsr df_tk_get_buf
d0bd : 208cce           [ 6] 	jsr df_tk_put_tok
                             	; go process the open bracket
d0c0 : 4c9cd0           [ 3] 	jmp df_tk_nbrkt
d0c3 :                       df_tk_nterm_tryfn
d0c3 : 48               [ 3] 	pha
                             	; try decoding a built-in function
d0c4 : a902             [ 2] 	lda #DFTK_FN
d0c6 : 20fdd1           [ 6] 	jsr df_tk_matchtok
d0c9 : b00e             [ 3] 	bcs df_tk_nterm_try_proc
                             	; pull old A in to Y but don't use
d0cb : 68               [ 4] 	pla
d0cc : a8               [ 2] 	tay
                             	; restore A and put the token with MSB set
d0cd : 8a               [ 2] 	txa
d0ce : 0980             [ 2] 	ora #0x80
d0d0 : 208cce           [ 6] 	jsr df_tk_put_tok
d0d3 : 20cfd1           [ 6] 	jsr df_tk_exec_parser
d0d6 : b01b             [ 3] 	bcs df_tk_nterm_err
d0d8 : 60               [ 6] 	rts
d0d9 :                       df_tk_nterm_try_proc
d0d9 : 68               [ 4] 	pla
                             	; if it's not a func then try proc
d0da : 20d7ce           [ 6] 	jsr df_tk_isproc
d0dd : 9006             [ 3] 	bcc df_tk_nterm_try_var
d0df : 20a4d0           [ 6] 	jsr df_tk_nterm_proc
d0e2 : b00f             [ 3] 	bcs df_tk_nterm_err
d0e4 : 60               [ 6] 	rts
d0e5 :                       df_tk_nterm_try_var
                             	; Non-zero mask means var must be this type
d0e5 : a900             [ 2] 	lda #0
d0e7 : 20c3cf           [ 6] 	jsr df_tk_var
d0ea : b001             [ 3] 	bcs df_tk_nterm_try_const
d0ec : 60               [ 6] 	rts
d0ed :                       df_tk_nterm_try_const
                             	; Try decoding a constant
d0ed : 20a1cf           [ 6] 	jsr df_tk_const
d0f0 : b001             [ 3] 	bcs df_tk_nterm_err
d0f2 : 60               [ 6] 	rts
d0f3 :                       df_tk_nterm_err
                             	SWBRK DFERR_SYNTAX
                             
                             
                             ;****************************************
                             ;* Parse numeric operator
                             ;****************************************
d0f5 :                       df_tk_nop
d0f5 : 20ddce           [ 6] 	jsr df_tk_skip_ws
d0f8 : c900             [ 2] 	cmp #0
d0fa : f0b8             [ 3] 	beq df_tk_nop_false
                             	; must be an operator token for numeric
d0fc : a90c             [ 2] 	lda #DFTK_OP | DFTK_STROP
d0fe : 20fdd1           [ 6] 	jsr df_tk_matchtok
d101 : b0b1             [ 4] 	bcs df_tk_nop_false
                             	; got a token
d103 : 0980             [ 2] 	ora #DFTK_TOKEN
d105 : 208cce           [ 6] 	jsr df_tk_put_tok
d108 : 18               [ 2] 	clc
d109 : 60               [ 6] 	rts
                             
                             	
AS65 Assembler for R6502 [1.42].                                     Page   75
---------------------------------- bank1.s -----------------------------------

                             ;****************************************
                             ;* Parse numeric expression
                             ;****************************************
d10a :                       df_tk_expression
                             	; Tokenise a numeric term
d10a : 20a9d0           [ 6] 	jsr df_tk_nterm
d10d : b006             [ 3] 	bcs df_tk_expre_err
                             	; Try and tokenise a numeric operator
d10f : 20f5d0           [ 6] 	jsr df_tk_nop
                             	; If an operator was tokenised
                             	; then loop back for another term
d112 : 90f6             [ 3] 	bcc df_tk_expression
                             	; If no operator was found then
                             	; expression is done
d114 :                       df_tk_not_eos
d114 : 18               [ 2] 	clc
d115 :                       df_tk_expre_err
d115 : 60               [ 6] 	rts
                             
                             ;****************************************
                             ;* Find expected token and parse expression
                             ;****************************************
d116 :                       df_tk_tok_expression
d116 : 2018cf           [ 6] 	jsr df_tk_expect_tok_err
d119 : 4c0ad1           [ 3] 	jmp df_tk_expression
                             
                             
                             ;****************************************
                             ;* Check end of statement
                             ;****************************************
d11c :                       df_tk_isEOS
d11c : a93a             [ 2] 	lda #':'
d11e : 200dcf           [ 6] 	jsr df_tk_expect_tok
d121 : b0f1             [ 3] 	bcs df_tk_not_eos
                             	; this is the position of the next statement
d123 : a5b3             [ 3] 	lda df_tokoff
                             	; put it in the last statement offset slot
d125 : a4b5             [ 3] 	ldy df_nxtstidx
d127 : 99800a           [ 5] 	sta df_tokbuff,y
d12a : 38               [ 2] 	sec
d12b : 60               [ 6] 	rts
                             
                             
                             ;****************************************
                             ;* Parse user defined proc
                             ;****************************************
d12c :                       df_tk_parse_user_proc
                             	; put proc token in as a call
d12c : a981             [ 2] 	lda #0x81
d12e : 208cce           [ 6] 	jsr df_tk_put_tok
d131 : a901             [ 2] 	lda #1
d133 : 4c16d0           [ 3] 	jmp df_tk_proc
                             
                             
                             ;****************************************
                             ;* Parse a command
                             ;* Do not fatal error if this fails
                             ;****************************************
d136 :                       df_tk_parse_command
                             	; only looking for keywords
d136 : a901             [ 2] 	lda #DFTK_KW
d138 : 20fdd1           [ 6] 	jsr df_tk_matchtok
AS65 Assembler for R6502 [1.42].                                     Page   76
---------------------------------- bank1.s -----------------------------------

                             	; if didn't find regular keywords then try non f
d13b : b010             [ 3] 	bcs df_tk_parse_command_err
                             	; if match then store token in the line buffer
                             	; Set MSB
d13d : 0980             [ 2] 	ora #0x80
d13f : 208cce           [ 6] 	jsr df_tk_put_tok
                             	; call the parser to do tokenise based on the st
d142 : a5b9             [ 3] 	lda df_symoff
d144 : 20cfd1           [ 6] 	jsr df_tk_exec_parser
d147 : b004             [ 3] 	bcs df_tk_parse_command_err
                             	; [1] ignore white space but keep it
d149 : 20ddce           [ 6] 	jsr df_tk_skip_ws
                             	; No error in parsing this command
d14c :                       df_tk_parse_command_done
d14c : 18               [ 2] 	clc
d14d :                       df_tk_parse_command_err
d14d : 60               [ 6] 	rts
                             
                             
                             ;****************************************
                             ;* lexer
                             ;****************************************
d14e :                       df_lexer_line
d14e : a900             [ 2] 	lda #0
                             	; start at the beginning of the line buffer
d150 : 85b2             [ 3] 	sta df_linoff
                             	; start at the beginning of the tokenised buffer
d152 : 85b3             [ 3] 	sta df_tokoff
                             	; set current line to the token buffer
d154 : a980             [ 2] 	lda #lo(df_tokbuff)
d156 : 85bc             [ 3] 	sta df_currlin
d158 : a90a             [ 2] 	lda #hi(df_tokbuff)
d15a : 85bd             [ 3] 	sta df_currlin+1
                             	; Set the line length to 0
d15c : a900             [ 2] 	lda #0
d15e : 208cce           [ 6] 	jsr df_tk_put_tok
                             
                             	; any leading white space, ignore and discard
                             ;	jsr df_tk_strip_ws
                             
                             	; if peek next character is a number then assume
                             	; else assume a statement
d161 : 207bce           [ 6] 	jsr df_tk_peek_buf
d164 : 209ace           [ 6] 	jsr df_tk_isdigit
d167 : 9006             [ 3] 	bcc df_lexer_skip_lnum
                             	; if line number then capture the line number an
d169 : 20ded1           [ 6] 	jsr df_tk_linenum
d16c : 4c77d1           [ 3] 	jmp df_tk_body
d16f :                       df_lexer_skip_lnum
                             	; if no line number then zero out the line numbe
                             	; line zero will indicate an immediate mode comm
d16f : a900             [ 2] 	lda #0
d171 : 208cce           [ 6] 	jsr df_tk_put_tok				; Line num low byte
d174 : 208cce           [ 6] 	jsr df_tk_put_tok				; Line num high byte
d177 :                       df_tk_body
                             	; Offset for next statement
d177 : a5b3             [ 3] 	lda df_tokoff
d179 : 85b5             [ 3] 	sta df_nxtstidx
d17b : a900             [ 2] 	lda #0
d17d : 208cce           [ 6] 	jsr df_tk_put_tok				; Offset to next statement
d180 : 207bce           [ 6] 	jsr df_tk_peek_buf				; Check for a single space
d183 : 20f8ce           [ 6] 	jsr df_tk_isws					; and first character
AS65 Assembler for R6502 [1.42].                                     Page   77
---------------------------------- bank1.s -----------------------------------

d186 : 9002             [ 3] 	bcc df_tk_skip_1_spc
d188 : e6b2             [ 5] 	inc df_linoff					; Don't tokenise this single s
d18a :                       df_tk_skip_1_spc
                             	; [1] capture white space from line buffer in to
d18a : 20ddce           [ 6] 	jsr df_tk_skip_ws
                             	; If next non ws is zero then this is an empty l
                             	; so return with length zero but line number fil
                             	; token buffer
d18d : c900             [ 2] 	cmp #0
d18f : f03a             [ 3] 	beq df_tk_line_empty
                             	; if next char is _ then parse a user defined pr
d191 : 20d7ce           [ 6] 	jsr df_tk_isproc
d194 : 9006             [ 3] 	bcc df_tk_try_command
d196 : 202cd1           [ 6] 	jsr df_tk_parse_user_proc
d199 : 4cadd1           [ 3] 	jmp df_tk_done
d19c :                       df_tk_try_command
                             	; try  a keyword
d19c : 2036d1           [ 6] 	jsr df_tk_parse_command
d19f : b002             [ 3] 	bcs	df_tk_try_asm
d1a1 : 900a             [ 3] 	bcc df_tk_done
d1a3 :                       df_tk_try_asm
                             	; try an asm keyword
d1a3 : 200cf5           [ 6] 	jsr df_tk_asm_parse_command
d1a6 : 9005             [ 3] 	bcc df_tk_done
d1a8 :                       df_tk_try_assign
                             	; nothing but to try an assignment operation
d1a8 : 2043d6           [ 6] 	jsr df_tk_assign
d1ab : b020             [ 3] 	bcs	df_tk_parseerror
d1ad :                       df_tk_done
                             	; put statement index stuff here in case of mult
                             	; check for : and if present tokenise plus updat
                             	; then go back to try and process another statem
d1ad : 201cd1           [ 6] 	jsr df_tk_isEOS
d1b0 : b0c5             [ 3] 	bcs df_tk_body
                             	; if not at end of line, then must be error
d1b2 : 207bce           [ 6] 	jsr df_tk_peek_buf
d1b5 : c900             [ 2] 	cmp #0
d1b7 : d014             [ 3] 	bne df_tk_parseerror
                             	; this is the position of the next line
d1b9 : a5b3             [ 3] 	lda df_tokoff
                             	; put it in the last statement offset slot
d1bb : a4b5             [ 3] 	ldy df_nxtstidx
d1bd : 99800a           [ 5] 	sta df_tokbuff,y
                             	; Get line length
d1c0 : a4b3             [ 3] 	ldy df_tokoff
                             	; ensure there is always a zero after the last t
                             	; A is already zero
d1c2 : a900             [ 2] 	lda #0
d1c4 : 99800a           [ 5] 	sta df_tokbuff,y
                             	; save the line length
d1c7 : 98               [ 2] 	tya
d1c8 : 8d800a           [ 4] 	sta df_tokbuff
d1cb :                       df_tk_line_empty
d1cb : 18               [ 2] 	clc
d1cc : 60               [ 6] 	rts
d1cd :                       df_tk_parseerror
                             	SWBRK DFERR_SYNTAX
                             
                             
                             ;****************************************
                             ;* df_tk_parsestatement
                             ;* Execute parse routine for this statement
AS65 Assembler for R6502 [1.42].                                     Page   78
---------------------------------- bank1.s -----------------------------------

                             ;* Input: df_tokoff is the token found
                             ;* Return: CC = Parsed ok, CS = Error
                             ;****************************************
d1cf :                       df_tk_exec_parser
d1cf : 0a               [ 2] 	asl a
d1d0 : aa               [ 2] 	tax
d1d1 : bda5d4           [ 4] 	lda df_tk_tokenjmp,x
d1d4 : 85d7             [ 3] 	sta df_tmpptra
d1d6 : bda6d4           [ 4] 	lda df_tk_tokenjmp+1,x
d1d9 : 85d8             [ 3] 	sta df_tmpptra+1
d1db : 6cd700           [ 6] 	jmp (df_tmpptra)
                             
                             
                             ;****************************************
                             ;* df_tk_linenum
                             ;* Tokenise line number
                             ;****************************************
d1de :                       df_tk_linenum
                             	; Convert line number to 16 bit number
                             	; Save the line number
                             	; Increment the buffer pointer
d1de : 18               [ 2] 	clc
d1df : a900             [ 2] 	lda #lo(df_linbuff)
d1e1 : 65b2             [ 3] 	adc df_linoff
d1e3 : aa               [ 2] 	tax
d1e4 : a90a             [ 2] 	lda #hi(df_linbuff)
d1e6 : 6900             [ 2] 	adc #0
d1e8 : a001             [ 2] 	ldy #1			; Decimal format only
d1ea : 2017c9           [ 6] 	jsr con_n_to_a
d1ed : 18               [ 2] 	clc
d1ee : 8a               [ 2] 	txa
d1ef : 65b2             [ 3] 	adc df_linoff
d1f1 : 85b2             [ 3] 	sta df_linoff
                             	; Now save line number
d1f3 : a579             [ 3] 	lda num_a
d1f5 : 208cce           [ 6] 	jsr df_tk_put_tok
d1f8 : a57a             [ 3] 	lda num_a+1
d1fa : 4c8cce           [ 3] 	jmp df_tk_put_tok
                             
                             ;****************************************
                             ;* df_tk_matchtok
                             ;* Try and find a token match against the table d
                             ;* Input:
                             ;*			Current df_linbuff and df_linoff
                             ;* Return: 	CC = No Error, CS = Error
                             ;*			df_linoff points to next char if CC else unc
                             ;*			df_symoff is the symbol table index
                             ;****************************************
d1fd :                       df_tk_matchtok
                             	; save the mask to check types against
d1fd : 48               [ 3] 	pha
                             	; Start at token symbols beginning
d1fe : a97f             [ 2] 	lda #lo(df_tokensyms)
d200 : 85b7             [ 3] 	sta df_symtab
d202 : a9d2             [ 2] 	lda #hi(df_tokensyms)
d204 : 85b8             [ 3] 	sta df_symtab+1
d206 : a900             [ 2] 	lda #0
d208 : 85b9             [ 3] 	sta df_symoff
d20a :                       df_tk_checknexttok
                             	; check this token type first
d20a : 68               [ 4] 	pla
d20b : 48               [ 3] 	pha
AS65 Assembler for R6502 [1.42].                                     Page   79
---------------------------------- bank1.s -----------------------------------

d20c : a6b9             [ 3] 	ldx df_symoff
d20e : 3d9dd5           [ 4] 	and df_tk_tokentype,x
d211 : f032             [ 3] 	beq df_tk_symnomatch
                             	; Special check for operator token
                             	; because of order of precedence fudge
                             	; ******FIX THIS ONE DAY!!!!!!******
                             	; if parm and token type = DFTK_OP then ok
                             	; if parm and token type <> DFTK_OP then not ok
d213 : bd9dd5           [ 4] 	lda df_tk_tokentype,x
d216 : 2908             [ 2] 	and #DFTK_OP
d218 : f009             [ 3] 	beq df_tk_matchtok_skip_op
d21a : 68               [ 4] 	pla
d21b : 48               [ 3] 	pha
d21c : 2908             [ 2] 	and #DFTK_OP
d21e : 3d9dd5           [ 4] 	and df_tk_tokentype,x
d221 : f022             [ 3] 	beq df_tk_symnomatch
d223 :                       df_tk_matchtok_skip_op
                             	; From the line buffer current pointer
                             	; Check for a token match
d223 : a4b2             [ 3] 	ldy df_linoff
d225 : a200             [ 2] 	ldx #0
d227 :                       df_tk_checktokch
                             	; Get symtable char
                             	; and mask off MSB
d227 : a1b7             [ 6] 	lda (df_symtab,x)
                             	; Save the value and mask off MSB
d229 : 48               [ 3] 	pha
d22a : 297f             [ 2] 	and #0x7f
                             	; Compare with current line buffer char
d22c : d9000a           [ 4] 	cmp df_linbuff,y
                             	; If chars not match then this symbol fails
d22f : d013             [ 3] 	bne df_tk_symnomatchp
                             	; If match and symbol has MSB then
                             	; all of the symbol matched
d231 : 68               [ 4] 	pla
d232 : 3033             [ 3] 	bmi df_tk_symfound
                             	; else more chars to match
                             	; so increment line buffer pointers
                             	_incZPWord df_symtab
                             
d23a : c8               [ 2] 	iny
                             	; If buffer is '.' then let this be a match
d23b : b9000a           [ 4] 	lda df_linbuff,y
d23e : c92e             [ 2] 	cmp #'.'
d240 : f025             [ 3] 	beq df_tk_symfound
d242 : d0e3             [ 3] 	bne df_tk_checktokch	; branch always
d244 :                       df_tk_symnomatchp
d244 : 68               [ 4] 	pla
d245 :                       df_tk_symnomatch
                             	; Increment symbol counter to next symbol
d245 : e6b9             [ 5] 	inc df_symoff
d247 :                       df_tk_symnextentry
d247 : a200             [ 2] 	ldx #0
d249 : a1b7             [ 6] 	lda (df_symtab,x)
                             	; End of symbol is MSB
d24b : 3009             [ 3] 	bmi  df_tk_foundsymend
                             	_incZPWord df_symtab
                             
d253 : 4c47d2           [ 3] 	jmp df_tk_symnextentry
d256 :                       df_tk_foundsymend
                             	; Increment char to point to new symbol
                             	; for matching with line buffer
AS65 Assembler for R6502 [1.42].                                     Page   80
---------------------------------- bank1.s -----------------------------------

                             	_incZPWord df_symtab
                             
                             	; If next char is not zero then
                             	; try and match with line buffer
d25c : a1b7             [ 6] 	lda (df_symtab,x)
d25e : d0aa             [ 3] 	bne df_tk_checknexttok
                             	; else symbol table exhausted
                             	; so no match found
                             	; pop mask off stack
d260 : 68               [ 4] 	pla
                             	; Zero symbol counter
d261 : a900             [ 2] 	lda #0
d263 : 85b9             [ 3] 	sta df_symoff
                             	; Set C to indicate error (no match)
d265 : 38               [ 2] 	sec
d266 : 60               [ 6] 	rts
d267 :                       df_tk_symfound
                             	; Full match with keyword in symtable but
                             	; if matching with something that ended in alpha
                             	; then check the next buffer char is not alphanu
                             	; as this could be part of a variable name
                             	; Point to next buffer char in any case
d267 : c8               [ 2] 	iny
                             	; First mask off MSB
d268 : 297f             [ 2] 	and #0x7f
                             	; Then check if alpha
d26a : 20c4ce           [ 6] 	jsr df_tk_isalpha
                             	; if not alpha then we're definitely done
d26d : 9008             [ 3] 	bcc df_tk_symfound_final
                             	; else check buffer
d26f : b9000a           [ 4] 	lda df_linbuff,y
                             	; if it is an alphanum then
d272 : 20d1ce           [ 6] 	jsr df_tk_isalphanum
                             	; do not count as a match
d275 : b0ce             [ 3] 	bcs df_tk_symnomatch
d277 :                       df_tk_symfound_final
                             	; pop mask off stack
d277 : 68               [ 4] 	pla
                             	; Save line buffer pointer (points to next char)
                             	; Clear C to indicate success (match)
d278 : 84b2             [ 3] 	sty df_linoff
d27a : a5b9             [ 3] 	lda df_symoff
d27c : aa               [ 2] 	tax
d27d : 18               [ 2] 	clc
d27e : 60               [ 6] 	rts
                             
                             	include "dflat/tksymtab.s"
                             ;************************************************
                             ;*
                             ;*	BBC-128 HOMEBREW COMPUTER
                             ;*	Hardware and software design by @6502Nerd (Dol
                             ;*	Copyright 2014-20
                             ;*  Free to use for any non-commercial purpose su
                             ;*  appropriate credit of my authorship please!
                             ;*
                             ;*  TKSYMTAB.S
                             ;*  Runtime token jump table.
                             ;*  dflat uses four key tables to tokenise and ru
                             ;*  - df_tokensyms    - table of token symbols
                             ;*  - df_tk_tokentype - table of token types
                             ;*  - df_tk_tokenjmp  - table of tokenising routi
                             ;*  - df_rt_tokenjmp  - table of runtime routines
AS65 Assembler for R6502 [1.42].                                     Page   81
---------------------------------- bank1.s -----------------------------------

                             ;*  The key is the token symbols.  When a line is
                             ;*  in to the raw (untokenised) buffer, df_tokens
                             ;*  used to identify tokens.  The position of the
                             ;*  token is used to then look up type and jump v
                             ;*  in the other tables.
                             ;*
                             ;************************************************
                             
                             	; ROM code
                             	code  
                             
                             ; Statement Token table
                             ; keywords
d27f :                       df_tokensyms
d27f : 80                    	db	0x80						; Implicit numeric assign
d280 : 80                    	db	0x80						; Implicit call procedure
d281 : bb                    	db	";"+0x80					; Comment
d282 : 7072696e746cee        	db	"printl",'n'+0x80			; println exprlist
d289 : 7072696e7461f4        	db	"printa",'t'+0x80			; printat x,y,exprlist
d290 : 7072696ef4            	db	"prin",'t'+0x80				; print exprlist
d295 : 6465e6                	db	"de",'f'+0x80				; def_subname
d298 : 656e646465e6          	db	"endde",'f'+0x80			; enddef
d29e : 7265747572ee          	db	"retur",'n'+0x80			; return
d2a4 : 61626f72f4            	db	"abor",'t'+0x80				; abort
d2a9 : 6c6f6361ec            	db	"loca",'l'+0x80				; local varlist
d2ae : 6469ed                	db	"di",'m'+0x80				; dim varlist
d2b1 : 7265706561f4          	db	"repea",'t'+0x80			; repeat
d2b7 : 756e7469ec            	db	"unti", 'l'+0x80			; until condition
d2bc : 666ff2                	db	"fo",'r'+0x80				; for var=start,end,incremen
d2bf : 6e6578f4              	db	"nex",'t'+0x80				; next
d2c3 : 7768696ce5            	db	"whil",'e'+0x80				; while condition
d2c8 : 77656ee4              	db	"wen",'d'+0x80				; wend
d2cc : 69e6                  	db	"i",'f'+0x80				; if condition
d2ce : 656c73e5              	db	"els",'e'+0x80				; else
d2d2 : 656e6469e6            	db	"endi",'f'+0x80				; endif
d2d7 : 656c69e6              	db	"eli",'f'+0x80				; elif condition
d2db : 646174e1              	db	"dat",'a'+0x80				; data
d2df : ff                    	db	0xff						; assembler command (non standard p
d2e0 : 7275ee                	db	"ru",'n'+0x80				; run
d2e3 : 6c6973f4              	db	"lis",'t'+0x80				; list _proc-|*|line,line
d2e7 : 696e7075f4            	db	"inpu",'t'+0x80				; input var
d2ec : 6d6f64e5              	db	"mod",'e'+0x80				; mode n
d2f0 : 706c6ff4              	db	"plo",'t'+0x80				; plot x,y,char|string
d2f4 : 637572736ff2          	db	"curso",'r'+0x80			; cursor n
d2fa : 636cf3                	db	"cl",'s'+0x80				; cls
d2fd : 76706f6be5            	db	"vpok",'e'+0x80				; vpoke addr,val
d302 : 7365747664f0          	db	"setvd",'p'+0x80			; setvdp reg,val
d308 : 636f6c6f75f2          	db	"colou",'r'+0x80			; colour reg,val
d30e : 73707269746570..      	db	"spritepa",'t'+0x80			; spritepat patnum,arra
d317 : 73707269746570..      	db	"spritepo",'s'+0x80			; spritepos sprnum,x,y
d320 : 73707269746563..      	db	"spriteco",'l'+0x80			; spritecol sprnum,col
d329 : 7370726974656e..      	db	"spritenm",'e'+0x80			; spritenme sprnum,patn
d332 : 7370726974e5          	db	"sprit",'e'+0x80			; sprite n,x,y,p,c
d338 : 706f6be5              	db	"pok",'e'+0x80				; poke a,v
d33c : 646f6be5              	db	"dok",'e'+0x80				; doke a,v
d340 : 736f756ee4            	db	"soun",'d'+0x80				; sound
d345 : 6d757369e3            	db	"musi",'c'+0x80				; music
d34a : 706c61f9              	db	"pla",'y'+0x80				; play
d34e : 736176e5              	db	"sav",'e'+0x80				; save
d352 : 6c6f61e4              	db	"loa",'d'+0x80				; load
d356 : 6469f2                	db	"di",'r'+0x80				; dir (compact listing)
d359 : 646972ec              	db	"dir",'l'+0x80				; dirl (long listing)
AS65 Assembler for R6502 [1.42].                                     Page   82
---------------------------------- bank1.s -----------------------------------

d35d : 6465ec                	db 	"de",'l'+0x80				; del
d360 : 726561e4              	db	"rea",'d'+0x80				; read
d364 : 6e65f7                	db	"ne",'w'+0x80				; new
d367 : 72656e75ed            	db	"renu",'m'+0x80				; renum start,offset,incre
d36c : 776169f4              	db	"wai",'t'+0x80				; wait delay
d370 : 72657365f4            	db	"rese",'t'+0x80				; reset var
d375 : 68697265f3            	db	"hire",'s'+0x80				; hires col
d37a : 706f696ef4            	db	"poin",'t'+0x80				; point x,y,mode
d37f : 6c696ee5              	db	"lin",'e'+0x80				; line x0,y0,x1,y1
d383 : 68706c6ff4            	db	"hplo",'t'+0x80				; hplot x,y,char|string
d388 : 7069786d6f64e5        	db	"pixmod",'e'+0x80			; pixmode n
d38f : 7069786d6173eb        	db	"pixmas",'k'+0x80			; pixmask n
d396 : 706978636fec          	db	"pixco",'l'+0x80			; pixcol n
d39c : 626ff8                	db	"bo",'x'+0x80				; box x0,y0,x1,y1
d39f : 636972636ce5          	db	"circl",'e'+0x80			; circle x0,y0,r
d3a5 : 73686170e5            	db	"shap",'e'+0x80				; shape x,y,coords[]
d3aa : 766c6f61e4            	db	"vloa",'d'+0x80				; vload addr,filename
d3af : 626c6f61e4            	db	"bloa",'d'+0x80				; bload mem,hdr,addr,filen
d3b4 : 636c6f61e4            	db	"cloa",'d'+0x80				; cload addr,filename
d3b9 : 62736176e5            	db	"bsav",'e'+0x80				; bsave mem,hdr,addr,len,f
d3be : 68696d65ed            	db	"hime",'m'+0x80				; himem addr
d3c3 : 6d6f6e69746ff2        	db	"monito",'r'+0x80			; monitor
d3ca : 63686469f2            	db	"chdi",'r'+0x80				; chdir fname
d3cf : 6d6b6469f2            	db	"mkdi",'r'+0x80				; mkdir fname
d3d4 : 6461746574696de5      	db	"datetim",'e'+0x80			; datetime string output
d3dc : 6e76706f6be5          	db	"nvpok",'e'+0x80			; NV poke addr,val
d3e2 : 666f6ef4              	db	"fon",'t'+0x80				; font <font file>
d3e6 : 6465766963e5          	db	"devic",'e'+0x80			; device <devnum>
d3ec : 66636c6f73e5          	db	"fclos",'e'+0x80			; fclose
d3f2 : 72656469ed            	db	"redi",'m'+0x80				; redim varlist
d3f7 : 7075f4                	db  "pu",'t'+0x80				; put byte 
d3fa : 70746c6f61e4          	db	"ptloa",'d'+0x80			; ptload addr,filename
d400 : 7074696e69f4          	db	"ptini",'t'+0x80			; ptinit addr 
d406 : 70747275ee            	db	"ptru",'n'+0x80				; ptrun flag 
                             ; Functions
d40b : 767065656ba8          	db	"vpeek",'('+0x80			; vpeek(x)
d411 : 7065656ba8            	db	"peek",'('+0x80				; peek(x)
d416 : 6465656ba8            	db	"deek",'('+0x80				; deek(x)
d41b : 737469636ba8          	db	"stick",'('+0x80			; stick(x)
d421 : 6b6579a8              	db	"key",'('+0x80				; key(x)
d425 : 636872a8              	db	"chr",'('+0x80				; chr(x)
d429 : 6c656674a8            	db	"left",'('+0x80				; left(x$,y)
d42e : 7269676874a8          	db	"right",'('+0x80			; right(x$,y)
d434 : 6d6964a8              	db	"mid",'('+0x80				; mid(x$,y)
d438 : 6c656ea8              	db	"len",'('+0x80				; len(x$)
d43c : 6d656da8              	db	"mem",'('+0x80				; mem(x)
d440 : 7363726ea8            	db	"scrn",'('+0x80				; scrn(x,y)
d445 : 726e64a8              	db	"rnd",'('+0x80				; rnd(x)
d449 : 656c6170736564a8      	db	"elapsed",'('+0x80			; elapsed(var)
d451 : 63616c6ca8            	db	"call",'('+0x80				; call(addr,A,X,Y)
d456 : 686578a8              	db	"hex",'('+0x80				; hex(x)
d45a : 646563a8              	db	"dec","("+0x80				; dec(x)
d45e : 617363a8              	db	"asc",'('+0x80				; asc(x$)
d462 : 76616ca8              	db	"val",'('+0x80				; val(x$)
d466 : 706978656ca8          	db	"pixel",'('+0x80			; pixel(x,y)
d46c : 73676ea8              	db	"sgn",'('+0x80				; sgn(x)
d470 : 61646472a8            	db	"addr",'('+0x80				; addr(var)
d475 : 6e767065656ba8        	db  "nvpeek",'('+0x80			; nvpeek(addr)
d47c : 66637265617465a8      	db	"fcreate",'('+0x80			; success=fcreate(filena
d484 : 666f70656ea8          	db	"fopen",'('+0x80			; success=fopen(filename)
d48a : 676574a8              	db	"get",'('+0x80				; alias for key()
                             ; Numeric operators, in priority
AS65 Assembler for R6502 [1.42].                                     Page   83
---------------------------------- bank1.s -----------------------------------

d48e : aa                    	db	'*'+0x80					; Multiply
d48f : af                    	db 	'/'+0x80					; Divide
d490 : dc                    	db 	'\\'+0x80					; Modulus
d491 : 3cbc                  	db	'<','<'+0x80				; Shift left
d493 : 3ebe                  	db	'>','>'+0x80				; Shift right
d495 : ab                    	db 	'+'+0x80					; Add
d496 : ad                    	db	'-'+0x80					; Subtract
                             ; Bool and conditional operators, in priority
d497 : a6                    	db '&'+0x80						; AND
d498 : fc                    	db '|'+0x80						; OR
d499 : de                    	db '^'+0x80						; EOR
d49a : 3cbd                  	db "<",'='+0x80					; Less than or equal
d49c : 3ebd                  	db ">",'='+0x80					; Greater than or equal
d49e : 3cbe                  	db "<",'>'+0x80					; Not equal
d4a0 : bc                    	db '<'+0x80						; Less than
d4a1 : be                    	db '>'+0x80						; Greater than
d4a2 : 3dbd                  	db "=",'='+0x80					; Equality (always last)
                             
d4a4 : 00                    	db  0
                             
                             
                             	
                             	
                             	include "dflat/tkjmptab.s"
                             ;************************************************
                             ;*
                             ;*	DOLO-128 HOMEBREW COMPUTER
                             ;*	Hardware and software design by @6502Nerd (Dol
                             ;*	Copyright 2014-20
                             ;*  Free to use for any non-commercial purpose su
                             ;*  full credit of my authorship please!
                             ;*
                             ;*  TKJUMPTAB.S
                             ;*  Runtime token jump table.
                             ;*  dflat uses four key tables to tokenise and ru
                             ;*  - df_tokensyms    - table of token symbols
                             ;*  - df_tk_tokentype - table of token types
                             ;*  - df_tk_tokenjmp  - table of tokenising routi
                             ;*  - df_rt_tokenjmp  - table of runtime routines
                             ;*  The key is the token symbols.  When a line is
                             ;*  in to the raw (untokenised) buffer, df_tokens
                             ;*  used to identify tokens.  The position of the
                             ;*  token is used to then look up type and jump v
                             ;*  in the other tables.
                             ;*
                             ;************************************************
                             
                             	; ROM code
                             	code  
                             
                             ; Tokeniser jump table
                             ; In token order of df_tokensyms
d4a5 :                       df_tk_tokenjmp
d4a5 : 43d6                  	dw	df_tk_assign
d4a7 : 18d7                  	dw	df_tk_callproc
d4a9 : 4bd6                  	dw	df_tk_comment
d4ab : a8d6                  	dw	df_tk_println
d4ad : 9cd6                  	dw	df_tk_printat
d4af : a8d6                  	dw	df_tk_print
d4b1 : f0d6                  	dw	df_tk_def
d4b3 : 58d7                  	dw	df_tk_enddef
d4b5 : 5ad7                  	dw	df_tk_return
AS65 Assembler for R6502 [1.42].                                     Page   84
---------------------------------- bank1.s -----------------------------------

d4b7 : 58d7                  	dw	df_tk_abort
d4b9 : ded6                  	dw	df_tk_local
d4bb : cfd6                  	dw	df_tk_dim
d4bd : 58d7                  	dw	df_tk_repeat
d4bf : 5dd7                  	dw	df_tk_until
d4c1 : f6d6                  	dw	df_tk_for
d4c3 : 58d7                  	dw	df_tk_next
d4c5 : 5dd7                  	dw	df_tk_while
d4c7 : 58d7                  	dw	df_tk_wend
d4c9 : 5dd7                  	dw	df_tk_if
d4cb : 58d7                  	dw	df_tk_else
d4cd : 58d7                  	dw	df_tk_endif
d4cf : 5dd7                  	dw	df_tk_elseif
d4d1 : a8d6                  	dw	df_tk_data
d4d3 : b8f4                  	dw	df_trap_monitor
d4d5 : 58d7                  	dw	df_tk_run
d4d7 : 7ad6                  	dw	df_tk_list
d4d9 : b6d6                  	dw	df_tk_input
d4db : 5dd7                  	dw	df_tk_mode
d4dd : 6dd7                  	dw	df_tk_plot
d4df : 5dd7                  	dw	df_tk_cursor
d4e1 : 58d7                  	dw	df_tk_cls
d4e3 : 61d7                  	dw	df_tk_vpoke
d4e5 : 61d7                  	dw	df_tk_setvdp
d4e7 : 6dd7                  	dw	df_tk_colour
d4e9 : 61d7                  	dw	df_tk_spritepat
d4eb : 6dd7                  	dw	df_tk_spritepos
d4ed : 61d7                  	dw	df_tk_spritecol
d4ef : 61d7                  	dw	df_tk_spritenme
d4f1 : 85d7                  	dw	df_tk_sprite
d4f3 : 61d7                  	dw	df_tk_poke
d4f5 : 61d7                  	dw	df_tk_doke
d4f7 : 6dd7                  	dw	df_tk_sound
d4f9 : 79d7                  	dw	df_tk_music
d4fb : 79d7                  	dw	df_tk_play
d4fd : 5dd7                  	dw	df_tk_save
d4ff : 5dd7                  	dw	df_tk_load
d501 : 58d7                  	dw	df_tk_dir
d503 : 58d7                  	dw	df_tk_dirl
d505 : 5dd7                  	dw	df_tk_del
d507 : c0d6                  	dw	df_tk_read
d509 : 58d7                  	dw	df_tk_new
d50b : 6dd7                  	dw	df_tk_renum
d50d : 5dd7                  	dw	df_tk_wait
d50f : 1ad7                  	dw	df_tk_reset
d511 : 5dd7                  	dw	df_tk_hires
d513 : 61d7                  	dw	df_tk_point
d515 : 79d7                  	dw	df_tk_line
d517 : 6dd7                  	dw	df_tk_hplot
d519 : 5dd7                  	dw	df_tk_pixmode
d51b : 5dd7                  	dw	df_tk_pixmask
d51d : 5dd7                  	dw	df_tk_pixcol
d51f : 79d7                  	dw	df_tk_box
d521 : 6dd7                  	dw	df_tk_circle
d523 : 6dd7                  	dw	df_tk_shape
d525 : 61d7                  	dw	df_tk_vload
d527 : 79d7                  	dw	df_tk_bload
d529 : 61d7                  	dw	df_tk_cload
d52b : 85d7                  	dw	df_tk_bsave
d52d : 5dd7                  	dw	df_tk_himem
d52f : 58d7                  	dw	df_tk_monitor
d531 : 5dd7                  	dw	df_tk_chdir
AS65 Assembler for R6502 [1.42].                                     Page   85
---------------------------------- bank1.s -----------------------------------

d533 : 5dd7                  	dw	df_tk_mkdir
d535 : 23d7                  	dw	df_tk_datetime
d537 : 61d7                  	dw	df_tk_nvpoke
d539 : 5dd7                  	dw	df_tk_font
d53b : 5dd7                  	dw	df_tk_device
d53d : 58d7                  	dw	df_tk_fclose
d53f : cfd6                  	dw	df_tk_redim
d541 : 5dd7                  	dw  df_tk_put
d543 : 61d7                  	dw	df_tk_ptload
d545 : 61d7                  	dw	df_tk_ptinit
d547 : 5dd7                  	dw	df_tk_ptrun
                             
d549 : 2cd7                  	dw	df_tk_vpeek
d54b : 2cd7                  	dw	df_tk_peek
d54d : 2cd7                  	dw	df_tk_deek
d54f : 2cd7                  	dw	df_tk_stick
d551 : 2cd7                  	dw	df_tk_key
d553 : 2cd7                  	dw	df_tk_chr
d555 : 3ed7                  	dw	df_tk_left
d557 : 3ed7                  	dw	df_tk_right
d559 : 44d7                  	dw	df_tk_mid
d55b : 2cd7                  	dw	df_tk_len
d55d : 2cd7                  	dw	df_tk_mem
d55f : 3ed7                  	dw	df_tk_scrn
d561 : 2cd7                  	dw	df_tk_rnd
d563 : 35d7                  	dw	df_tk_elapsed
d565 : 4ad7                  	dw	df_tk_call
d567 : 2cd7                  	dw	df_tk_hex
d569 : 2cd7                  	dw	df_tk_dec
d56b : 2cd7                  	dw	df_tk_asc
d56d : 2cd7                  	dw	df_tk_val
d56f : 3ed7                  	dw	df_tk_pixel
d571 : 2cd7                  	dw	df_tk_sgn
d573 : 35d7                  	dw	df_tk_addr
d575 : 2cd7                  	dw	df_tk_nvpeek
d577 : 2cd7                  	dw	df_tk_fcreate
d579 : 2cd7                  	dw	df_tk_fopen
d57b : 2cd7                  	dw  df_tk_get
                             	
d57d : 58d7                  	dw	df_tk_mult
d57f : 58d7                  	dw	df_tk_div
d581 : 58d7                  	dw	df_tk_mod
d583 : 58d7                  	dw	df_tk_asl
d585 : 58d7                  	dw	df_tk_lsr
d587 : 58d7                  	dw	df_tk_add
d589 : 58d7                  	dw	df_tk_sub
                             	
d58b : 58d7                  	dw	df_tk_and
d58d : 58d7                  	dw	df_tk_or
d58f : 58d7                  	dw	df_tk_eor
d591 : 58d7                  	dw	df_tk_lte
d593 : 58d7                  	dw	df_tk_gte
d595 : 58d7                  	dw	df_tk_ne
d597 : 58d7                  	dw	df_tk_lt
d599 : 58d7                  	dw	df_tk_gt
d59b : 58d7                  	dw	df_tk_eq
                             
                             	
                             	
                             	
                             	
                             	
AS65 Assembler for R6502 [1.42].                                     Page   86
---------------------------------- bank1.s -----------------------------------

                             	include "dflat/tktyptab.s"
                             ;************************************************
                             ;*
                             ;*	BBC-128 HOMEBREW COMPUTER
                             ;*	Hardware and software design by @6502Nerd (Dol
                             ;*	Copyright 2014-20
                             ;*  Free to use for any non-commercial purpose su
                             ;*  appropriate credit of my authorship please!
                             ;*
                             ;*  RTJUMPTAB.S
                             ;*  Runtime token jump table.
                             ;*  dflat uses four key tables to tokenise and ru
                             ;*  - df_tokensyms    - table of token symbols
                             ;*  - df_tk_tokentype - table of token types
                             ;*  - df_tk_tokenjmp  - table of tokenising routi
                             ;*  - df_rt_tokenjmp  - table of runtime routines
                             ;*  The key is the token symbols.  When a line is
                             ;*  in to the raw (untokenised) buffer, df_tokens
                             ;*  used to identify tokens.  The position of the
                             ;*  token is used to then look up type and jump v
                             ;*  in the other tables.
                             ;*
                             ;************************************************
                             
                             	; ROM code
                             	code  
                             
                             ; Tokeniser type table (is it a keyword, function
                             ; In token order of df_tokensyms
d59d :                       df_tk_tokentype
d59d : 01                    	db	DFTK_KW
d59e : 01                    	db	DFTK_KW
d59f : 01                    	db	DFTK_KW
d5a0 : 01                    	db	DFTK_KW
d5a1 : 01                    	db	DFTK_KW
d5a2 : 01                    	db	DFTK_KW
d5a3 : 01                    	db	DFTK_KW
d5a4 : 01                    	db	DFTK_KW
d5a5 : 01                    	db	DFTK_KW
d5a6 : 01                    	db	DFTK_KW
d5a7 : 01                    	db	DFTK_KW
d5a8 : 01                    	db	DFTK_KW
d5a9 : 01                    	db	DFTK_KW
d5aa : 01                    	db	DFTK_KW
d5ab : 01                    	db	DFTK_KW
d5ac : 01                    	db	DFTK_KW
d5ad : 01                    	db	DFTK_KW
d5ae : 01                    	db	DFTK_KW
d5af : 01                    	db	DFTK_KW
d5b0 : 01                    	db	DFTK_KW
d5b1 : 01                    	db	DFTK_KW
d5b2 : 01                    	db	DFTK_KW
d5b3 : 01                    	db	DFTK_KW
d5b4 : 01                    	db	DFTK_KW
d5b5 : 01                    	db	DFTK_KW
d5b6 : 01                    	db	DFTK_KW
d5b7 : 01                    	db	DFTK_KW
d5b8 : 01                    	db	DFTK_KW
d5b9 : 01                    	db	DFTK_KW
d5ba : 01                    	db	DFTK_KW
d5bb : 01                    	db	DFTK_KW
d5bc : 01                    	db	DFTK_KW
AS65 Assembler for R6502 [1.42].                                     Page   87
---------------------------------- bank1.s -----------------------------------

d5bd : 01                    	db	DFTK_KW
d5be : 01                    	db	DFTK_KW
d5bf : 01                    	db	DFTK_KW
d5c0 : 01                    	db	DFTK_KW
d5c1 : 01                    	db	DFTK_KW
d5c2 : 01                    	db	DFTK_KW
d5c3 : 01                    	db	DFTK_KW
d5c4 : 01                    	db	DFTK_KW
d5c5 : 01                    	db	DFTK_KW
d5c6 : 01                    	db	DFTK_KW
d5c7 : 01                    	db	DFTK_KW
d5c8 : 01                    	db	DFTK_KW
d5c9 : 01                    	db	DFTK_KW
d5ca : 01                    	db	DFTK_KW
d5cb : 01                    	db	DFTK_KW
d5cc : 01                    	db	DFTK_KW
d5cd : 01                    	db	DFTK_KW
d5ce : 01                    	db	DFTK_KW
d5cf : 01                    	db	DFTK_KW
d5d0 : 01                    	db	DFTK_KW
d5d1 : 01                    	db	DFTK_KW
d5d2 : 01                    	db	DFTK_KW
d5d3 : 01                    	db	DFTK_KW
d5d4 : 01                    	db	DFTK_KW
d5d5 : 01                    	db	DFTK_KW
d5d6 : 01                    	db	DFTK_KW
d5d7 : 01                    	db	DFTK_KW
d5d8 : 01                    	db	DFTK_KW
d5d9 : 01                    	db	DFTK_KW
d5da : 01                    	db	DFTK_KW
d5db : 01                    	db	DFTK_KW
d5dc : 01                    	db	DFTK_KW
d5dd : 01                    	db	DFTK_KW
d5de : 01                    	db	DFTK_KW
d5df : 01                    	db	DFTK_KW
d5e0 : 01                    	db	DFTK_KW
d5e1 : 01                    	db	DFTK_KW
d5e2 : 01                    	db	DFTK_KW
d5e3 : 01                    	db	DFTK_KW
d5e4 : 01                    	db	DFTK_KW
d5e5 : 01                    	db	DFTK_KW
d5e6 : 01                    	db	DFTK_KW
d5e7 : 01                    	db	DFTK_KW
d5e8 : 01                    	db	DFTK_KW
d5e9 : 01                    	db	DFTK_KW
d5ea : 01                    	db	DFTK_KW
d5eb : 01                    	db	DFTK_KW
d5ec : 01                    	db	DFTK_KW
d5ed : 01                    	db	DFTK_KW
d5ee : 01                    	db	DFTK_KW
                             
d5ef : 32                    	db 	DFTK_FN | DFTK_INT | DFTK_BYT
d5f0 : 32                    	db 	DFTK_FN | DFTK_INT | DFTK_BYT
d5f1 : 32                    	db 	DFTK_FN | DFTK_INT | DFTK_BYT
d5f2 : 32                    	db 	DFTK_FN | DFTK_INT | DFTK_BYT
d5f3 : 32                    	db 	DFTK_FN | DFTK_INT | DFTK_BYT
d5f4 : 42                    	db 	DFTK_FN | DFTK_STR
d5f5 : 42                    	db 	DFTK_FN | DFTK_STR
d5f6 : 42                    	db 	DFTK_FN | DFTK_STR
d5f7 : 42                    	db 	DFTK_FN | DFTK_STR
d5f8 : 32                    	db 	DFTK_FN | DFTK_INT | DFTK_BYT
d5f9 : 32                    	db 	DFTK_FN | DFTK_INT | DFTK_BYT
AS65 Assembler for R6502 [1.42].                                     Page   88
---------------------------------- bank1.s -----------------------------------

d5fa : 32                    	db 	DFTK_FN | DFTK_INT | DFTK_BYT
d5fb : 32                    	db 	DFTK_FN | DFTK_INT | DFTK_BYT
d5fc : 32                    	db 	DFTK_FN | DFTK_INT | DFTK_BYT
d5fd : 32                    	db 	DFTK_FN | DFTK_INT | DFTK_BYT
d5fe : 42                    	db 	DFTK_FN | DFTK_STR
d5ff : 42                    	db 	DFTK_FN | DFTK_STR
d600 : 32                    	db 	DFTK_FN | DFTK_INT | DFTK_BYT
d601 : 32                    	db 	DFTK_FN | DFTK_INT | DFTK_BYT
d602 : 32                    	db 	DFTK_FN | DFTK_INT | DFTK_BYT
d603 : 32                    	db 	DFTK_FN | DFTK_INT | DFTK_BYT
d604 : 32                    	db 	DFTK_FN | DFTK_INT | DFTK_BYT
d605 : 32                    	db 	DFTK_FN | DFTK_INT | DFTK_BYT
d606 : 32                    	db 	DFTK_FN | DFTK_INT | DFTK_BYT
d607 : 32                    	db 	DFTK_FN | DFTK_INT | DFTK_BYT
d608 : 32                    	db 	DFTK_FN | DFTK_INT | DFTK_BYT
                             	;* Operators add the order of precedence (0=high
d609 : 38                    	db 	DFTK_OP | DFTK_INT | DFTK_BYT + 0
d60a : 38                    	db 	DFTK_OP | DFTK_INT | DFTK_BYT + 0
d60b : 38                    	db 	DFTK_OP | DFTK_INT | DFTK_BYT + 0
d60c : 39                    	db 	DFTK_OP | DFTK_INT | DFTK_BYT + 1
d60d : 39                    	db 	DFTK_OP | DFTK_INT | DFTK_BYT + 1
d60e : 3e                    	db 	DFTK_OP | DFTK_STROP | DFTK_INT | DFTK_BYT +
d60f : 3a                    	db 	DFTK_OP | DFTK_INT | DFTK_BYT + 2
                             
d610 : 3d                    	db 	DFTK_OP | DFTK_INT | DFTK_BYT + 5
d611 : 3d                    	db 	DFTK_OP | DFTK_INT | DFTK_BYT + 5
d612 : 3d                    	db 	DFTK_OP | DFTK_INT | DFTK_BYT + 5
d613 : 3c                    	db 	DFTK_OP | DFTK_INT | DFTK_BYT + 4
d614 : 3c                    	db 	DFTK_OP | DFTK_INT | DFTK_BYT + 4
d615 : 3c                    	db 	DFTK_OP | DFTK_INT | DFTK_BYT + 4
d616 : 3c                    	db 	DFTK_OP | DFTK_INT | DFTK_BYT + 4
d617 : 3c                    	db 	DFTK_OP | DFTK_INT | DFTK_BYT + 4
d618 : 3f                    	db 	DFTK_OP | DFTK_INT | DFTK_BYT + 7
                             
                             
                             	
                             	
                             	
                             	
                             
                             	include "dflat/toksubs.s"
                             ;************************************************
                             ;*
                             ;*	DOLO-1 HOMEBREW COMPUTER
                             ;*	Hardware and software design by Dolo Miah
                             ;*	Copyright 2014-18
                             ;*  Free to use for any non-commercial purpose su
                             ;*  full credit of original my authorship please!
                             ;*
                             ;*  TOKSUBS.S
                             ;*  Module that implements the tokenisation of ke
                             ;*  When a line is being parsed, the index of the
                             ;*  found in the symbol table is used to call a r
                             ;*  here.  The job of a routine here is then to f
                             ;*  parse the raw input e.g. a command that takes
                             ;*  parameters, need to do what it needs to ident
                             ;*  Despite the number of keywords in dflat, this
                             ;*  anywhere near the size of rtsubs.s (the runti
                             ;*  equivalent of this) because there is so much 
                             ;*  synactically.
                             ;*  The tokenised output is put in to its own buf
                             ;*  if the whole input was tokenised successfully
AS65 Assembler for R6502 [1.42].                                     Page   89
---------------------------------- bank1.s -----------------------------------

                             ;*  dflat will either try and execute (if in imme
                             ;*  mode), or save it to program memory in line n
                             ;*  order.
                             ;*
                             ;************************************************
                             
                             	; ROM code
                             	code  
                             
                             
                             ;* General routine to tokenise a mandatory variab
d619 :                       df_tk_variable
d619 : 20ddce           [ 6] 	jsr df_tk_skip_ws
                             	; tokenise a variable
d61c : 207bce           [ 6] 	jsr df_tk_peek_buf
d61f : 20c4ce           [ 6] 	jsr df_tk_isalpha
d622 : 901d             [ 3] 	bcc df_tk_error
d624 : a900             [ 2] 	lda #0
d626 : 60               [ 6] 	rts
                             
                             ;****************************************
                             ;* Parse assignment preamble
                             ;****************************************
d627 :                       df_tk_preassign
                             	; Put assignment token
                             	; assume its a numeric int for now
d627 : a980             [ 2] 	lda #0x80
d629 : 208cce           [ 6] 	jsr df_tk_put_tok
                             	
                             	; first find or create a variable
d62c : 2019d6           [ 6] 	jsr df_tk_variable
d62f : 20c3cf           [ 6] 	jsr df_tk_var
                             	; next char sound be =
d632 : a93d             [ 2] 	lda #'='
d634 : 2018cf           [ 6] 	jsr df_tk_expect_tok_err
                             	; skip more ws
d637 : 20ddce           [ 6] 	jsr df_tk_skip_ws
                             	; should not be at end of line
d63a : 207bce           [ 6] 	jsr df_tk_peek_buf
d63d : f002             [ 3] 	beq df_tk_parse_ass_err
d63f : 18               [ 2] 	clc
d640 : 60               [ 6] 	rts
d641 :                       df_tk_parse_ass_err
d641 :                       df_tk_error
                             	SWBRK DFERR_SYNTAX
                             
                             
                             ;****************************************
                             ;* Parse numeric assignment
                             ;****************************************
d643 :                       df_tk_assign
d643 : 2027d6           [ 6] 	jsr df_tk_preassign
                             	; tokenise an expression (int or byte)
d646 : 200ad1           [ 6] 	jsr df_tk_expression
d649 : 18               [ 2] 	clc
d64a : 60               [ 6] 	rts
                             
                             
d64b :                       df_tk_comment
                             	; copy all subsequent chars to token
d64b : 2081ce           [ 6] 	jsr df_tk_get_buf
d64e : f005             [ 3] 	beq df_tk_comment_done
AS65 Assembler for R6502 [1.42].                                     Page   90
---------------------------------- bank1.s -----------------------------------

d650 : 208cce           [ 6] 	jsr df_tk_put_tok
d653 : 80f6             [ 3] 	bra df_tk_comment
d655 :                       df_tk_comment_done
d655 : 18               [ 2] 	clc
d656 : 60               [ 6] 	rts
                             
                             ; Utility to get procedure name with _
d657 :                       df_tk_listp_procname
                             	; try and find the first proc
d657 : a95f             [ 2] 	lda #'_'
d659 : 200dcf           [ 6] 	jsr df_tk_expect_tok
d65c : b01a             [ 3] 	bcs df_tk_listp_procname_err
                             	; now get first alpha then all alphanum
d65e : 207bce           [ 6] 	jsr df_tk_peek_buf
d661 : 20c4ce           [ 6] 	jsr df_tk_isalpha
d664 : 9012             [ 3] 	bcc df_tk_listp_procname_err
d666 :                       df_tk_listp_procname_ch
d666 : 207bce           [ 6] 	jsr df_tk_peek_buf
d669 : 20d1ce           [ 6] 	jsr df_tk_isalphanum
d66c : 9008             [ 3] 	bcc df_tk_listp_procname_ok
d66e : 2081ce           [ 6] 	jsr df_tk_get_buf
d671 : 208cce           [ 6] 	jsr df_tk_put_tok
d674 : 80f0             [ 3] 	bra df_tk_listp_procname_ch
d676 :                       df_tk_listp_procname_ok
d676 : 18               [ 2] 	clc
d677 : 60               [ 6] 	rts
d678 :                       df_tk_listp_procname_err
d678 : 38               [ 2] 	sec
d679 : 60               [ 6] 	rts
                             
d67a :                       df_tk_list
d67a : 2057d6           [ 6] 	jsr df_tk_listp_procname
                             	; if not found try '*' or normal list
d67d : b007             [ 3] 	bcs df_tk_list_procs
                             	; the '-' allows to list to end
d67f : a92d             [ 2] 	lda #'-'
                             	; find and add if it exists
d681 : 200dcf           [ 6] 	jsr df_tk_expect_tok
d684 : 8014             [ 3] 	bra df_tk_list_done
                             	; '*' means list procs
d686 :                       df_tk_list_procs
                             	; try and find the first proc
d686 : a92a             [ 2] 	lda #'*'
d688 : 200dcf           [ 6] 	jsr df_tk_expect_tok
d68b : 900d             [ 3] 	bcc df_tk_list_done
                             	; else normal line number
d68d :                       df_tk_list_line
                             	; tokenise an expression
d68d : 200ad1           [ 6] 	jsr df_tk_expression
                             	; if not at the end then keep going
d690 : a92c             [ 2] 	lda #','
d692 : 200dcf           [ 6] 	jsr df_tk_expect_tok
d695 : b003             [ 3] 	bcs df_tk_list_done
                             	; else get the next expression
d697 : 200ad1           [ 6] 	jsr df_tk_expression	
d69a :                       df_tk_list_done
d69a : 18               [ 2] 	clc
d69b : 60               [ 6] 	rts
                             
d69c :                       df_tk_printat
                             	; Must get 2 parms for x,y
d69c : 2061d7           [ 6] 	jsr df_tk_2parms
AS65 Assembler for R6502 [1.42].                                     Page   91
---------------------------------- bank1.s -----------------------------------

                             	; if not at the end then keep going
d69f : a92c             [ 2] 	lda #','
d6a1 : 200dcf           [ 6] 	jsr df_tk_expect_tok
d6a4 : 9002             [ 3] 	bcc df_tk_print
                             	; else done
d6a6 : 18               [ 2] 	clc
d6a7 : 60               [ 6] 	rts
d6a8 :                       df_tk_data
d6a8 :                       df_tk_println
d6a8 :                       df_tk_print
d6a8 :                       df_tk_asm_db
d6a8 :                       df_tk_asm_dw
                             	; tokenise an expression
d6a8 : 200ad1           [ 6] 	jsr df_tk_expression
                             	; is there more to come?
d6ab : a92c             [ 2] 	lda #','
d6ad : 200dcf           [ 6] 	jsr df_tk_expect_tok
d6b0 : b002             [ 3] 	bcs df_tk_print_done
d6b2 : 80f4             [ 3] 	bra df_tk_print
d6b4 :                       df_tk_print_done
d6b4 : 18               [ 2] 	clc
d6b5 : 60               [ 6] 	rts
                             
d6b6 :                       df_tk_input
d6b6 : 20ddce           [ 6] 	jsr df_tk_skip_ws
                             	; tokenise a variable
d6b9 : 2019d6           [ 6] 	jsr df_tk_variable
d6bc : 20c3cf           [ 6] 	jsr df_tk_var
                             	; either cc or cs depending on error condition
d6bf : 60               [ 6] 	rts
                             	
d6c0 :                       df_tk_read
                             	; tokenise a variable
d6c0 : 2019d6           [ 6] 	jsr df_tk_variable
d6c3 : 20c3cf           [ 6] 	jsr df_tk_var
                             	; if not at the end then keep going
d6c6 : a92c             [ 2] 	lda #','
d6c8 : 200dcf           [ 6] 	jsr df_tk_expect_tok
d6cb : 90f3             [ 3] 	bcc df_tk_read
d6cd : 18               [ 2] 	clc
d6ce : 60               [ 6] 	rts
                             
d6cf :                       df_tk_dim
d6cf :                       df_tk_redim
                             	; tokenise a variable
d6cf : 2019d6           [ 6] 	jsr df_tk_variable
d6d2 : 200bd0           [ 6] 	jsr df_tk_arrvar
                             	; if not at the end then keep going
d6d5 : a92c             [ 2] 	lda #','
d6d7 : 200dcf           [ 6] 	jsr df_tk_expect_tok
d6da : 90f3             [ 3] 	bcc df_tk_dim
d6dc : 18               [ 2] 	clc
d6dd : 60               [ 6] 	rts
                             
d6de :                       df_tk_local
d6de : 20ddce           [ 6] 	jsr df_tk_skip_ws
                             	; tokenise a variable
d6e1 : 2019d6           [ 6] 	jsr df_tk_variable
d6e4 : 20f5cf           [ 6] 	jsr df_tk_localvar
                             	; if not at the end then keep going
d6e7 : a92c             [ 2] 	lda #','
d6e9 : 200dcf           [ 6] 	jsr df_tk_expect_tok
AS65 Assembler for R6502 [1.42].                                     Page   92
---------------------------------- bank1.s -----------------------------------

d6ec : 90f0             [ 3] 	bcc df_tk_local
d6ee : 18               [ 2] 	clc
d6ef : 60               [ 6] 	rts
                             
                             ; A = 0 : Def
                             ; A = 1 : Call
d6f0 :                       df_tk_def
d6f0 : a900             [ 2] 	lda #0
d6f2 : 2016d0           [ 6] 	jsr df_tk_proc
d6f5 : 60               [ 6] 	rts
                             
                             
                             ; syntax : for %a=1,10,1
d6f6 :                       df_tk_for
d6f6 : 20ddce           [ 6] 	jsr df_tk_skip_ws
                             
                             	; tokenise the for variable
d6f9 : a901             [ 2] 	lda #DFVVT_INT
d6fb : 20c3cf           [ 6] 	jsr df_tk_var
                             
                             	; always expect '='
d6fe : a93d             [ 2] 	lda #'='
d700 : 2018cf           [ 6] 	jsr df_tk_expect_tok_err
                             
                             	; starting value
d703 : 200ad1           [ 6] 	jsr df_tk_expression
                             	
                             	; always expect ',' separator
d706 : a92c             [ 2] 	lda #','
d708 : 2018cf           [ 6] 	jsr df_tk_expect_tok_err
                             
                             	; ending value
d70b : 200ad1           [ 6] 	jsr df_tk_expression
                             	
                             	; always expect ',' separator
d70e : a92c             [ 2] 	lda #','
d710 : 2018cf           [ 6] 	jsr df_tk_expect_tok_err
                             	
                             	; step value
d713 : 200ad1           [ 6] 	jsr df_tk_expression
d716 :                       df_tk_for_done
d716 : 18               [ 2] 	clc
d717 : 60               [ 6] 	rts
                             	
                             ; call to proc should not occur by itself
d718 :                       df_tk_callproc
d718 : 38               [ 2] 	sec
d719 : 60               [ 6] 	rts
                             
                             ; timer reset expects an int variable only
d71a :                       df_tk_reset
d71a : 20ddce           [ 6] 	jsr df_tk_skip_ws
                             
                             	; tokenise a variable
d71d : a901             [ 2] 	lda #DFVVT_INT
d71f : 20c3cf           [ 6] 	jsr df_tk_var
d722 : 60               [ 6] 	rts
                             
                             ; date time expects a string variable only
d723 :                       df_tk_datetime
d723 : 20ddce           [ 6] 	jsr df_tk_skip_ws
                             
AS65 Assembler for R6502 [1.42].                                     Page   93
---------------------------------- bank1.s -----------------------------------

                             	; tokenise a variable
d726 : a904             [ 2] 	lda #DFVVT_STR
d728 : 20c3cf           [ 6] 	jsr df_tk_var
d72b : 60               [ 6] 	rts
                             
                             ; These functions expect 1 parmeter
d72c :                       df_tk_len
d72c :                       df_tk_chr
d72c :                       df_tk_key
d72c :                       df_tk_get
d72c :                       df_tk_stick
d72c :                       df_tk_deek
d72c :                       df_tk_vpeek
d72c :                       df_tk_peek
d72c :                       df_tk_nvpeek
d72c :                       df_tk_mem
d72c :                       df_tk_rnd
d72c :                       df_tk_hex
d72c :                       df_tk_dec
d72c :                       df_tk_asc
d72c :                       df_tk_val
d72c :                       df_tk_sgn
d72c :                       df_tk_fcreate
d72c :                       df_tk_fopen
d72c : 200ad1           [ 6] 	jsr df_tk_expression
d72f :                       df_tk_closebrkt
d72f : a929             [ 2] 	lda #')'
d731 : 2018cf           [ 6] 	jsr df_tk_expect_tok_err
d734 : 60               [ 6] 	rts
                             
                             ; This function expects a variable only
d735 :                       df_tk_addr
d735 :                       df_tk_elapsed
d735 : 2019d6           [ 6] 	jsr df_tk_variable
d738 : 20c3cf           [ 6] 	jsr df_tk_var
                             	; must have close braket
d73b : 4c2fd7           [ 3] 	jmp df_tk_closebrkt
                             
                             ; These functions expect 2 parameters
d73e :                       df_tk_left
d73e :                       df_tk_right
d73e :                       df_tk_scrn
d73e :                       df_tk_pixel
d73e : 2061d7           [ 6] 	jsr df_tk_2parms
d741 : 4c2fd7           [ 3] 	jmp df_tk_closebrkt
                             
                             ; These functions expect 3 parameters
d744 :                       df_tk_mid
d744 : 206dd7           [ 6] 	jsr df_tk_3parms
d747 : 4c2fd7           [ 3] 	jmp df_tk_closebrkt
                             
                             ; These functions expect 4 parameters
d74a :                       df_tk_call
d74a : 2061d7           [ 6] 	jsr df_tk_2parms
d74d : a92c             [ 2] 	lda #','
d74f : 2018cf           [ 6] 	jsr df_tk_expect_tok_err
d752 : 2061d7           [ 6] 	jsr df_tk_2parms
d755 : 4c2fd7           [ 3] 	jmp df_tk_closebrkt
                             
                             ;all these commands require no parameters
d758 :                       df_tk_else
d758 :                       df_tk_endif
AS65 Assembler for R6502 [1.42].                                     Page   94
---------------------------------- bank1.s -----------------------------------

d758 :                       df_tk_enddef
d758 :                       df_tk_abort
d758 :                       df_tk_repeat
d758 :                       df_tk_next
d758 :                       df_tk_wend
d758 :                       df_tk_run
d758 :                       df_tk_add
d758 :                       df_tk_sadd
d758 :                       df_tk_dir
d758 :                       df_tk_dirl
d758 :                       df_tk_cls
d758 :                       df_tk_new
d758 :                       df_tk_mult
d758 :                       df_tk_div
d758 :                       df_tk_mod
d758 :                       df_tk_asl
d758 :                       df_tk_lsr
d758 :                       df_tk_sub
d758 :                       df_tk_and
d758 :                       df_tk_or
d758 :                       df_tk_eor
d758 :                       df_tk_lte
d758 :                       df_tk_lt
d758 :                       df_tk_gte
d758 :                       df_tk_gt
d758 :                       df_tk_ne
d758 :                       df_tk_eq
d758 :                       df_tk_monitor
d758 :                       df_tk_fclose
                             ;df_tk_retsub
d758 : 18               [ 2] 	clc
d759 : 60               [ 6] 	rts
                             
                             ; 0 or 1 parameter special!
d75a :                       df_tk_return
d75a : 4c0ad1           [ 3] 	jmp df_tk_expression
                             
                             ; These commands expect 1 parameter	
d75d :                       df_tk_while
d75d :                       df_tk_until
d75d :                       df_tk_if
d75d :                       df_tk_elseif
d75d :                       df_tk_wait
d75d :                       df_tk_cursor
d75d :                       df_tk_mode
d75d :                       df_tk_del
d75d :                       df_tk_chdir
d75d :                       df_tk_mkdir
d75d :                       df_tk_hires
d75d :                       df_tk_load
d75d :                       df_tk_save
d75d :                       df_tk_pixmode
d75d :                       df_tk_pixmask
d75d :                       df_tk_pixcol
d75d :                       df_tk_put
d75d :                       df_tk_himem
d75d :                       df_tk_font
d75d :                       df_tk_device
d75d :                       df_tk_ptrun
                             ;df_tk_goto
                             ;df_tk_gosub
                             
AS65 Assembler for R6502 [1.42].                                     Page   95
---------------------------------- bank1.s -----------------------------------

d75d :                       df_tk_asm_org
d75d :                       df_tk_asm_opt
d75d :                       df_tk_asm_ds
                             
                             	; first parm
d75d : 200ad1           [ 6] 	jsr df_tk_expression
d760 : 60               [ 6] 	rts
                             
                             ; These commands expect 2 numeric parameters
d761 :                       df_tk_setvdp
d761 :                       df_tk_spritepat
d761 :                       df_tk_spritecol
d761 :                       df_tk_spritenme
d761 :                       df_tk_vpoke
d761 :                       df_tk_poke
d761 :                       df_tk_doke
d761 :                       df_tk_nvpoke
d761 :                       df_tk_point
d761 :                       df_tk_cload
d761 :                       df_tk_vload
d761 :                       df_tk_ptload
d761 :                       df_tk_ptinit
d761 :                       df_tk_2parms
                             	; first parm
d761 : 200ad1           [ 6] 	jsr df_tk_expression
d764 : a92c             [ 2] 	lda #','
d766 : 2018cf           [ 6] 	jsr df_tk_expect_tok_err
                             	; tokenise second parm
d769 : 200ad1           [ 6] 	jsr df_tk_expression
d76c : 60               [ 6] 	rts
                             
                             ; these commands expect 3 numeric parameters
d76d :                       df_tk_hplot
d76d :                       df_tk_plot
d76d :                       df_tk_circle
d76d :                       df_tk_sound
d76d :                       df_tk_colour
d76d :                       df_tk_spritepos
d76d :                       df_tk_shape
d76d :                       df_tk_renum
d76d :                       df_tk_3parms
d76d : 2061d7           [ 6] 	jsr df_tk_2parms
d770 : a92c             [ 2] 	lda #','
d772 : 2018cf           [ 6] 	jsr df_tk_expect_tok_err
                             	; tokenise third parm
d775 : 200ad1           [ 6] 	jsr df_tk_expression
d778 : 60               [ 6] 	rts
                             
                             ; these commands expect 4 numeric parameters
d779 :                       df_tk_play
d779 :                       df_tk_music
d779 :                       df_tk_line
d779 :                       df_tk_box
d779 :                       df_tk_bload
d779 :                       df_tk_4parms
d779 : 2061d7           [ 6] 	jsr df_tk_2parms
d77c : a92c             [ 2] 	lda #','
d77e : 2018cf           [ 6] 	jsr df_tk_expect_tok_err
d781 : 2061d7           [ 6] 	jsr df_tk_2parms
d784 : 60               [ 6] 	rts
                             
                             ; these commands expect 5 numeric parameters
AS65 Assembler for R6502 [1.42].                                     Page   96
---------------------------------- bank1.s -----------------------------------

d785 :                       df_tk_sprite
d785 :                       df_tk_bsave
d785 :                       df_tk_5parms
d785 : 2079d7           [ 6] 	jsr df_tk_4parms
d788 : a92c             [ 2] 	lda #','
d78a : 2018cf           [ 6] 	jsr df_tk_expect_tok_err
d78d : 200ad1           [ 6] 	jsr df_tk_expression
d790 : 60               [ 6] 	rts
                             
                             
                             
d791 :                       mod_sz_tokenise_e
                             
                             
                             
                             	include "dflat/progedit.s"
                             ;************************************************
                             ;*
                             ;*	BBC128
                             ;*	Dolo Miah (@6502Nerd)
                             ;*	Copyright (c) 2020
                             ;*  Free to use for any non-commercial purpose su
                             ;*  credit of original my authorship please!
                             ;*
                             ;*  PROGEDIT.S
                             ;*  dflat module to enable editing of a dflat pro
                             ;*  dflat bascially starts here - waiting for use
                             ;*  when a line is entered, if it is not preceede
                             ;*  line number it is tokenised and attempted to 
                             ;*  immediatly.  If it is preceeded by a line num
                             ;*  number is used to save the tokenised line in 
                             ;*  position in memory.
                             ;*  So this is just like a good old editing sessi
                             ;*  nearly any common flavour of 80s basic. Howev
                             ;*  tokenises everything except whitespace and st
                             ;*  constants - even when saving.  Unlike my trus
                             ;*  where I could type in any garbage and it woul
                             ;*  saved with the line number, dflat needs to be
                             ;*  tokenise the line.  So it's actually a bit mo
                             ;*  Atari 8 bit BASIC.
                             ;*
                             ;************************************************
                             
d791 :                       mod_sz_progedit_s
                             
                             ;****************************************
                             ;* df_pg_find_line
                             ;* Find a line number in X(L), A(H)
                             ;* Return X(L), A(H) of line, Y = Length
                             ;* C=1 Exact match not found, C=0 Exact Found
                             ;* If not exact match then next highest line addr
                             ;* Will be in X and A
                             ;****************************************
d791 :                       df_pg_find_line
d791 : a49b             [ 3] 	ldy df_prgstrt		; num_tmp contains starting poin
d793 : 8485             [ 3] 	sty num_tmp
d795 : a49c             [ 3] 	ldy df_prgstrt+1
d797 : 8486             [ 3] 	sty num_tmp+1
d799 : 8679             [ 3] 	stx num_a			; num_a contains the line number to 
d79b : 857a             [ 3] 	sta num_a+1
d79d :                       df_pg_check_next_line	; Also used during runtime 
d79d : a585             [ 3] 	lda num_tmp
AS65 Assembler for R6502 [1.42].                                     Page   97
---------------------------------- bank1.s -----------------------------------

d79f : c59d             [ 3] 	cmp df_prgend
d7a1 : d011             [ 3] 	bne df_pg_check_line
d7a3 : a586             [ 3] 	lda num_tmp+1
d7a5 : c59e             [ 3] 	cmp df_prgend+1
d7a7 : d00b             [ 3] 	bne df_pg_check_line
d7a9 :                       df_pr_line_gt_target	
                             	; End of program or line > target
                             	; X,A = address of finish
                             	; Load Y with the length
d7a9 : a200             [ 2] 	ldx #0
d7ab : a185             [ 6] 	lda (num_tmp,x)
d7ad : a8               [ 2] 	tay
d7ae : a685             [ 3] 	ldx num_tmp
d7b0 : a586             [ 3] 	lda num_tmp+1
d7b2 : 38               [ 2] 	sec
d7b3 : 60               [ 6] 	rts
d7b4 :                       df_pg_check_line
d7b4 : 38               [ 2] 	sec					; Do a trial subtract of
d7b5 : a001             [ 2] 	ldy #DFTK_LINNUM	; target - line
d7b7 : a579             [ 3] 	lda num_a
d7b9 : f185             [ 5] 	sbc (num_tmp),y
d7bb : 8587             [ 3] 	sta num_tmp+2		; Partial result of sbc
d7bd : c8               [ 2] 	iny
d7be : a57a             [ 3] 	lda num_a+1
d7c0 : f185             [ 5] 	sbc (num_tmp),y
d7c2 : 0587             [ 3] 	ora num_tmp+2		; or with partial result for z ch
                             	; If C=0 then line > target (done)
d7c4 : 90e3             [ 3] 	bcc df_pr_line_gt_target
                             	; If partial result Z=0 then got an exact match
d7c6 : f00f             [ 3] 	beq df_pr_line_match
                             	; Else we go to next line
d7c8 : a200             [ 2] 	ldx #0
d7ca : 18               [ 2] 	clc
d7cb : a585             [ 3] 	lda num_tmp
d7cd : 6185             [ 6] 	adc (num_tmp,x)
d7cf : 8585             [ 3] 	sta num_tmp
d7d1 : 90ca             [ 3] 	bcc df_pg_check_next_line
d7d3 : e686             [ 5] 	inc num_tmp+1
d7d5 : d0c6             [ 3] 	bne df_pg_check_next_line	; Always
d7d7 :                       df_pr_line_match
d7d7 : a200             [ 2] 	ldx #0
d7d9 : a185             [ 6] 	lda (num_tmp,x)
d7db : a8               [ 2] 	tay
d7dc : a685             [ 3] 	ldx num_tmp
d7de : a586             [ 3] 	lda num_tmp+1
d7e0 : 18               [ 2] 	clc
d7e1 : 60               [ 6] 	rts
                             	
                             ;****************************************
                             ;* df_pg_insert_block
                             ;* Insert a block at adr (X, A) of size Y
                             ;* df_prgend updated
                             ;* C=1 Error, C=0 Ok
                             ;****************************************
d7e2 :                       df_pg_insert_block
                             	; Inserting requires a block copy from
                             	; end of program space to the insert address
                             	
                             	; Save address as this is the lowest address
d7e2 : 8679             [ 3] 	stx num_a
d7e4 : 857a             [ 3] 	sta num_a+1
                             	; End of program space is the first byte to move
AS65 Assembler for R6502 [1.42].                                     Page   98
---------------------------------- bank1.s -----------------------------------

d7e6 : a59d             [ 3] 	lda df_prgend
d7e8 : 8581             [ 3] 	sta num_x
d7ea : a59e             [ 3] 	lda df_prgend+1
d7ec : 8582             [ 3] 	sta num_x+1	
d7ee :                       df_pg_insert_byte
                             	; Move a byte from the current top
d7ee : a200             [ 2] 	ldx #0
d7f0 : a181             [ 6] 	lda (num_x,x)
                             	; To the new top (+Y)
d7f2 : 9181             [ 5] 	sta (num_x),y
                             	; Compare current address with lowest
d7f4 : a581             [ 3] 	lda num_x
d7f6 : c579             [ 3] 	cmp num_a
d7f8 : d012             [ 4] 	bne df_pg_insert_next_byte
d7fa : a582             [ 3] 	lda num_x+1
d7fc : c57a             [ 3] 	cmp num_a+1
d7fe : d00c             [ 4] 	bne df_pg_insert_next_byte
                             	; Finished, update program end pointer
d800 : 18               [ 2] 	clc
d801 : 98               [ 2] 	tya
d802 : 659d             [ 3] 	adc df_prgend
d804 : 859d             [ 3] 	sta df_prgend
                             	_bcc 2
                             
d808 : e69e             [ 5] 	inc df_prgend+1
d80a : 18               [ 2] 	clc
d80b : 60               [ 6] 	rts	; C=0
d80c :                       df_pg_insert_next_byte
                             	; Decrement current address (trashes A)
                             	_decZPWordA num_x
                             
d819 : 4ceed7           [ 3] 	jmp df_pg_insert_byte
                             
                             ;****************************************
                             ;* df_pg_delete_block
                             ;* Delete a block at adr (X, A) of size Y
                             ;* df_prgend updated
                             ;* C=1 Error, C=0 Ok
                             ;****************************************
d81c :                       df_pg_delete_block
                             	; Deleting requires a block copy from
                             	; deletion address to end of program
                             	
                             	; Save address as this is the start address
d81c : 8679             [ 3] 	stx num_a
d81e : 857a             [ 3] 	sta num_a+1
d820 : a200             [ 2] 	ldx #0	; No indirect indexing
d822 :                       df_pg_delete_byte
                             	; Move a byte from current+Y
d822 : b179             [ 5] 	lda (num_a),y
                             	; Down to current (x=0)
d824 : 8179             [ 6] 	sta (num_a,x)
                             	; Compare current address with lowest
d826 : a579             [ 3] 	lda num_a
d828 : c59d             [ 3] 	cmp df_prgend
d82a : d017             [ 3] 	bne df_pg_delete_next_byte
d82c : a57a             [ 3] 	lda num_a+1
d82e : c59e             [ 3] 	cmp df_prgend+1
d830 : d011             [ 3] 	bne df_pg_delete_next_byte
                             	; Finished, update program end pointer
d832 : 8479             [ 3] 	sty num_a
d834 : 38               [ 2] 	sec
AS65 Assembler for R6502 [1.42].                                     Page   99
---------------------------------- bank1.s -----------------------------------

d835 : a59d             [ 3] 	lda df_prgend
d837 : e579             [ 3] 	sbc num_a
d839 : 859d             [ 3] 	sta df_prgend
d83b : a59e             [ 3] 	lda df_prgend+1
d83d : e900             [ 2] 	sbc #0
d83f : 859e             [ 3] 	sta df_prgend+1
d841 : 18               [ 2] 	clc
d842 : 60               [ 6] 	rts
d843 :                       df_pg_delete_next_byte
                             	; Increment current address
                             	_incZPWord num_a
                             
d849 : 4c22d8           [ 3] 	jmp df_pg_delete_byte
                             
                             
                             ;****************************************
                             ;* Get a line of input
                             ;* Input: C=1 for echo, 0 for no echo
                             ;* Output: C=0 means linbuff is valid
                             ;****************************************
d84c :                       df_pg_inputline
                             	; C is set on input for echo or not
                             	; Read a line of input into df_linbuff
d84c : a200             [ 2] 	ldx #lo(df_linbuff)
d84e : a90a             [ 2] 	lda #hi(df_linbuff)
d850 : a078             [ 2] 	ldy #120
d852 : 20a2c5           [ 6] 	jsr io_read_line
                             	
                             	; If nothing entered then sec
d855 : 98               [ 2] 	tya
d856 : d002             [ 3] 	bne df_pg_inputline_ok
d858 : 38               [ 2] 	sec
d859 : 60               [ 6] 	rts
d85a :                       df_pg_inputline_ok
d85a : 18               [ 2] 	clc
d85b : 60               [ 6] 	rts
                             
                             
                             ;****************************************
                             ;* df_pg_dflat
                             ;* Start a dflat editing session
                             ;****************************************
d85c :                       df_pg_dflat
                             	; reset stack pointer
d85c : a2ff             [ 2] 	ldx #255
d85e : 9a               [ 2] 	txs
                             
                             	; error handler address
d85f : a927             [ 2] 	lda #lo(df_trap_error)
d861 : 8596             [ 3] 	sta df_pc
d863 : a9f4             [ 2] 	lda #hi(df_trap_error)
d865 : 8597             [ 3] 	sta df_pc+1
                             	
                             	; make sure normal I/O is resumed
                             	;jsr io_init_default
d867 :                       df_pg_prompt
d867 : a205             [ 2] 	ldx #lo(df_pg_prompt_msg)
d869 : a9d9             [ 2] 	lda #hi(df_pg_prompt_msg)
d86b : 20dec5           [ 6] 	jsr io_print_line
d86e : a900             [ 2] 	lda #0
d870 : 8594             [ 3] 	sta df_immed
d872 :                       df_pg_getcommand
AS65 Assembler for R6502 [1.42].                                     Page  100
---------------------------------- bank1.s -----------------------------------

                             	; current line is the token buffer when editing
d872 : a980             [ 2] 	lda #lo(df_tokbuff)
d874 : 85bc             [ 3] 	sta df_currlin
d876 : a90a             [ 2] 	lda #hi(df_tokbuff)
d878 : 85bd             [ 3] 	sta df_currlin+1
d87a : 38               [ 2] 	sec
d87b : 204cd8           [ 6] 	jsr df_pg_inputline
d87e : b0e7             [ 3] 	bcs df_pg_prompt	; If no input then back to prom
d880 : ad000a           [ 4] 	lda df_linbuff		; Check if first char is ! to es
d883 : c921             [ 2] 	cmp #'!'
d885 : d005             [ 3] 	bne df_pg_skip_mon
d887 : 20e1c4           [ 6] 	jsr _cmd_immediate	; If so call monitor immediat
d88a : 80db             [ 3] 	bra df_pg_prompt
d88c :                       df_pg_skip_mon
d88c : 20a5d8           [ 6] 	jsr df_pg_tokenise
d88f : a594             [ 3] 	lda df_immed
d891 : f0df             [ 3] 	beq df_pg_getcommand
                             	; clear variables ready to run the statement
d893 : 200cd9           [ 6] 	jsr df_initrun
                             	; run from tokbuff
d896 : a280             [ 2] 	ldx #lo(df_tokbuff)
d898 : a90a             [ 2] 	lda #hi(df_tokbuff)
                             	; always skip length and line number
d89a : a003             [ 2] 	ldy #3
                             ;	sty df_exeoff
                             	; init currlin
d89c : 2090dc           [ 6] 	jsr df_rt_init_stat_ptr
                             	; start execution
d89f : 20a1dc           [ 6] 	jsr df_rt_exec_stat
                             	; Go and get another line of input
d8a2 : 4c67d8           [ 3] 	jmp df_pg_prompt
                             
                             	; tokenise the line
d8a5 :                       df_pg_tokenise
d8a5 : a900             [ 2] 	lda #0
d8a7 : 8593             [ 3] 	sta errno
d8a9 : 204ed1           [ 6] 	jsr df_lexer_line
                             	; check if line number == 0
d8ac : ad810a           [ 4] 	lda df_tokbuff+DFTK_LINNUM
d8af : 0d820a           [ 4] 	ora df_tokbuff+DFTK_LINNUM+1
d8b2 : d00f             [ 3] 	bne df_pg_line_number
                             	; check if line empty
d8b4 : ad800a           [ 4] 	lda df_tokbuff
d8b7 : f009             [ 3] 	beq df_pg_nothing
                             	
                             	; line number == 0 so in immediate mode from tok
                             	; don't zero out the line length as some routine
                             	; run the line in immediate mode
d8b9 : a901             [ 2] 	lda #1
d8bb : 8594             [ 3] 	sta df_immed
                             	; Zero out text line buffer
d8bd : a900             [ 2] 	lda #0
d8bf : 8d000a           [ 4] 	sta df_linbuff
d8c2 :                       df_pg_nothing
d8c2 : 60               [ 6] 	rts
                             
                             	; put the numbered line in to the right bit of m
d8c3 :                       df_pg_line_number
                             	; Check if this line exists
d8c3 : ad810a           [ 4] 	lda df_tokbuff+DFTK_LINNUM
d8c6 : aa               [ 2] 	tax
d8c7 : ad820a           [ 4] 	lda df_tokbuff+DFTK_LINNUM+1
AS65 Assembler for R6502 [1.42].                                     Page  101
---------------------------------- bank1.s -----------------------------------

d8ca : 2091d7           [ 6] 	jsr df_pg_find_line
                             	; Save line address for later X then A
d8cd : 8539             [ 3] 	sta tmp_d
d8cf : 8a               [ 2] 	txa
d8d0 : 48               [ 3] 	pha
d8d1 : a539             [ 3] 	lda tmp_d
d8d3 : 48               [ 3] 	pha
                             	; If line exists then it needs deleting
d8d4 : b003             [ 3] 	bcs df_pg_skip_del_line
                             
                             	; delete line from program
d8d6 : 201cd8           [ 6] 	jsr df_pg_delete_block
d8d9 :                       df_pg_skip_del_line
                             	; If line length is zero
                             	; then nothing else to do (i.e. line was deleted
d8d9 : ad800a           [ 4] 	lda df_tokbuff+DFTK_LINLEN
                             	; save the tokenised line length
d8dc : 48               [ 3] 	pha
d8dd : d004             [ 3] 	bne df_pg_insertline
                             	; Length was zero, so get temp stuff off stack
d8df : 68               [ 4] 	pla
d8e0 : 68               [ 4] 	pla
d8e1 : 68               [ 4] 	pla
d8e2 : 60               [ 6] 	rts
                             
                             	; insert a program line unless it is immediate
d8e3 :                       df_pg_insertline
                             	; Restore previously saved length
d8e3 : 68               [ 4] 	pla
d8e4 : a8               [ 2] 	tay
                             	; Restore previously saved address to reinsert t
d8e5 : 68               [ 4] 	pla
d8e6 : 8539             [ 3] 	sta tmp_d
d8e8 : 68               [ 4] 	pla
d8e9 : aa               [ 2] 	tax
d8ea : a539             [ 3] 	lda tmp_d
                             	; And save it all back to stack again A,X,Y
                             	_pushAXY
                             
                             	; We now have insert address and length
d8ef : 20e2d7           [ 6] 	jsr df_pg_insert_block
                             	; Restore length and sub 1 to get index in to th
d8f2 : 68               [ 4] 	pla
d8f3 : a8               [ 2] 	tay
d8f4 : 88               [ 2] 	dey
                             	; Restore address to a pointer, X is pulled firs
d8f5 : 68               [ 4] 	pla
d8f6 : aa               [ 2] 	tax
d8f7 : 8679             [ 3] 	stx num_a
d8f9 : 68               [ 4] 	pla
d8fa : 857a             [ 3] 	sta num_a+1
                             	; num_a is destination, tokbuff is source, Y is 
d8fc :                       df_pg_insertlinbyte
d8fc : b9800a           [ 4] 	lda df_tokbuff,y
d8ff : 9179             [ 5] 	sta (num_a),y
d901 : 88               [ 2] 	dey
d902 : 10f8             [ 4] 	bpl df_pg_insertlinbyte
d904 : 60               [ 6] 	rts
                             	
d905 :                       df_pg_prompt_msg
d905 : 52656164790d00        	db "Ready",UTF_CR,0
                             
AS65 Assembler for R6502 [1.42].                                     Page  102
---------------------------------- bank1.s -----------------------------------

d90c :                       mod_sz_progedit_e
                             
                             	include "dflat/runtime.s"
                             ;************************************************
                             ;*
                             ;*	BBC-128
                             ;*	Dolo Miah (@6502Nerd)
                             ;*	Copyright (c) 2020
                             ;*  Free to use for any non-commercial purpose su
                             ;*  credit of original my authorship please!
                             ;*
                             ;*  RUNTIME.S
                             ;*  This module is the runtime coordinator.  When
                             ;*  wants to run a program, execution of statemen
                             ;*  required procedure starts and proceeds from t
                             ;*  according to normal program flow.
                             ;*  This module also contains critical routines f
                             ;*  evaluation of expressions (numeric and string
                             ;*  Whilst the code to implement a specific comma
                             ;*  rtsubs.s, this is the key module that control
                             ;*
                             ;************************************************
                             
                             	; ROM code
                             	code
                             
d90c :                       mod_sz_runtime_s
                             
                             ;****************************************
                             ;* df_initrun
                             ;* Initialise program space for runtime
                             ;****************************************
d90c :                       df_initrun
                             	; Set the key mask to check every 16 instruction
d90c : a910             [ 2] 	lda #0x10
d90e : 8592             [ 3] 	sta df_checkmsk
d910 : 8591             [ 3] 	sta df_checkkey
                             
                             	; String and array heap initialisation
                             	; Grows up from end of prog space PLUS 1
                             	; Initially empty (dim will allocate)
                             	_cpyZPWord df_prgend,df_starstrt
                             
                             	_incZPWord df_starstrt
                             
                             	_cpyZPWord df_starstrt,df_starend
                             
                             
d928 : a2ff             [ 2] 	ldx #0xff
                             	; Reset runtime stack (grows down)
d92a : 86ac             [ 3] 	stx df_rtstop
                             	; make X=0
d92c : e8               [ 2] 	inx
                             	; Reset parameter stack (grows up)
d92d : 86ad             [ 3] 	stx df_parmtop
                             	; Reset data pointer high byte
d92f : 86cb             [ 3] 	stx df_currdat+1
                             	; if nest counter zeroed
d931 : 86c9             [ 3] 	stx df_ifnest
                             
                             	; clear proc addresses
d933 : 2037d9           [ 6] 	jsr df_rt_init_vvt
AS65 Assembler for R6502 [1.42].                                     Page  103
---------------------------------- bank1.s -----------------------------------

                             
                             ;	clc
d936 : 60               [ 6] 	rts
                             
                             ;****************************************
                             ;* Initialise vvt
                             ;****************************************
d937 :                       df_rt_init_vvt
                             	; starting at beginning of vvt
                             	_cpyZPWord df_vvtend,df_tmpptra
                             
d93f : a200             [ 2] 	ldx #0
d941 :                       df_rt_init_vvt_slot
d941 : a5d7             [ 3] 	lda df_tmpptra
d943 : c5a3             [ 3] 	cmp df_vvtstrt
d945 : d006             [ 3] 	bne df_rt_init_vvt_slot_undim
d947 : a5d8             [ 3] 	lda df_tmpptra+1
d949 : c5a4             [ 3] 	cmp df_vvtstrt+1
d94b : f02b             [ 3] 	beq df_rt_init_done
d94d :                       df_rt_init_vvt_slot_undim
                             	; Only zero out proc and array pointers
                             	; Scalar variables are not initialised
d94d : a000             [ 2] 	ldy #0
d94f : b1d7             [ 5] 	lda (df_tmpptra),y
d951 : 29c0             [ 2] 	and #DFVVT_PROC|DFVVT_PTR
d953 : f016             [ 3] 	beq df_rt_init_vvt_skip
                             	; skip over the first byte which is variable typ
d955 : c8               [ 2] 	iny
                             	; zero out first 3 bytes for proc and arrays
d956 : a900             [ 2] 	lda #0
d958 : 91d7             [ 5] 	sta (df_tmpptra),y
d95a : c8               [ 2] 	iny
d95b : 91d7             [ 5] 	sta (df_tmpptra),y
d95d : c8               [ 2] 	iny
d95e : 91d7             [ 5] 	sta (df_tmpptra),y
d960 : c8               [ 2] 	iny
                             	; before doing dim2 check if proc
                             	; as we don't want to erase the parm count
                             ;	lda (df_tmpptra,x)
d961 : b2d7             [ 5] 	lda (df_tmpptra)
d963 : 2940             [ 2] 	and #DFVVT_PROC
d965 : d004             [ 3] 	bne df_rt_init_vvt_skip
                             	; if not proc then zero dim2
d967 : a900             [ 2] 	lda #0
d969 : 91d7             [ 5] 	sta (df_tmpptra),y
d96b :                       df_rt_init_vvt_skip
                             	; increment pointer to next slot
                             	_adcZPByte df_tmpptra,#8
                             
                             ;	jmp df_rt_init_vvt_slot 	; Don't rely on bcc
d976 : 80c9             [ 3] 	bra df_rt_init_vvt_slot 	; Don't rely on bcc
d978 :                       df_rt_init_done
d978 : 60               [ 6] 	rts
                             
                             ;****************************************
                             ;* Evaluate a numeric expression
                             ;* pop  X,A result from operator stack
                             ;****************************************
d979 :                       df_rt_getnval
                             	; evaluate the expression
d979 : 207fd9           [ 6] 	jsr df_rt_neval
                             	; get X,A off operator stack
AS65 Assembler for R6502 [1.42].                                     Page  104
---------------------------------- bank1.s -----------------------------------

d97c : 4cfbf2           [ 3] 	jmp df_ost_popInt
                             
                             
                             ;****************************************
                             ;* Evaluate a numeric expression
                             ;* Push result to operator stack
                             ;****************************************
d97f :                       df_rt_neval
                             	; push terminator on cpu stack
                             	; so we know where we are
d97f : a900             [ 2] 	lda #0
d981 : 48               [ 3] 	pha
                             
                             	; find escape token or keyword token
                             	; if escape token push on to operand stack
                             	; if keyword token push on to operator stack
d982 :                       df_rt_neval_optk
d982 : a4be             [ 3] 	ldy df_exeoff
                             	; check end of line
                             
                             ;	cpy df_eolidx
                             ;	beq df_rt_neval_process
d984 : c4b5             [ 3] 	cpy df_nxtstidx
d986 : f03a             [ 3] 	beq df_rt_neval_process
d988 : b1bc             [ 5] 	lda (df_currlin),y		; Get the byte which could b
d98a : 3024             [ 3] 	bmi df_rt_neval_tk		; N=1 means it's a keyword t
d98c : c920             [ 2] 	cmp #DFTK_ESCVAL		; >=32 means it's an normal ch
d98e : b007             [ 3] 	bcs df_rt_neval_chr
d990 :                       df_rt_neval_esc
d990 : 2004da           [ 6] 	jsr df_rt_eval_esc
                             	; move to next byte
d993 : e6be             [ 5] 	inc df_exeoff
d995 : d0eb             [ 3] 	bne df_rt_neval_optk		; ALWAYS as exeoff != 0
d997 :                       df_rt_neval_chr
                             	; check for evaluation terminators
                             	; specifically ',' and ']'
d997 : c92c             [ 2] 	cmp #','
d999 : f027             [ 3] 	beq df_rt_neval_process
d99b : c95d             [ 2] 	cmp #']'
d99d : f023             [ 3] 	beq df_rt_neval_process
                             	; check for brackets
                             	; if close bracket then process
d99f : c929             [ 2] 	cmp #')'
d9a1 : f01f             [ 3] 	beq df_rt_neval_process
                             	; Nothing of interest matched or it's open brack
                             	; so move to next byte either way
d9a3 : e6be             [ 5] 	inc df_exeoff				; Next byte 
                             	; if bracket then evaluate expression recursivel
d9a5 : c928             [ 2] 	cmp #'('
d9a7 : d0d9             [ 3] 	bne df_rt_neval_optk
                             	; call evaluation function recursively
d9a9 : 207fd9           [ 6] 	jsr df_rt_neval
                             	; move to next byte
d9ac : e6be             [ 5] 	inc df_exeoff
d9ae : d0d2             [ 3] 	bne df_rt_neval_optk		; ALWAYS as exeoff != 0
                             	; if a token then push on operator stack
d9b0 :                       df_rt_neval_tk
d9b0 : 297f             [ 2] 	and #0x7f
                             	; check if op (look up type using X as index)
                             	; X contains the current operator index
                             
d9b2 : aa               [ 2] 	tax
AS65 Assembler for R6502 [1.42].                                     Page  105
---------------------------------- bank1.s -----------------------------------

d9b3 : bd9dd5           [ 4] 	lda df_tk_tokentype,x
                             	; A contains token type
d9b6 : 48               [ 3] 	pha
d9b7 : 2908             [ 2] 	and #DFTK_OP
d9b9 : d01c             [ 3] 	bne df_rt_neval_tk_opp
                             	; check if fn
d9bb : 68               [ 4] 	pla
d9bc : 2902             [ 2] 	and #DFTK_FN
d9be : d00c             [ 3] 	bne df_rt_neval_tk_fn
                             
                             	; If got here then something wrong
                             	SWBRK DFERR_OK
                             
                             
d9c2 :                       df_rt_neval_process
                             	; pop operator off stack and execute
                             	; keep popping until reached the terminator
d9c2 : 68               [ 4] 	pla
d9c3 : f006             [ 3] 	beq df_rt_neval_done
                             	; run the token code
d9c5 : 2007dd           [ 6] 	jsr df_rt_run_token
                             	; top two bytes on ost stack is the result
d9c8 : 4cc2d9           [ 3] 	jmp df_rt_neval_process
d9cb :                       df_rt_neval_done
d9cb : 60               [ 6] 	rts
                             
d9cc :                       df_rt_neval_tk_fn
d9cc : 18               [ 2] 	clc
d9cd : 8a               [ 2] 	txa
                             	; run a fn token - returns a value on stack
d9ce : e6be             [ 5] 	inc df_exeoff
d9d0 : 2007dd           [ 6] 	jsr df_rt_run_token
                             	; move to next byte
d9d3 :                       df_rt_neval_nextbyte
d9d3 : e6be             [ 5] 	inc df_exeoff
d9d5 : d0ab             [ 3] 	bne df_rt_neval_optk		; ALWAYS as exeoff != 0
                             
d9d7 :                       df_rt_neval_tk_opp
d9d7 : 68               [ 4] 	pla				; Get A off stack which is the type
d9d8 :                       df_rt_neval_tk_op
                             	; X=Op, A=Type
                             	; if this op < current top of op stack
                             	; then do the op as it is higher priority so sho
                             	; not be pushed
                             	; what is top of the op stack?
                             	; save current op token value
                             	; C=0 means process the op now, else don't
                             	; save current operator index
d9d8 : 86d7             [ 3] 	stx df_tmpptra				; Index in to token table not 
                             	; mask off to keep priority
d9da : 2907             [ 2] 	and #DFTK_OPMSK
d9dc : 85d9             [ 3] 	sta df_tmpptrb
                             	; peek top of op stack - pull and push X
d9de : 68               [ 4] 	pla
d9df : 48               [ 3] 	pha
d9e0 : aa               [ 2] 	tax
                             	; if 0 then nothing so push op
d9e1 : f01c             [ 3] 	beq df_rt_neval_pushOp
                             	; use it to index in to type table
d9e3 : bd9dd5           [ 4] 	lda df_tk_tokentype,x
                             	; mask off to keep priority
d9e6 : 2907             [ 2] 	and #DFTK_OPMSK
AS65 Assembler for R6502 [1.42].                                     Page  106
---------------------------------- bank1.s -----------------------------------

                             	; compare with the saved token type which includ
d9e8 : c5d9             [ 3] 	cmp df_tmpptrb
                             	; if top of stack >= current then C=1
                             	; else C=0
                             	; what is the state of C?
                             	; if 1 then just pushOp
d9ea : f002             [ 3] 	beq df_rt_neval_donow
d9ec : b011             [ 3] 	bcs df_rt_neval_pushOp
d9ee :                       df_rt_neval_donow
                             	; was C=0 so process now before pushing the new 
                             	; get operator off cpu stack
d9ee : 68               [ 4] 	pla
d9ef : a8               [ 2] 	tay		; Save whilst need to push other things
                             	; save the current op on cpu stack
d9f0 : a5d7             [ 3] 	lda df_tmpptra
d9f2 : 48               [ 3] 	pha
d9f3 : aa               [ 2] 	tax		; X = current op
d9f4 : 98               [ 2] 	tya		; Get A back from Y (new op)
                             	; now run the token in A that came off the stack
d9f5 : 2007dd           [ 6] 	jsr df_rt_run_token
                             	; get current op off cpu stack in to X
d9f8 : 68               [ 4] 	pla
d9f9 : aa               [ 2] 	tax
                             	; get the token type in to A
d9fa : bd9dd5           [ 4] 	lda df_tk_tokentype,x
                             	; now go back around again to check whether to p
d9fd : d0d9             [ 3] 	bne df_rt_neval_tk_op		; ALWAYS as type never ze
d9ff :                       df_rt_neval_pushOp
                             	; push the operator
d9ff : a5d7             [ 3] 	lda df_tmpptra
da01 : 48               [ 3] 	pha
                             	; move to next byte
da02 : d0cf             [ 4] 	bne df_rt_neval_nextbyte	; ALWAYS as token index
                             
                             
                             
                             
                             ; jump to escape evaluation routine
da04 :                       df_rt_eval_esc
da04 : 0a               [ 2] 	asl a
da05 : aa               [ 2] 	tax
da06 : 7c09da           [ 6] 	jmp (df_rt_eval_esc_tab,x)
                             ;	lda df_rt_eval_esc_tab,x
                             ;	sta df_tmpptra
                             ;	lda df_rt_eval_esc_tab+1,x
                             ;	sta df_tmpptra+1
                             ;	jmp (df_tmpptra)
                             
da09 :                       df_rt_eval_esc_tab
da09 : c6da                  	dw df_rt_eval_chr
da0b : d2da                  	dw df_rt_eval_reserved
da0d : d2da                  	dw df_rt_eval_reserved
da0f : d2da                  	dw df_rt_eval_reserved
da11 : d2da                  	dw df_rt_eval_reserved
da13 : d2da                  	dw df_rt_eval_reserved	; no such thing as bytdec
da15 : c6da                  	dw df_rt_eval_bythex
da17 : c6da                  	dw df_rt_eval_bytbin
da19 : d2da                  	dw df_rt_eval_reserved
da1b : c6da                  	dw df_rt_eval_intdec
da1d : c6da                  	dw df_rt_eval_inthex
da1f : c6da                  	dw df_rt_eval_intbin
da21 : d2da                  	dw df_rt_eval_reserved
AS65 Assembler for R6502 [1.42].                                     Page  107
---------------------------------- bank1.s -----------------------------------

da23 : d2da                  	dw df_rt_eval_reserved
da25 : d2da                  	dw df_rt_eval_reserved
da27 : d2da                  	dw df_rt_eval_reserved
da29 : d4da                  	dw df_rt_eval_strlit
da2b : 19db                  	dw df_rt_eval_var
da2d : 04dc                  	dw df_rt_eval_proc
                             
                             
                             ;****************************************
                             ;* Evaluate a string expression
                             ;* X, A = Destination is string accumulator
                             ;****************************************
da2f :                       df_rt_seval
da2f : a6b0             [ 3] 	ldx df_sevalptr
da31 : a5b1             [ 3] 	lda df_sevalptr+1
                             ;****************************************
                             ;* Evaluate a string expression
                             ;* X, A = Destination buffer / space
                             ;****************************************
da33 :                       df_rt_sval
                             	; keep X,A on the stack - will be modified
da33 : 8539             [ 3] 	sta tmp_d
da35 : 48               [ 3] 	pha
da36 : 8a               [ 2] 	txa
da37 : 48               [ 3] 	pha
da38 : a539             [ 3] 	lda tmp_d
                             	; push original destination
da3a : 20d0f2           [ 6] 	jsr df_ost_pushStr
                             	; Push the destination to the 6502 stack
                             	; hi byte first then lo
                             	; push string idx so we know our starting positi
                             	; in the string buffer
                             	; this limits all evaluations to 255 bytes
                             ;	lda df_stridx
                             ;	jsr df_ost_pushOp
                             
                             	; find escape token or keyword token
                             	; if escape token push on to operand stack
                             	; if keyword operator token push on to operator 
                             	; if keyword function token run it
                             
da3d :                       df_rt_seval_optk
da3d : a4be             [ 3] 	ldy df_exeoff
                             	; check end of line
                             ;	cpy df_eolidx
                             ;	beq df_rt_seval_done
da3f : c4b5             [ 3] 	cpy df_nxtstidx
da41 : f069             [ 3] 	beq df_rt_seval_done
                             
da43 : b1bc             [ 5] 	lda (df_currlin),y
da45 : 301c             [ 3] 	bmi df_rt_seval_tk
                             
da47 : c920             [ 2] 	cmp #DFTK_ESCVAL
da49 : 900a             [ 3] 	bcc df_rt_seval_esc
                             	; check for evaluation terminators
                             	; specifically ',' and ')'
da4b : c92c             [ 2] 	cmp #','
da4d : f05d             [ 3] 	beq df_rt_seval_done
da4f : c929             [ 2] 	cmp #')'
da51 : f059             [ 3] 	beq df_rt_seval_done
da53 : d04a             [ 3] 	bne df_rt_seval_nextbyte
da55 :                       df_rt_seval_esc
AS65 Assembler for R6502 [1.42].                                     Page  108
---------------------------------- bank1.s -----------------------------------

                             	; the only escape char is STRLIT, VAR or PROC
da55 : c910             [ 2] 	cmp #DFTK_STRLIT
da57 : f04b             [ 3] 	beq	df_rt_seval_esc_strlit
da59 : c911             [ 2] 	cmp #DFTK_VAR
da5b : f028             [ 3] 	beq	df_rt_seval_esc_var
da5d : c912             [ 2] 	cmp #DFTK_PROC
da5f : f049             [ 3] 	beq	df_rt_seval_esc_proc
                             
                             	; error if got here
                             	SWBRK DFERR_SYNTAX
                             
                             
                             	; if a token then push on operator stack
da63 :                       df_rt_seval_tk
da63 : 84be             [ 3] 	sty df_exeoff
da65 : 297f             [ 2] 	and #0x7f
                             	; check if op
da67 : aa               [ 2] 	tax
da68 : bd9dd5           [ 4] 	lda df_tk_tokentype,x
da6b : 2904             [ 2] 	and #DFTK_STROP
da6d : d009             [ 3] 	bne df_rt_seval_tk_op
                             	; check if fn
da6f : bd9dd5           [ 4] 	lda df_tk_tokentype,x
da72 : 2902             [ 2] 	and #DFTK_FN
da74 : d006             [ 3] 	bne df_rt_seval_tk_fn
                             
                             	; token type mismatch if got here
                             	SWBRK DFERR_TYPEMISM
                             
                             
da78 :                       df_rt_seval_tk_op
                             	; the only op is $+
                             	; so just ignore!
da78 : 8a               [ 2] 	txa
da79 : 4c9fda           [ 3] 	jmp df_rt_seval_nextbyte
                             
da7c :                       df_rt_seval_tk_fn
da7c : 8a               [ 2] 	txa
da7d : e6be             [ 5] 	inc df_exeoff
da7f : 2007dd           [ 6] 	jsr df_rt_run_token
da82 : 4c89da           [ 3] 	jmp df_rt_seval_copy
                             
da85 :                       df_rt_seval_esc_var
                             	; go process the variable as a normal RVAL
da85 : 18               [ 2] 	clc
da86 : 2019db           [ 6] 	jsr df_rt_eval_var
                             	; copy source off rt stack to destination
da89 :                       df_rt_seval_copy
                             	; pull destination pointer
da89 : 68               [ 4] 	pla
da8a : 85d7             [ 3] 	sta df_tmpptra
da8c : 68               [ 4] 	pla
da8d : 85d8             [ 3] 	sta df_tmpptra+1
                             	; pop source string pointer off stack
da8f : 20f3f2           [ 6] 	jsr df_ost_popStr
da92 : 86d9             [ 3] 	stx df_tmpptrb
da94 : 85da             [ 3] 	sta df_tmpptrb+1
                             	; go and copy the string
da96 : 20b0da           [ 6] 	jsr df_rt_copyStr
                             	; now save the destination
da99 : a5d8             [ 3] 	lda df_tmpptra+1
da9b : 48               [ 3] 	pha
AS65 Assembler for R6502 [1.42].                                     Page  109
---------------------------------- bank1.s -----------------------------------

da9c : a5d7             [ 3] 	lda df_tmpptra
da9e : 48               [ 3] 	pha
                             
                             ;	jmp df_rt_seval_nextbyte
da9f :                       df_rt_seval_nextbyte
da9f : e6be             [ 5] 	inc df_exeoff
daa1 : 4c3dda           [ 3] 	jmp df_rt_seval_optk
                             
daa4 :                       df_rt_seval_esc_strlit
                             	; evaluate string literal
daa4 : 20d4da           [ 6] 	jsr df_rt_eval_strlit
daa7 : 4c89da           [ 3] 	jmp df_rt_seval_copy
                             
daaa :                       df_rt_seval_esc_proc
                             	; not yet suported *******
                             	SWBRK DFERR_OK
                             
                             
                             	; keep going until non-ws char found or end of l
daac :                       df_rt_seval_done
                             	;
daac : 68               [ 4] 	pla
daad : 68               [ 4] 	pla
                             
daae : 18               [ 2] 	clc
daaf : 60               [ 6] 	rts
                             
                             
                             ; Copy string from ptrb to ptra
dab0 :                       df_rt_copyStr
dab0 : a000             [ 2] 	ldy #0
dab2 :                       df_rt_copyStr_ch
dab2 : b1d9             [ 5] 	lda (df_tmpptrb),y
dab4 : 91d7             [ 5] 	sta (df_tmpptra),y
dab6 : f003             [ 3] 	beq df_rt_copyStr_done
dab8 : c8               [ 2] 	iny
dab9 : d0f7             [ 3] 	bne df_rt_copyStr_ch	; Always relying in Y never
dabb :                       df_rt_copyStr_done
dabb : 98               [ 2] 	tya
dabc : 18               [ 2] 	clc
dabd : 65d7             [ 3] 	adc df_tmpptra
dabf : 85d7             [ 3] 	sta df_tmpptra
                             	_bcc 2
                             
dac3 : e6d8             [ 5] 	inc df_tmpptra+1
dac5 : 60               [ 6] 	rts
                             
                             ;****************************************
                             ;* Evaluate and push numeric value
                             ;****************************************
dac6 :                       df_rt_eval_intdec
dac6 :                       df_rt_eval_bytdec
dac6 :                       df_rt_eval_inthex
dac6 :                       df_rt_eval_bythex
dac6 :                       df_rt_eval_intbin
dac6 :                       df_rt_eval_bytbin
dac6 :                       df_rt_eval_chr
                             	; numeric constant
dac6 : c8               [ 2] 	iny
dac7 : b1bc             [ 5] 	lda (df_currlin),y
dac9 : aa               [ 2] 	tax
daca : c8               [ 2] 	iny
AS65 Assembler for R6502 [1.42].                                     Page  110
---------------------------------- bank1.s -----------------------------------

dacb : b1bc             [ 5] 	lda (df_currlin),y
                             	; save offset before calling any routine
dacd : 84be             [ 3] 	sty df_exeoff
                             	; push number on to stack
dacf : 4cdbf2           [ 3] 	jmp df_ost_pushInt
                             
dad2 :                       df_rt_eval_reserved
                             	; should not get here
                             	SWBRK DFERR_OK
                             
                             
                             ;****************************************
                             ;* Evaluate and push string constant
                             ;****************************************
dad4 :                       df_rt_eval_strlit
dad4 : 84be             [ 3] 	sty df_exeoff
                             	; calculate the effective address in to AX
                             	; y + currlin
dad6 : 98               [ 2] 	tya
                             	; set carry to add one extra
dad7 : 38               [ 2] 	sec
dad8 : 65bc             [ 3] 	adc df_currlin
dada : aa               [ 2] 	tax
dadb : a5bd             [ 3] 	lda df_currlin+1
dadd : 6900             [ 2] 	adc #0
                             
                             	; push string on to stack
dadf : 20d0f2           [ 6] 	jsr df_ost_pushStr
                             	; now proceed until end of string found
dae2 : a4be             [ 3] 	ldy df_exeoff
dae4 :                       df_rt_eval_strlit_ch
dae4 : b1bc             [ 5] 	lda (df_currlin),y
dae6 : f003             [ 3] 	beq df_rt_eval_strlit_done
dae8 : c8               [ 2] 	iny
dae9 : d0f9             [ 3] 	bne df_rt_eval_strlit_ch
daeb :                       df_rt_eval_strlit_done	; Always relying on Y neve
daeb : 84be             [ 3] 	sty df_exeoff
daed : 60               [ 6] 	rts
                             
                             ;****************************************
                             ;* Return array parameter
                             ;* A has parm
                             ;****************************************
daee :                       df_rt_arry_parm
                             	; move past open bracket or comma
daee : e6be             [ 5] 	inc df_exeoff
                             	; evaluate expression inside bracket
daf0 : 2079d9           [ 6] 	jsr df_rt_getnval
daf3 : 8a               [ 2] 	txa
                             ;	clc
daf4 : 60               [ 6] 	rts
                             
                             ;****************************************
                             ;* Return double array parameter
                             ;* X = dim1, Y = dim2
                             ;****************************************
daf5 :                       df_rt_arry_parm2
                             	; go get array parm 1
daf5 : 20eeda           [ 6] 	jsr df_rt_arry_parm
daf8 : 48               [ 3] 	pha
daf9 : a200             [ 2] 	ldx #0
dafb : a4be             [ 3] 	ldy df_exeoff
AS65 Assembler for R6502 [1.42].                                     Page  111
---------------------------------- bank1.s -----------------------------------

dafd :                       df_rt_arry_parm2_term
dafd : b1bc             [ 5] 	lda (df_currlin),y
daff : c95d             [ 2] 	cmp #']'
db01 : f011             [ 3] 	beq df_rt_arry_parm2_skiparry2
db03 : c92c             [ 2] 	cmp #','
db05 : f006             [ 3] 	beq df_rt_arry_parm2_arry2
db07 : 84be             [ 3] 	sty df_exeoff
db09 : c8               [ 2] 	iny
db0a : 4cfdda           [ 3] 	jmp df_rt_arry_parm2_term
db0d :                       df_rt_arry_parm2_arry2
                             	; get second dimension and put in Y
db0d : 20eeda           [ 6] 	jsr df_rt_arry_parm
db10 : a8               [ 2] 	tay
db11 : 68               [ 4] 	pla
db12 : aa               [ 2] 	tax
                             ;	clc
db13 : 60               [ 6] 	rts
db14 :                       df_rt_arry_parm2_skiparry2
db14 : a000             [ 2] 	ldy #0
db16 : 68               [ 4] 	pla
db17 : aa               [ 2] 	tax
                             ;	clc
db18 : 60               [ 6] 	rts
                             
                             
                             ;****************************************
                             ;* Evaluate and push variable
                             ;* The actual value is pushed if numeric
                             ;* The pointer is pushed if string
                             ;* Carry Set = LVAR else normal RVAR
                             ;* LVAR : Y = line index, A=vvt type, tmpptra = v
                             ;****************************************
db19 :                       df_rt_eval_var
                             	; save carry bit
db19 : 08               [ 3] 	php
                             	; if lvar mode then already passed escape token
db1a : b00e             [ 3] 	bcs df_rt_eval_lvskip
                             	; move past var escape token
db1c : c8               [ 2] 	iny
                             	; get var vvt address
db1d : b1bc             [ 5] 	lda (df_currlin),y
db1f : 85d7             [ 3] 	sta df_tmpptra
db21 : c8               [ 2] 	iny
db22 : 84be             [ 3] 	sty df_exeoff
db24 : b1bc             [ 5] 	lda (df_currlin),y
db26 : 85d8             [ 3] 	sta df_tmpptra+1
                             	; push vvt type first as this is the last thing 
db28 : b2d7             [ 5] 	lda (df_tmpptra)
db2a :                       df_rt_eval_lvskip
db2a : 48               [ 3] 	pha
                             	; Test A for array or string
db2b : 2984             [ 2] 	and #DFVVT_PTR|DFVVT_STR
                             	; simple variable
db2d : f00a             [ 3] 	beq df_rt_eval_var_notarry
                             	; even if an array if no dimensions then return 
                             	; if at end of statement or line then simple cop
                             ;	cpy df_nxtstidx
                             ;	beq df_rt_eval_var_simple
                             	; if next ch is not [ then simple copy
                             	; using knowledge that next char either will be 
db2f : c8               [ 2] 	iny
db30 : b1bc             [ 5] 	lda (df_currlin),y
AS65 Assembler for R6502 [1.42].                                     Page  112
---------------------------------- bank1.s -----------------------------------

db32 : 88               [ 2] 	dey
db33 : c95b             [ 2] 	cmp #'['
db35 : d01a             [ 3] 	bne df_rt_eval_var_simple
                             	; go do array handling
db37 : f028             [ 3] 	beq df_rt_eval_var_do_arry
db39 :                       df_rt_eval_var_notarry
                             	; pull the type, not needed here
db39 : 68               [ 4] 	pla
                             	; pull C and check if lvar wanted rather than rv
db3a : 28               [ 4] 	plp
db3b : b00c             [ 3] 	bcs df_rt_eval_lvar
                             	; just push the vvt lo,hi value
db3d : a001             [ 2] 	ldy #DFVVT_LO
db3f : b1d7             [ 5] 	lda (df_tmpptra),y
db41 : aa               [ 2] 	tax
db42 : a002             [ 2] 	ldy #DFVVT_HI
db44 : b1d7             [ 5] 	lda (df_tmpptra),y
                             
db46 : 4cdbf2           [ 3] 	jmp df_ost_pushInt
                             
db49 :                       df_rt_eval_lvar
                             	; it's not an array, push the address of DFVVT_L
                             	; add DFVVT_LO offset to slot address in X,A
                             ;	clc
                             ;	lda #DFVVT_LO
                             ;	adc df_tmpptra
                             ;	tax
                             ;	lda df_tmpptra+1
                             ;	adc #0
                             
                             	; Using knowledge that DFVVT_LO is always 1 and 
                             	; so no slot will jump over a page boundary
                             	; this is 4+2+4 = 10 cycles vs 2+2+4+2+4+2 = 16 
db49 : a6d7             [ 3] 	ldx df_tmpptra
db4b : e8               [ 2] 	inx
db4c : a5d8             [ 3] 	lda df_tmpptra+1
                             	; push pointer to lo,hi
db4e : 4cd4f2           [ 3] 	jmp df_ost_pushPtr
                             
                             	; Simple push of pointer, needs to be valid
db51 :                       df_rt_eval_var_simple
                             	; clean up stack
db51 : 68               [ 4] 	pla
db52 : 68               [ 4] 	pla
                             	; simply get lo,hi and push ptr on stack
db53 : a001             [ 2] 	ldy #DFVVT_LO
db55 : b1d7             [ 5] 	lda (df_tmpptra),y
db57 : aa               [ 2] 	tax
db58 : a002             [ 2] 	ldy #DFVVT_HI
db5a : b1d7             [ 5] 	lda (df_tmpptra),y
db5c : f078             [ 3] 	beq df_rt_not_dimed
db5e : 4cd4f2           [ 3] 	jmp df_ost_pushPtr
                             
db61 :                       df_rt_eval_var_do_arry
                             	; move past var index
db61 : e6be             [ 5] 	inc df_exeoff
                             	; zero out x,y as they have dimension info
db63 : a200             [ 2] 	ldx #0
db65 : a000             [ 2] 	ldy #0
                             
                             	; ** Array handling routine **
                             	; A on stack = type
AS65 Assembler for R6502 [1.42].                                     Page  113
---------------------------------- bank1.s -----------------------------------

                             	; save vvt address
db67 : a5d8             [ 3] 	lda df_tmpptra+1
db69 : 48               [ 3] 	pha
db6a : a5d7             [ 3] 	lda df_tmpptra
db6c : 48               [ 3] 	pha
                             
                             	; get array parms in X,Y
db6d : 20f5da           [ 6] 	jsr df_rt_arry_parm2
                             	; restore vvt address
db70 : 68               [ 4] 	pla
db71 : 85d7             [ 3] 	sta df_tmpptra
db73 : 68               [ 4] 	pla
db74 : 85d8             [ 3] 	sta df_tmpptra+1
                             	; save dimension indices for later
db76 : 86d9             [ 3] 	stx df_tmpptrb
db78 : 84da             [ 3] 	sty df_tmpptrb+1
                             	; if y is zero then need to decide some stuff
db7a : c000             [ 2] 	cpy #0
db7c : d00e             [ 3] 	bne df_rt_eval_var_dim2adj
                             	; if dim2 > 0 then swap x,y
db7e : a004             [ 2] 	ldy #DFVVT_DIM2
db80 : b1d7             [ 5] 	lda (df_tmpptra),y
db82 : f008             [ 3] 	beq df_rt_eval_var_dim2adj
                             	; swap x,y
db84 : a6d9             [ 3] 	ldx df_tmpptrb
db86 : a4da             [ 3] 	ldy df_tmpptrb+1
db88 : 86da             [ 3] 	stx df_tmpptrb+1
db8a : 84d9             [ 3] 	sty df_tmpptrb
                             
db8c :                       df_rt_eval_var_dim2adj
db8c : a6d9             [ 3] 	ldx df_tmpptrb
db8e : a4da             [ 3] 	ldy df_tmpptrb+1
                             	; don't let y=0
db90 : d001             [ 3] 	bne df_rt_eval_var_dim2adjy
db92 : c8               [ 2] 	iny
db93 :                       df_rt_eval_var_dim2adjy
                             	; don't let x=0
db93 : e000             [ 2] 	cpx #0
db95 : d001             [ 3] 	bne df_rt_eval_var_dim2adjx
db97 : e8               [ 2] 	inx
db98 :                       df_rt_eval_var_dim2adjx
                             	;calculate offset
                             	;(y-1)*dim1 + (x-1)
db98 : ca               [ 2] 	dex
db99 : a900             [ 2] 	lda #0
db9b : 857a             [ 3] 	sta num_a+1
db9d : 88               [ 2] 	dey
                             	; (y-1)
db9e : 8479             [ 3] 	sty num_a
                             	; if y is 0 then no need to multiply
dba0 : f00d             [ 3] 	beq df_rt_eval_var_nomult
                             	; (dim1)
dba2 : a003             [ 2] 	ldy #DFVVT_DIM1
dba4 : a900             [ 2] 	lda #0
dba6 : 857e             [ 3] 	sta num_b+1
dba8 : b1d7             [ 5] 	lda (df_tmpptra),y
dbaa : 857d             [ 3] 	sta num_b
                             	; (y-1)*dim1 num_a has result
dbac : 2044cc           [ 6] 	jsr int_fast_mult
dbaf :                       df_rt_eval_var_nomult
                             	; move x to a
dbaf : 8a               [ 2] 	txa
AS65 Assembler for R6502 [1.42].                                     Page  114
---------------------------------- bank1.s -----------------------------------

                             	; add x to num_a
dbb0 : 18               [ 2] 	clc
dbb1 : 6579             [ 3] 	adc num_a
dbb3 : 8579             [ 3] 	sta num_a
                             	_bcc 2
                             
dbb7 : e67a             [ 5] 	inc num_a+1
                             	; now have element offset in num_a
                             	; dimensions in x and y
dbb9 : a6d9             [ 3] 	ldx df_tmpptrb
dbbb : a4da             [ 3] 	ldy df_tmpptrb+1
                             	; get type of variable originally found
dbbd : 68               [ 4] 	pla
dbbe : 48               [ 3] 	pha
dbbf : 2901             [ 2] 	and #DFVVT_INT
dbc1 : f004             [ 3] 	beq df_rt_eval_var_push
                             	; if it is int then multiply offset by 2
dbc3 : 0679             [ 5] 	asl num_a
dbc5 : 267a             [ 5] 	rol num_a+1
dbc7 :                       df_rt_eval_var_push
                             	; add pointer in lo,hi to num_a
dbc7 : 18               [ 2] 	clc
dbc8 : a001             [ 2] 	ldy #DFVVT_LO
dbca : b1d7             [ 5] 	lda (df_tmpptra),y
dbcc : 6579             [ 3] 	adc num_a
dbce : 8579             [ 3] 	sta num_a
dbd0 : a002             [ 2] 	ldy #DFVVT_HI
dbd2 : b1d7             [ 5] 	lda (df_tmpptra),y
dbd4 : d002             [ 3] 	bne df_rt_array_exists
                             	; if vvt address hi is zero then array not dimen
dbd6 :                       df_rt_not_dimed
                             	SWBRK DFERR_DIM
                             
dbd8 :                       df_rt_array_exists
dbd8 : 657a             [ 3] 	adc num_a+1
dbda : 857a             [ 3] 	sta num_a+1
                             	; get the type
dbdc : 68               [ 4] 	pla
                             	; if not int or byte then push string
dbdd : 2903             [ 2] 	and #DFVVT_INT|DFVVT_BYT
dbdf : f01b             [ 3] 	beq df_rt_eval_var_str
                             	; get LVAR preference
dbe1 : 28               [ 4] 	plp
dbe2 : b019             [ 3] 	bcs df_rt_eval_ptr
                             	; need to load lo and hi for int
                             	; but only lo for byt
dbe4 : 2901             [ 2] 	and #DFVVT_INT
dbe6 : f00b             [ 3] 	beq df_rt_eval_byt
                             	; push the contents pointed to by num_a
dbe8 : a000             [ 2] 	ldy #0
dbea : b179             [ 5] 	lda (num_a),y
dbec : aa               [ 2] 	tax
dbed : c8               [ 2] 	iny
dbee : b179             [ 5] 	lda (num_a),y
dbf0 : 4cdbf2           [ 3] 	jmp df_ost_pushInt
dbf3 :                       df_rt_eval_byt
dbf3 : a000             [ 2] 	ldy #0
dbf5 : b179             [ 5] 	lda (num_a),y
dbf7 : aa               [ 2] 	tax
dbf8 : 98               [ 2] 	tya			; Make A=0
dbf9 : 4cdbf2           [ 3] 	jmp df_ost_pushInt
dbfc :                       df_rt_eval_var_str
AS65 Assembler for R6502 [1.42].                                     Page  115
---------------------------------- bank1.s -----------------------------------

dbfc : 28               [ 4] 	plp
dbfd :                       df_rt_eval_ptr
                             ;	clc
                             	; put num_a not contents
dbfd : a679             [ 3] 	ldx num_a
dbff : a57a             [ 3] 	lda num_a+1
dc01 : 4cd4f2           [ 3] 	jmp df_ost_pushPtr
                             
dc04 :                       df_rt_eval_proc
dc04 : a5ad             [ 3] 	lda df_parmtop				; Save current position of par
dc06 : 48               [ 3] 	pha
dc07 : 2045f1           [ 6] 	jsr df_rt_proc				; Go and call the user functio
dc0a : 68               [ 4] 	pla							; Get back the original parameter stac
dc0b : c5ad             [ 3] 	cmp df_parmtop				; if it is the same, then no r
dc0d : f002             [ 3] 	beq df_rt_eval_proc_err
dc0f : 18               [ 2] 	clc
dc10 : 60               [ 6] 	rts
dc11 :                       df_rt_eval_proc_err
                             	; if no return value then report an errror
                             	SWBRK DFERR_RETURN
                             
                             
                             
                             
                             ;****************************************
                             ;* get two ints off the runtime stack
                             ;* first parm in ptrb, second in ptra
                             ;****************************************
dc13 :                       df_rt_get2Ints
                             	; the first int popped is actually the second pa
dc13 : 20fbf2           [ 6] 	jsr df_ost_popInt
dc16 : 86d9             [ 3] 	stx df_tmpptrb
dc18 : 85da             [ 3] 	sta df_tmpptrb+1
                             
dc1a : 20fbf2           [ 6] 	jsr df_ost_popInt
dc1d : 86d7             [ 3] 	stx df_tmpptra
dc1f : 85d8             [ 3] 	sta df_tmpptra+1
dc21 : 60               [ 6] 	rts
                             
                             ;****************************************
                             ;* get two strings off the runtime stack
                             ;* first parm in ptrb, second in ptra
                             ;****************************************
dc22 :                       df_rt_get2Strs
                             	; the first int popped is actually the second pa
dc22 : 20f3f2           [ 6] 	jsr df_ost_popStr
dc25 : 86d9             [ 3] 	stx df_tmpptrb
dc27 : 85da             [ 3] 	sta df_tmpptrb+1
                             
dc29 : 20f3f2           [ 6] 	jsr df_ost_popStr
dc2c : 86d7             [ 3] 	stx df_tmpptra
dc2e : 85d8             [ 3] 	sta df_tmpptra+1
dc30 : 60               [ 6] 	rts
                             
                             ;****************************************
                             ; common code for 2 ints runtime parsing
                             ;****************************************
dc31 :                       df_rt_parm_2ints
                             	; evaluate 1st parm
dc31 : 207fd9           [ 6] 	jsr df_rt_neval
                             	; jump over comma
dc34 : e6be             [ 5] 	inc df_exeoff
AS65 Assembler for R6502 [1.42].                                     Page  116
---------------------------------- bank1.s -----------------------------------

                             	; evaluate the 2nd parm
dc36 : 207fd9           [ 6] 	jsr df_rt_neval
                             	
dc39 : 4c13dc           [ 3] 	jmp df_rt_get2Ints
                             
                             ;****************************************
                             ; common code for 3 ints runtime parsing
                             ;****************************************
dc3c :                       df_rt_parm_3ints
                             	; evaluate 1st parm
dc3c : 207fd9           [ 6] 	jsr df_rt_neval
dc3f : e6be             [ 5] 	inc df_exeoff
                             	; evaluate the 2nd parm
dc41 : 207fd9           [ 6] 	jsr df_rt_neval
dc44 : e6be             [ 5] 	inc df_exeoff
                             	; evaluate the 3rd parm
dc46 : 207fd9           [ 6] 	jsr df_rt_neval
                             
                             	; pop 3rd parm
dc49 :                       df_rt_parm_pop3
dc49 : 20fbf2           [ 6] 	jsr df_ost_popInt
dc4c : 86db             [ 3] 	stx df_tmpptrc
dc4e : 85dc             [ 3] 	sta df_tmpptrc+1
                             	; pop 2nd and 1st
dc50 : 4c13dc           [ 3] 	jmp df_rt_get2Ints
                             
                             ;****************************************
                             ; common code for 4 ints runtime parsing
                             ;****************************************
dc53 :                       df_rt_parm_4ints
                             	; evaluate 1st parm
dc53 : 207fd9           [ 6] 	jsr df_rt_neval
dc56 : e6be             [ 5] 	inc df_exeoff
                             	; evaluate the 2nd parm
dc58 : 207fd9           [ 6] 	jsr df_rt_neval
dc5b : e6be             [ 5] 	inc df_exeoff
                             	; evaluate the 3rd parm
dc5d : 207fd9           [ 6] 	jsr df_rt_neval
dc60 : e6be             [ 5] 	inc df_exeoff
                             	; evaluate the 4th parm
dc62 : 207fd9           [ 6] 	jsr df_rt_neval
                             
                             	; pop 4th parm
dc65 :                       df_rt_parm_pop4
dc65 : 20fbf2           [ 6] 	jsr df_ost_popInt
dc68 : 86dd             [ 3] 	stx df_tmpptrd
dc6a : 85de             [ 3] 	sta df_tmpptrd+1
                             
                             	; pop 3,2,1 parms
dc6c : 4c49dc           [ 3] 	jmp df_rt_parm_pop3
                             
                             ;****************************************
                             ; common code for 5 ints runtime parsing
                             ;****************************************
dc6f :                       df_rt_parm_5ints
                             	; evaluate 1st parm
dc6f : 207fd9           [ 6] 	jsr df_rt_neval
dc72 : e6be             [ 5] 	inc df_exeoff
                             	; evaluate the 2nd parm
dc74 : 207fd9           [ 6] 	jsr df_rt_neval
dc77 : e6be             [ 5] 	inc df_exeoff
                             	; evaluate the 3rd parm
AS65 Assembler for R6502 [1.42].                                     Page  117
---------------------------------- bank1.s -----------------------------------

dc79 : 207fd9           [ 6] 	jsr df_rt_neval
dc7c : e6be             [ 5] 	inc df_exeoff
                             	; evaluate the 4th parm
dc7e : 207fd9           [ 6] 	jsr df_rt_neval
dc81 : e6be             [ 5] 	inc df_exeoff
                             	; evaluate the 5th parm
dc83 : 207fd9           [ 6] 	jsr df_rt_neval
                             
                             	; pop 5th parm
dc86 : 20fbf2           [ 6] 	jsr df_ost_popInt
dc89 : 86df             [ 3] 	stx df_tmpptre
dc8b : 85e0             [ 3] 	sta df_tmpptre+1
                             
                             	; pop 4,3,2,1 parms
dc8d : 4c65dc           [ 3] 	jmp df_rt_parm_pop4
                             
                             ;****************************************
                             ;* initialise statement to be executed
                             ;* X,A = line pointer, Y=statement offset
                             ;****************************************
dc90 :                       df_rt_init_stat_ptr
                             	; save current line
dc90 : 86bc             [ 3] 	stx df_currlin
dc92 : 85bd             [ 3] 	sta df_currlin+1
dc94 : 84be             [ 3] 	sty df_exeoff
dc96 : 84b6             [ 3] 	sty df_curstidx
dc98 : b1bc             [ 5] 	lda (df_currlin),y
dc9a : 85b5             [ 3] 	sta df_nxtstidx
                             ;	ldx #0
                             ;	lda (df_currlin,x)
dc9c : b2bc             [ 5] 	lda (df_currlin)
dc9e : 85b4             [ 3] 	sta df_eolidx
dca0 : 60               [ 6] 	rts
                             
                             ;****************************************
                             ;* Execute from a statement pointed to
                             ;* by currlin and exeoff
                             ;****************************************
dca1 :                       df_rt_exec_stat
dca1 : a6bc             [ 3] 	ldx df_currlin
dca3 : a5bd             [ 3] 	lda df_currlin+1
dca5 : a4be             [ 3] 	ldy df_exeoff
dca7 :                       df_rt_exec_init_ptr
dca7 : 2090dc           [ 6] 	jsr df_rt_init_stat_ptr
                             	; assume normal flow of control if next line hi 
                             	; this means no line can execute below page 1, n
                             ;	lda #0
                             ;	sta df_nextlin+1
dcaa : 64c0             [ 3] 	stz df_nextlin+1
                             
                             	; find first token in statement
dcac :                       df_rt_exec_find_tok
dcac : c8               [ 2] 	iny
dcad : b1bc             [ 5] 	lda (df_currlin),y
dcaf : 10fb             [ 3] 	bpl df_rt_exec_find_tok
dcb1 :                       df_rt_exec_found_tok
                             	; skip past token to next byte in readiness
dcb1 : c8               [ 2] 	iny
dcb2 : 84be             [ 3] 	sty df_exeoff
                             	; Run that statement - if end of return will pul
                             	; and effectively do an rts from this routine.
dcb4 : 2007dd           [ 6] 	jsr df_rt_run_token
AS65 Assembler for R6502 [1.42].                                     Page  118
---------------------------------- bank1.s -----------------------------------

                             
                             	; check for break, asynch get
dcb7 : a592             [ 3] 	lda df_checkmsk
dcb9 : 300e             [ 3] 	bmi df_rt_exec_no_key
dcbb : c691             [ 5] 	dec df_checkkey
dcbd : d00a             [ 3] 	bne df_rt_exec_no_key
dcbf : a592             [ 3] 	lda df_checkmsk
dcc1 : 8591             [ 3] 	sta df_checkkey
dcc3 : 18               [ 2] 	clc
dcc4 : 2090c5           [ 6] 	jsr io_get_ch
dcc7 : 9027             [ 3] 	bcc df_rt_exec_check_key
dcc9 :                       df_rt_exec_no_key
                             	; check if normal flow of control
dcc9 : a5c0             [ 3] 	lda df_nextlin+1
dccb : d031             [ 3] 	bne df_rt_exec_jump
                             	; try and execute another statement until end of
dccd : a4b5             [ 3] 	ldy df_nxtstidx
dccf : c4b4             [ 3] 	cpy df_eolidx
dcd1 : 84be             [ 3] 	sty df_exeoff
dcd3 : d0cc             [ 3] 	bne df_rt_exec_stat
                             	
                             
                             	; reached end of line, move to next
dcd5 : 18               [ 2] 	clc
                             ;	ldx #0
                             ;	lda (df_currlin,x)
dcd6 : b2bc             [ 5] 	lda (df_currlin)
dcd8 : 65bc             [ 3] 	adc df_currlin
dcda : 85bc             [ 3] 	sta df_currlin
                             	_bcc 2
                             
dcde : e6bd             [ 5] 	inc df_currlin+1
                             
                             	; start from first statement in new line
dce0 : a003             [ 2] 	ldy #3
dce2 : 84be             [ 3] 	sty df_exeoff
                             
                             	; check if this line has any content (length >0)
                             ;	lda (df_currlin,x)
dce4 : b2bc             [ 5] 	lda (df_currlin)
dce6 : 85b4             [ 3] 	sta df_eolidx
                             	; no more lines (len = 0), program done
dce8 : d0b7             [ 3] 	bne df_rt_exec_stat
                             	; else done
                             	; normally wouldn't get here except immediate mo
                             	; if line number <> 0 then error
dcea : a594             [ 3] 	lda df_immed
dcec : f00e             [ 3] 	beq df_rt_unexpected_end
dcee :                       df_rt_exec_end
dcee : 18               [ 2] 	clc
dcef : 60               [ 6] 	rts
dcf0 :                       df_rt_exec_check_key
dcf0 : c91a             [ 2] 	cmp #UTF_BRK					; CTRK-Z?
dcf2 : f006             [ 3] 	beq df_rt_exec_ctrl_z
dcf4 : c903             [ 2] 	cmp #UTF_ETX					; CTRL-C?
dcf6 : d0d1             [ 3] 	bne df_rt_exec_no_key			; None relevant keys, go
dcf8 :                       df_rt_exec_ctrl_c
                             	SWBRK DFERR_BREAK
                             
dcfa :                       df_rt_exec_ctrl_z
                             	; Force a break with zero error number
                             	; this will drop in to the monitor
AS65 Assembler for R6502 [1.42].                                     Page  119
---------------------------------- bank1.s -----------------------------------

                             	SWBRK 0
                             
                             
dcfc :                       df_rt_unexpected_end
                             	SWBRK DFERR_IMMEDIATE
                             
                             
                             	; if hi byte of nextline is not zero then
                             	; current line = next line
dcfe :                       df_rt_exec_jump
                             	; initialise statement pointer from nextlin,toks
dcfe : a6bf             [ 3] 	ldx df_nextlin
dd00 : a5c0             [ 3] 	lda df_nextlin+1
dd02 : a4b5             [ 3] 	ldy df_nxtstidx
dd04 : 4ca7dc           [ 3] 	jmp df_rt_exec_init_ptr
                             
                             
                             ;****************************************
                             ;* Run statement in A
                             ;****************************************
dd07 :                       df_rt_run_token
                             	; mask off MSB
                             ;	and #0x7f
                             	; multiply by 2
dd07 : 0a               [ 2] 	asl a
dd08 : aa               [ 2] 	tax
dd09 : 7ce4dd           [ 6] 	jmp (df_rt_tokenjmp,x)
                             ;	lda df_rt_tokenjmp,x
                             ;	sta df_tmpptra
                             ;	lda df_rt_tokenjmp+1,x
                             ;	sta df_tmpptra+1
                             ;	; execution code finishes with rts
                             ;	jmp (df_tmpptra)
                             
                             
                             ;****************************************
                             ;* X,A : Line Address, Y = Index
                             ;* C=0 Found next statement
                             ;* C=1 No statement found
                             ;****************************************
dd0c :                       df_rt_nextstat
                             	; save pointer
dd0c : 86c6             [ 3] 	stx df_lineptr
dd0e : 85c7             [ 3] 	sta df_lineptr+1
                             	; if end of program then err
                             ;	ldx #0
                             ;	lda (df_lineptr,x)
dd10 : b2c6             [ 5] 	lda (df_lineptr)
dd12 : f022             [ 3] 	beq df_rt_nextstat_err
                             	; if next statement idx == line length
                             ;	lda (df_lineptr),y
                             ;	beq df_rt_nextstat_ln
dd14 : b1c6             [ 5] 	lda (df_lineptr),y
                             ;	cmp (df_lineptr,x)
dd16 : d2c6             [ 5] 	cmp (df_lineptr)
dd18 : f007             [ 3] 	beq df_rt_nextstat_ln
                             	; then go to next line
                             	; else make this Y
dd1a : a8               [ 2] 	tay
                             	; X = line low
dd1b : a6c6             [ 3] 	ldx df_lineptr
                             	; A = line high
AS65 Assembler for R6502 [1.42].                                     Page  120
---------------------------------- bank1.s -----------------------------------

dd1d : a5c7             [ 3] 	lda df_lineptr+1
dd1f : 18               [ 2] 	clc
dd20 : 60               [ 6] 	rts
dd21 :                       df_rt_nextstat_ln
                             	; for next line, add line length to ptr
dd21 : 18               [ 2] 	clc
dd22 : 65c6             [ 3] 	adc df_lineptr
dd24 : 85c6             [ 3] 	sta df_lineptr
                             	_bcc 2
                             
dd28 : e6c7             [ 5] 	inc df_lineptr+1
                             	; if end of program set C as error
                             ;	lda (df_lineptr,x)
dd2a : b2c6             [ 5] 	lda (df_lineptr)
dd2c : f008             [ 3] 	beq df_rt_nextstat_err
dd2e : a6c6             [ 3] 	ldx df_lineptr
dd30 : a5c7             [ 3] 	lda df_lineptr+1
                             	; always skip line number and length for start o
dd32 : a003             [ 2] 	ldy #3
dd34 : 18               [ 2] 	clc
dd35 : 60               [ 6] 	rts
dd36 :                       df_rt_nextstat_err
dd36 : a000             [ 2] 	ldy #0
dd38 : 38               [ 2] 	sec
dd39 : 60               [ 6] 	rts
                             
                             ;****************************************
                             ;* Push current line and statement to runtime sta
                             ;****************************************
dd3a :                       df_rt_push_stat
dd3a : a5b6             [ 3] 	lda df_curstidx
dd3c : 209df2           [ 6] 	jsr df_rst_pushByte
dd3f : a5bd             [ 3] 	lda df_currlin+1
dd41 : a6bc             [ 3] 	ldx df_currlin
dd43 : 4cb5f2           [ 3] 	jmp df_rst_pushWord
                             ;	clc
                             ;	rts
                             
                             ;****************************************
                             ;* Pop line and statement from runtime stack
                             ;* And transfer control to next statement
                             ;****************************************
dd46 :                       df_rt_pop_stat
dd46 : 20c3f2           [ 6] 	jsr df_rst_popWord
dd49 : 86bf             [ 3] 	stx	df_nextlin
dd4b : 85c0             [ 3] 	sta df_nextlin+1
dd4d : 20a6f2           [ 6] 	jsr df_rst_popByte
dd50 : a8               [ 2] 	tay
dd51 : a6bf             [ 3] 	ldx df_nextlin
dd53 : a5c0             [ 3] 	lda df_nextlin+1
dd55 : 200cdd           [ 6] 	jsr df_rt_nextstat
dd58 : 86bf             [ 3] 	stx df_nextlin
dd5a : 85c0             [ 3] 	sta df_nextlin+1
dd5c : 84b5             [ 3] 	sty df_nxtstidx
                             ;	clc
dd5e : 60               [ 6] 	rts
                             
                             ;****************************************
                             ;* Find proc definition in procptr
                             ;* Only call if proc not found before
                             ;****************************************
dd5f :                       df_rt_findproc
AS65 Assembler for R6502 [1.42].                                     Page  121
---------------------------------- bank1.s -----------------------------------

                             	; start at program beginning
                             	_cpyZPWord df_prgstrt,df_lineptr
                             
dd67 : a003             [ 2] 	ldy #3
dd69 : 84c8             [ 3] 	sty df_lineidx
                             ;	ldx #0
                             ;	lda (df_lineptr,x)
dd6b : b2c6             [ 5] 	lda (df_lineptr)
dd6d : f034             [ 3] 	beq df_rt_findproc_err
dd6f :                       df_rt_findproc_cmd
dd6f : c8               [ 2] 	iny
dd70 : b1c6             [ 5] 	lda (df_lineptr),y
dd72 : 10fb             [ 3] 	bpl df_rt_findproc_cmd
dd74 : c986             [ 2] 	cmp #DFRT_DEF
dd76 : d017             [ 3] 	bne df_rt_findproc_nextstat
                             	; skip def token
dd78 : c8               [ 2] 	iny
                             	; skip proc escape token
dd79 : c8               [ 2] 	iny
                             	; now check the proc address against procptr
dd7a : b1c6             [ 5] 	lda (df_lineptr),y
dd7c : c5c4             [ 3] 	cmp df_procptr
dd7e : d00f             [ 3] 	bne df_rt_findproc_nextstat
dd80 : c8               [ 2] 	iny
dd81 : b1c6             [ 5] 	lda (df_lineptr),y
dd83 : c5c5             [ 3] 	cmp df_procptr+1
dd85 : d008             [ 3] 	bne df_rt_findproc_nextstat
                             
                             	; found it, return AXY with line details
dd87 : a6c6             [ 3] 	ldx df_lineptr
dd89 : a5c7             [ 3] 	lda df_lineptr+1
dd8b : a4c8             [ 3] 	ldy df_lineidx
dd8d : 18               [ 2] 	clc
dd8e : 60               [ 6] 	rts
dd8f :                       df_rt_findproc_nextstat
                             	; restore AXY line details and find next stateme
dd8f : a6c6             [ 3] 	ldx df_lineptr
dd91 : a5c7             [ 3] 	lda df_lineptr+1
dd93 : a4c8             [ 3] 	ldy df_lineidx
dd95 : 200cdd           [ 6] 	jsr df_rt_nextstat
dd98 : b009             [ 3] 	bcs df_rt_findproc_err
dd9a : 86c6             [ 3] 	stx df_lineptr
dd9c : 85c7             [ 3] 	sta df_lineptr+1
dd9e : 84c8             [ 3] 	sty df_lineidx
dda0 : 4c6fdd           [ 3] 	jmp df_rt_findproc_cmd
                             	; error
dda3 :                       df_rt_findproc_err
                             	SWBRK DFERR_NOPROC
                             
                             
                             ;****************************************
                             ;* Find an escape value
                             ;* Does not check for end of line or statement
                             ;****************************************
dda5 :                       df_rt_findescval
dda5 : a4be             [ 3] 	ldy df_exeoff
dda7 : 88               [ 2] 	dey
dda8 :                       df_rt_findescval_loop
dda8 : c8               [ 2] 	iny
dda9 : b1bc             [ 5] 	lda (df_currlin),y
ddab : c920             [ 2] 	cmp #DFTK_ESCVAL
ddad : b0f9             [ 3] 	bcs df_rt_findescval_loop
AS65 Assembler for R6502 [1.42].                                     Page  122
---------------------------------- bank1.s -----------------------------------

ddaf : 84be             [ 3] 	sty df_exeoff
ddb1 : 60               [ 6] 	rts
                             
                             ;****************************************
                             ;* Skip white space
                             ;* Does not check for end of line or statement
                             ;* A contains non-ws char, df_exeoff updated
                             ;****************************************
ddb2 :                       df_rt_skip_ws
ddb2 : a4be             [ 3] 	ldy df_exeoff
ddb4 : 88               [ 2] 	dey
ddb5 :                       df_rt_skip_ws_loop
ddb5 : c8               [ 2] 	iny
ddb6 : b1bc             [ 5] 	lda (df_currlin),y
ddb8 : c920             [ 2] 	cmp #' '
ddba : f0f9             [ 3] 	beq df_rt_skip_ws_loop
ddbc : 84be             [ 3] 	sty df_exeoff
ddbe : 60               [ 6] 	rts
                             
                             ;****************************************
                             ;* Get an lvar
                             ;* Assumes next token will be escape DFTK_VAR
                             ;* tmpptra contains vvt slot address
                             ;* X,A is the lvar pointer
                             ;****************************************
ddbf :                       df_rt_getlvar
ddbf : 20a5dd           [ 6] 	jsr df_rt_findescval
                             	; move past the escape value
ddc2 : c8               [ 2] 	iny
                             
                             	; get variable address
ddc3 : b1bc             [ 5] 	lda (df_currlin),y
ddc5 : 85d7             [ 3] 	sta df_tmpptra
ddc7 : c8               [ 2] 	iny
ddc8 : b1bc             [ 5] 	lda (df_currlin),y
ddca : 85d8             [ 3] 	sta df_tmpptra+1
                             
ddcc : 84be             [ 3] 	sty df_exeoff
                             	; get the type
ddce : a000             [ 2] 	ldy #0
ddd0 : b1d7             [ 5] 	lda (df_tmpptra),y
                             	; set carry flag to return pointer (lvar)
ddd2 : 38               [ 2] 	sec
ddd3 : a4be             [ 3] 	ldy df_exeoff
ddd5 : 2019db           [ 6] 	jsr df_rt_eval_var
ddd8 : 4cf7f2           [ 3] 	jmp df_ost_popPtr
                             ;	rts
                             
                             ;****************************************
                             ;* Pop stat from rt stack and continue
                             ;* Y MUST BE ON THE CPU STACK AS IT GETS PLYed HE
                             ;****************************************
dddb :                       df_rt_pop_stat_go
dddb : 2046dd           [ 6] 	jsr df_rt_pop_stat
                             	; restore stack pointer so we don't lose this en
ddde : 68               [ 4] 	pla
dddf : a8               [ 2] 	tay
dde0 : 84ac             [ 3] 	sty df_rtstop
dde2 : 18               [ 2] 	clc
dde3 : 60               [ 6] 	rts
                             
                             	include "dflat/rtjmptab.s"
AS65 Assembler for R6502 [1.42].                                     Page  123
---------------------------------- bank1.s -----------------------------------

                             ;************************************************
                             ;*
                             ;*	BBC-128 HOMEBREW COMPUTER
                             ;*	Hardware and software design by @6502Nerd (Dol
                             ;*	Copyright 2014-20
                             ;*  Free to use for any non-commercial purpose su
                             ;*  appropriate credit of my authorship please!
                             ;*
                             ;*  RTJUMPTAB.S
                             ;*  Runtime token jump table.
                             ;*  dflat uses four key tables to tokenise and ru
                             ;*  - df_tokensyms    - table of token symbols
                             ;*  - df_tk_tokentype - table of token types
                             ;*  - df_tk_tokenjmp  - table of tokenising routi
                             ;*  - df_rt_tokenjmp  - table of runtime token an
                             ;*  The key is the token symbols.  When a line is
                             ;*  in to the raw (untokenised) buffer, df_tokens
                             ;*  used to identify tokens.  The position of the
                             ;*  token is used to then look up type and jump v
                             ;*  in the other tables.
                             ;*
                             ;************************************************
                             
                             	; ROM code
                             	code  
                             
                             ; Tokeniser jump table
                             ; In token order of df_tokensyms
dde4 :                       df_rt_tokenjmp
dde4 : 66e6                  	dw	df_rt_assign
dde6 : 45f1                  	dw	df_rt_proc
dde8 : 6ce6                  	dw	df_rt_comment
ddea : 1ae6                  	dw	df_rt_println
ddec : dfe5                  	dw	df_rt_printat
ddee : e9e5                  	dw	df_rt_print
ddf0 : e5f1                  	dw	df_rt_def			; 0x86
ddf2 : 5ff2                  	dw	df_rt_enddef		; 0x87
ddf4 : 5cf2                  	dw	df_rt_return		; 0x88
ddf6 : 02f1                  	dw	df_rt_abort			; 0x89
ddf8 : c0e3                  	dw	df_rt_local
ddfa : ece3                  	dw	df_rt_dim
ddfc : 95e2                  	dw	df_rt_repeat		; 0x8c
ddfe : 9de2                  	dw	df_rt_until
de00 : 00e2                  	dw	df_rt_for			; 0x8e
de02 : 3ae2                  	dw	df_rt_next			; 0x8f
de04 : e2e0                  	dw	df_rt_while			; 0x90
de06 : 47e1                  	dw	df_rt_wend			; 0x81
de08 : c1e1                  	dw	df_rt_if			; 0x92
de0a : afe1                  	dw	df_rt_else			; 0x93
de0c : aae1                  	dw	df_rt_endif			; 0x94
de0e : afe1                  	dw	df_rt_elseif		; 0x95
de10 : 6ce6                  	dw	df_rt_data			; 0x96
de12 : 04f6                  	dw	df_rt_asm_assemble	; 0x97
de14 : 6de6                  	dw	df_rt_run
de16 : 62e7                  	dw	df_rt_list
de18 : 8be3                  	dw	df_rt_input
de1a : f6e4                  	dw	df_rt_mode
de1c : 7ae4                  	dw	df_rt_plot
de1e : e3e4                  	dw	df_rt_cursor
de20 : 70e4                  	dw	df_rt_cls
de22 : c6e9                  	dw	df_rt_vpoke
de24 : dde9                  	dw	df_rt_setvdp
AS65 Assembler for R6502 [1.42].                                     Page  124
---------------------------------- bank1.s -----------------------------------

de26 : e7e9                  	dw	df_rt_colour
de28 : 35ea                  	dw	df_rt_spritepat
de2a : 63ea                  	dw	df_rt_spritepos
de2c : a1ea                  	dw	df_rt_spritecol
de2e : a6ea                  	dw	df_rt_spritenme
de30 : 0cea                  	dw	df_rt_sprite
de32 : bee9                  	dw	df_rt_poke
de34 : b0e9                  	dw	df_rt_doke
de36 : d4ea                  	dw	df_rt_sound
de38 : e5ea                  	dw	df_rt_music
de3a : 03eb                  	dw	df_rt_play
de3c : deeb                  	dw	df_rt_save
de3e : faeb                  	dw	df_rt_load
de40 : 7bed                  	dw	df_rt_dir
de42 : fbed                  	dw	df_rt_dirl
de44 : 4cec                  	dw	df_rt_del
de46 : 73e3                  	dw	df_rt_read
de48 : dfe0                  	dw	df_rt_new
de4a : 7ee6                  	dw	df_rt_renum
de4c : c6e5                  	dw	df_rt_wait
de4e : 31ee                  	dw	df_rt_reset
de50 : f6e4                  	dw	df_rt_hires
de52 : 17e5                  	dw	df_rt_point
de54 : 3fe5                  	dw	df_rt_line
de56 : 21e5                  	dw	df_rt_hplot
de58 : fde4                  	dw	df_rt_pixmode
de5a : 03e5                  	dw	df_rt_pixmask
de5c : 09e5                  	dw	df_rt_pixcol
de5e : 55e5                  	dw	df_rt_box
de60 : 2de5                  	dw	df_rt_circle
de62 : 6be5                  	dw	df_rt_shape
de64 : b2ec                  	dw	df_rt_vload
de66 : 83ec                  	dw	df_rt_bload
de68 : 65ec                  	dw	df_rt_cload
de6a : 36eb                  	dw	df_rt_bsave
de6c : e9e4                  	dw	df_rt_himem
de6e : dbe0                  	dw	df_rt_monitor
de70 : 53ec                  	dw	df_rt_chdir
de72 : 5cec                  	dw	df_rt_mkdir
de74 : 49ee                  	dw	df_rt_datetime
de76 : d2e9                  	dw	df_rt_nvpoke
de78 : a5ec                  	dw	df_rt_font
de7a : 2af1                  	dw	df_rt_device
de7c : 1ff1                  	dw	df_rt_fclose
de7e : e9e3                  	dw	df_rt_redim
de80 : 0fe5                  	dw  df_rt_put
de82 : 17ed                  	dw	df_rt_ptload
de84 : 57ed                  	dw	df_rt_ptinit
de86 : 63ed                  	dw	df_rt_ptrun
                             
de88 : c1ee                  	dw	df_rt_vpeek
de8a : a8ee                  	dw	df_rt_peek
de8c : a5ee                  	dw	df_rt_deek
de8e : feee                  	dw	df_rt_stick
de90 : 6eef                  	dw	df_rt_key
de92 : 32f0                  	dw	df_rt_chr
de94 : 85f0                  	dw	df_rt_left
de96 : 96f0                  	dw	df_rt_right
de98 : b1f0                  	dw	df_rt_mid
de9a : cff0                  	dw	df_rt_len
de9c : 22ef                  	dw	df_rt_mem
de9e : 81ef                  	dw	df_rt_scrn
AS65 Assembler for R6502 [1.42].                                     Page  125
---------------------------------- bank1.s -----------------------------------

dea0 : d9ee                  	dw	df_rt_rnd
dea2 : 9def                  	dw	df_rt_elapsed
dea4 : bbef                  	dw	df_rt_call
dea6 : 46f0                  	dw	df_rt_hex
dea8 : 77f0                  	dw	df_rt_dec
deaa : dbf0                  	dw	df_rt_asc
deac : ecf0                  	dw	df_rt_val
deae : 91ef                  	dw	df_rt_pixel
deb0 : cdef                  	dw	df_rt_sgn
deb2 : eaef                  	dw	df_rt_addr
deb4 : cdee                  	dw	df_rt_nvpeek
deb6 : 04f1                  	dw	df_rt_fcreate
deb8 : 17f1                  	dw	df_rt_fopen
deba : 6eef                  	dw  df_rt_get
                             	
debc : 2fdf                  	dw	df_rt_mult
debe : 50df                  	dw	df_rt_div
dec0 : 71df                  	dw	df_rt_mod
dec2 : 92df                  	dw	df_rt_asl
dec4 : a5df                  	dw	df_rt_lsr
dec6 : 09df                  	dw	df_rt_add
dec8 : 1cdf                  	dw	df_rt_sub
                             	
deca : b8df                  	dw	df_rt_and
decc : c7df                  	dw	df_rt_or
dece : d6df                  	dw	df_rt_eor
ded0 : 75e0                  	dw	df_rt_comlte
ded2 : 80e0                  	dw	df_rt_comgte
ded4 : 8be0                  	dw	df_rt_comne
ded6 : 54e0                  	dw	df_rt_comlt
ded8 : 5fe0                  	dw	df_rt_comgt
deda : 6ae0                  	dw	df_rt_comeq
                             
                             
                             ; escape sequence handlers
                             ; to do the reverse of tokenising during the list
                             ; command which is also used to save to disk.
dedc :                       df_rt_escjmp
dedc : 36e8                  	dw df_rt_lst_chr
dede : 35e8                  	dw df_rt_lst_reserved
dee0 : 35e8                  	dw df_rt_lst_reserved
dee2 : 35e8                  	dw df_rt_lst_reserved
dee4 : 35e8                  	dw df_rt_lst_reserved	
dee6 : 35e8                  	dw df_rt_lst_reserved	; no such thing as bytdec
dee8 : 53e8                  	dw df_rt_lst_bythex
deea : 78e8                  	dw df_rt_lst_bytbin
deec : 35e8                  	dw df_rt_lst_reserved	
deee : 9ce8                  	dw df_rt_lst_intdec
def0 : 66e8                  	dw df_rt_lst_inthex
def2 : 80e8                  	dw df_rt_lst_intbin
def4 : 35e8                  	dw df_rt_lst_reserved
def6 : 35e8                  	dw df_rt_lst_reserved
def8 : 35e8                  	dw df_rt_lst_reserved
defa : 35e8                  	dw df_rt_lst_reserved	
defc : f9e8                  	dw df_rt_lst_strlit
defe : a7e8                  	dw df_rt_lst_var
df00 : a7e8                  	dw df_rt_lst_proc
                             
                             	include "dflat/rtsubs.s"
                             ;************************************************
                             ;*
                             ;*	BBC-128 HOMEBREW COMPUTER
AS65 Assembler for R6502 [1.42].                                     Page  126
---------------------------------- bank1.s -----------------------------------

                             ;*	Hardware and software design by @6502Nerd (Dol
                             ;*	Copyright 2014-20
                             ;*  Free to use for any non-commercial purpose su
                             ;*  appropriate credit of my authorship please!
                             ;*
                             ;*  RTSUBS.S
                             ;*  Module that implements the runtime execution 
                             ;*  keywords and functions.
                             ;*  So this is where most of the action is for ru
                             ;*  a line is being executed, the dflat runtime c
                             ;*  jumps through the runtime table to routines h
                             ;*  Every dflat statement begins with a token (ig
                             ;*  whitespace), even the implicit assignment and
                             ;*  invocation.
                             ;*
                             ;************************************************
                             
                             	; ROM code
                             	code  
                             
df02 :                       mod_sz_rtsubs_s
                             
                             	include "dflat\numop.s"
                             ;************************************************
                             ;*
                             ;*	BBC128
                             ;*	Dolo Miah (@6502Nerd)
                             ;*	Copyright (c) 2020
                             ;*  Free to use for any non-commercial purpose su
                             ;*  credit of original my authorship please!
                             ;*
                             ;*  NUMOP.S
                             ;*	Dflat number AND string operators.
                             ;*  Uses the operator stack to get parameters, le
                             ;*  result on the operator stack.
                             ;*
                             ;************************************************
                             
                             	; ROM code
                             	code  
                             
                             ; common pushint code
df02 :                       df_rt_putintres
df02 : a6d7             [ 3] 	ldx df_tmpptra
df04 : a5d8             [ 3] 	lda df_tmpptra+1
df06 : 4cdbf2           [ 3] 	jmp df_ost_pushInt
                             
                             ; add two numbers
df09 :                       df_rt_add
df09 : 2013dc           [ 6] 	jsr df_rt_get2Ints
                             	_addZPWord df_tmpptra,df_tmpptrb
                             
df19 : 4c02df           [ 3] 	jmp df_rt_putintres
                             	
                             ; subtract
df1c :                       df_rt_sub
df1c : 2013dc           [ 6] 	jsr df_rt_get2Ints
                             	_subZPWord df_tmpptra,df_tmpptrb
                             
df2c : 4c02df           [ 3] 	jmp df_rt_putintres
                             
                             ; multiply
AS65 Assembler for R6502 [1.42].                                     Page  127
---------------------------------- bank1.s -----------------------------------

df2f :                       df_rt_mult
df2f : 2013dc           [ 6] 	jsr df_rt_get2Ints
                             	_cpyZPWord df_tmpptra,num_a
                             
                             	_cpyZPWord df_tmpptrb,num_b
                             
df42 : 206bcc           [ 6] 	jsr int_mult
                             	_cpyZPWord num_a,df_tmpptra
                             
df4d : 4c02df           [ 3] 	jmp df_rt_putintres
                             
                             ; divide
df50 :                       df_rt_div
df50 : 2013dc           [ 6] 	jsr df_rt_get2Ints
                             	_cpyZPWord df_tmpptra,num_a
                             
                             	_cpyZPWord df_tmpptrb,num_b
                             
df63 : 2094cc           [ 6] 	jsr int_div
                             	_cpyZPWord num_a,df_tmpptra
                             
df6e : 4c02df           [ 3] 	jmp df_rt_putintres
                             
                             ; mod
df71 :                       df_rt_mod
df71 : 2013dc           [ 6] 	jsr df_rt_get2Ints
                             	_cpyZPWord df_tmpptra,num_a
                             
                             	_cpyZPWord df_tmpptrb,num_b
                             
df84 : 2094cc           [ 6] 	jsr int_div
                             	_cpyZPWord num_x,df_tmpptra
                             
df8f : 4c02df           [ 3] 	jmp df_rt_putintres
                             
                             ; shift left
df92 :                       df_rt_asl
df92 : 2013dc           [ 6] 	jsr df_rt_get2Ints
                             	; use low byte only for # of shifts
df95 : a6d9             [ 3] 	ldx df_tmpptrb
df97 : e8               [ 2] 	inx
df98 :                       df_rt_aslbit
df98 : ca               [ 2] 	dex
df99 : f007             [ 3] 	beq df_rt_asldone
df9b : 06d7             [ 5] 	asl df_tmpptra
df9d : 26d8             [ 5] 	rol df_tmpptra+1
df9f : 4c98df           [ 3] 	jmp df_rt_aslbit
dfa2 :                       df_rt_asldone
dfa2 : 4c02df           [ 3] 	jmp df_rt_putintres
                             
                             ; shift right
dfa5 :                       df_rt_lsr
dfa5 : 2013dc           [ 6] 	jsr df_rt_get2Ints
                             	; use low byte only for # of shifts
dfa8 : a6d9             [ 3] 	ldx df_tmpptrb
dfaa : e8               [ 2] 	inx
dfab :                       df_rt_lsrbit
dfab : ca               [ 2] 	dex
dfac : f007             [ 3] 	beq df_rt_lsrdone
dfae : 46d8             [ 5] 	lsr df_tmpptra+1
dfb0 : 66d7             [ 5] 	ror df_tmpptra
dfb2 : 4cabdf           [ 3] 	jmp df_rt_lsrbit
AS65 Assembler for R6502 [1.42].                                     Page  128
---------------------------------- bank1.s -----------------------------------

dfb5 :                       df_rt_lsrdone
dfb5 : 4c02df           [ 3] 	jmp df_rt_putintres
                             
                             ; logical and
dfb8 :                       df_rt_and
dfb8 : 2013dc           [ 6] 	jsr df_rt_get2Ints
dfbb : a5d7             [ 3] 	lda df_tmpptra
dfbd : 25d9             [ 3] 	and df_tmpptrb
dfbf : aa               [ 2] 	tax
dfc0 : a5d8             [ 3] 	lda df_tmpptra+1
dfc2 : 25da             [ 3] 	and df_tmpptrb+1
dfc4 : 4cdbf2           [ 3] 	jmp df_ost_pushInt
                             	
                             ; logical or
dfc7 :                       df_rt_or
dfc7 : 2013dc           [ 6] 	jsr df_rt_get2Ints
dfca : a5d7             [ 3] 	lda df_tmpptra
dfcc : 05d9             [ 3] 	ora df_tmpptrb
dfce : aa               [ 2] 	tax
dfcf : a5d8             [ 3] 	lda df_tmpptra+1
dfd1 : 05da             [ 3] 	ora df_tmpptrb+1
dfd3 : 4cdbf2           [ 3] 	jmp df_ost_pushInt
                             
                             ; logical eor
dfd6 :                       df_rt_eor
dfd6 : 2013dc           [ 6] 	jsr df_rt_get2Ints
dfd9 : a5d7             [ 3] 	lda df_tmpptra
dfdb : 45d9             [ 3] 	eor df_tmpptrb
dfdd : aa               [ 2] 	tax
dfde : a5d8             [ 3] 	lda df_tmpptra+1
dfe0 : 45da             [ 3] 	eor df_tmpptrb+1
dfe2 : 4cdbf2           [ 3] 	jmp df_ost_pushInt
                             
                             ; a==b common function
dfe5 :                       df_rt_aequb
dfe5 : a5d7             [ 3] 	lda df_tmpptra
dfe7 : c5d9             [ 3] 	cmp df_tmpptrb
dfe9 : d004             [ 3] 	bne df_rt_aequbFin
dfeb : a5d8             [ 3] 	lda df_tmpptra+1
dfed : c5da             [ 3] 	cmp df_tmpptrb+1
dfef :                       df_rt_aequbFin
dfef : 60               [ 6] 	rts
                             
                             ; a-b common function
dff0 :                       df_rt_asubb
dff0 : 38               [ 2] 	sec
dff1 : a5d7             [ 3] 	lda df_tmpptra
dff3 : e5d9             [ 3] 	sbc df_tmpptrb
dff5 : a5d8             [ 3] 	lda df_tmpptra+1
dff7 : e5da             [ 3] 	sbc df_tmpptrb+1
dff9 : 5002             [ 3] 	bvc df_rt_asubbFin
dffb : 4980             [ 2] 	eor #0x80
dffd :                       df_rt_asubbFin
dffd : 60               [ 6] 	rts
                             
                             ; b-a common function
dffe :                       df_rt_bsuba
dffe : 38               [ 2] 	sec
dfff : a5d9             [ 3] 	lda df_tmpptrb
e001 : e5d7             [ 3] 	sbc df_tmpptra
e003 : a5da             [ 3] 	lda df_tmpptrb+1
e005 : e5d8             [ 3] 	sbc df_tmpptra+1
AS65 Assembler for R6502 [1.42].                                     Page  129
---------------------------------- bank1.s -----------------------------------

e007 : 5002             [ 3] 	bvc df_rt_bsubaFin
e009 : 4980             [ 2] 	eor #0x80
e00b :                       df_rt_bsubaFin
e00b : 60               [ 6] 	rts
                             
                             ; common routine push true
e00c :                       df_rt_true
e00c : a2ff             [ 2] 	ldx #0xff
e00e : 8a               [ 2] 	txa
e00f : 4cdbf2           [ 3] 	jmp df_ost_pushInt
                             
                             ; common routine push false
e012 :                       df_rt_false
e012 : a200             [ 2] 	ldx #0x00
e014 : 8a               [ 2] 	txa
e015 : 4cdbf2           [ 3] 	jmp df_ost_pushInt
                             
                             ; a < b == (a-b) < 0
e018 :                       df_rt_lt
e018 : 2013dc           [ 6] 	jsr df_rt_get2Ints
e01b : 20f0df           [ 6] 	jsr df_rt_asubb
e01e : 30ec             [ 3] 	bmi df_rt_true
e020 : 10f0             [ 3] 	bpl df_rt_false
                             
                             ; a <=b == !(b-a > 0)
e022 :                       df_rt_lte
e022 : 2013dc           [ 6] 	jsr df_rt_get2Ints
e025 :                       df_rt_lte_calc
e025 : 20fedf           [ 6] 	jsr df_rt_bsuba
e028 : 30e8             [ 3] 	bmi df_rt_false
e02a : 10e0             [ 3] 	bpl df_rt_true
                             
                             ; a > b == (b-a) < 0
e02c :                       df_rt_gt
e02c : 2013dc           [ 6] 	jsr df_rt_get2Ints
e02f : 20fedf           [ 6] 	jsr df_rt_bsuba
e032 : 30d8             [ 3] 	bmi df_rt_true
e034 : 10dc             [ 3] 	bpl df_rt_false
                             
                             ; a >= b == (a-b >=0)
e036 :                       df_rt_gte
e036 : 2013dc           [ 6] 	jsr df_rt_get2Ints
e039 :                       df_rt_gte_calc
e039 : 20f0df           [ 6] 	jsr df_rt_asubb
e03c : 10ce             [ 3] 	bpl df_rt_true
e03e : 30d2             [ 3] 	bmi df_rt_false
                             
                             ; a == b
e040 :                       df_rt_eq
e040 : 2013dc           [ 6] 	jsr df_rt_get2Ints
e043 : 20e5df           [ 6] 	jsr df_rt_aequb
e046 : d0ca             [ 3] 	bne df_rt_false
e048 : f0c2             [ 3] 	beq df_rt_true
                             
                             ; a <> b
e04a :                       df_rt_ne
e04a : 2013dc           [ 6] 	jsr df_rt_get2Ints
e04d : 20e5df           [ 6] 	jsr df_rt_aequb
e050 : f0c0             [ 3] 	beq df_rt_false
e052 : d0b8             [ 3] 	bne df_rt_true
                             
                             ; Common usage of boolean operators for num and s
AS65 Assembler for R6502 [1.42].                                     Page  130
---------------------------------- bank1.s -----------------------------------

                             
e054 :                       df_rt_comlt
                             	; First find the data type on the stack
                             	_df_ost_peekType
                             
e059 : 2904             [ 2] 	and #DFST_STR
e05b : d054             [ 3] 	bne df_rt_slt
                             	; If not string then assume number
e05d : f0b9             [ 3] 	beq df_rt_lt
                             
e05f :                       df_rt_comgt
                             	; First find the data type on the stack
                             	_df_ost_peekType
                             
e064 : 2904             [ 2] 	and #DFST_STR
e066 : d050             [ 3] 	bne df_rt_sgt
                             	; If not string then assume number
e068 : f0c2             [ 3] 	beq df_rt_gt
                             
e06a :                       df_rt_comeq
                             	; First find the data type on the stack
                             	_df_ost_peekType
                             
e06f : 2904             [ 2] 	and #DFST_STR
e071 : d04e             [ 3] 	bne df_rt_seq
                             	; If not string then assume number
e073 : f0cb             [ 3] 	beq df_rt_eq
                             
e075 :                       df_rt_comlte
                             	; First find the data type on the stack
                             	_df_ost_peekType
                             
e07a : 2904             [ 2] 	and #DFST_STR
e07c : d018             [ 3] 	bne df_rt_slte
                             	; If not string then assume number
e07e : f0a2             [ 3] 	beq df_rt_lte
                             	
e080 :                       df_rt_comgte
                             	; First find the data type on the stack
                             	_df_ost_peekType
                             
e085 : 2904             [ 2] 	and #DFST_STR
e087 : d01a             [ 3] 	bne df_rt_sgte
                             	; If not string then assume number
e089 : f0ab             [ 3] 	beq df_rt_gte
                             
e08b :                       df_rt_comne
                             	; First find the data type on the stack
                             	_df_ost_peekType
                             
e090 : 2904             [ 2] 	and #DFST_STR
e092 : d016             [ 3] 	bne df_rt_sne
                             	; If not string then assume number
e094 : f0b4             [ 3] 	beq df_rt_ne
                             
                             
                             ;********** STRING OPS **********
                             
                             ; string less than or equal
e096 :                       df_rt_slte
e096 : 20c8e0           [ 6] 	jsr df_rt_str_comp
e099 : 9005             [ 3] 	bcc df_rt_str_comp_true
AS65 Assembler for R6502 [1.42].                                     Page  131
---------------------------------- bank1.s -----------------------------------

e09b : f003             [ 3] 	beq df_rt_str_comp_true
e09d :                       df_rt_str_comp_false
e09d : 4c12e0           [ 3] 	jmp df_rt_false
e0a0 :                       df_rt_str_comp_true
e0a0 : 4c0ce0           [ 3] 	jmp df_rt_true	
                             
                             ; string greater then or equal	
e0a3 :                       df_rt_sgte
e0a3 : 20c8e0           [ 6] 	jsr df_rt_str_comp
e0a6 : b0f8             [ 3] 	bcs df_rt_str_comp_true
e0a8 : 90f3             [ 3] 	bcc df_rt_str_comp_false
                             
                             ; string not equal
e0aa :                       df_rt_sne
e0aa : 20c8e0           [ 6] 	jsr df_rt_str_comp
e0ad : d0f1             [ 3] 	bne df_rt_str_comp_true
e0af : f0ec             [ 3] 	beq df_rt_str_comp_false
                             
                             ; string less than
e0b1 :                       df_rt_slt
e0b1 : 20c8e0           [ 6] 	jsr df_rt_str_comp
e0b4 : 90ea             [ 3] 	bcc df_rt_str_comp_true
e0b6 : b0e5             [ 3] 	bcs df_rt_str_comp_false
                             
                             ; string greater than
e0b8 :                       df_rt_sgt
e0b8 : 20c8e0           [ 6] 	jsr df_rt_str_comp
e0bb : f0e0             [ 3] 	beq df_rt_str_comp_false
e0bd : 90de             [ 3] 	bcc df_rt_str_comp_false
e0bf : d0df             [ 3] 	bne df_rt_str_comp_true
                             
                             ; string equal
e0c1 :                       df_rt_seq
e0c1 : 20c8e0           [ 6] 	jsr df_rt_str_comp
e0c4 : f0da             [ 3] 	beq df_rt_str_comp_true
e0c6 : d0d5             [ 3] 	bne df_rt_str_comp_false
                             
                             ; common string comparator
                             ; C=0 means <
                             ; C=1,Z=0 means >
                             ; C=1,Z=1 means ==
e0c8 :                       df_rt_str_comp
e0c8 : 2022dc           [ 6] 	jsr df_rt_get2Strs
e0cb : a000             [ 2] 	ldy #0
e0cd :                       df_rt_str_comp_byte
e0cd : b1d7             [ 5] 	lda (df_tmpptra),y
e0cf : d1d9             [ 5] 	cmp (df_tmpptrb),y
e0d1 : d007             [ 3] 	bne df_rt_str_comp_done
                             	; if here then both strings still the same
e0d3 : c900             [ 2] 	cmp #0				; What was op1 char
                             	; if char is zero then end
e0d5 : f003             [ 3] 	beq df_rt_str_comp_done
                             	; else do next char
e0d7 : c8               [ 2] 	iny
e0d8 : d0f3             [ 3] 	bne df_rt_str_comp_byte ; Always - relying on Y 
e0da :                       df_rt_str_comp_done
e0da : 60               [ 6] 	rts
                             
                             
                             
                             
e0db :                       df_rt_monitor
AS65 Assembler for R6502 [1.42].                                     Page  132
---------------------------------- bank1.s -----------------------------------

e0db : 20b9c2           [ 6] 	jsr _command_line
e0de : 60               [ 6] 	rts
                             	
e0df :                       df_rt_new
e0df : 4c3df3           [ 3] 	jmp df_clear
                             
                             ; df_rt_gotosub_common
                             ; 	; get line number in A,X and put in num_a
                             ; 	jsr df_rt_getnval
                             ; 	stx num_a
                             ; 	sta num_a+1
                             ; 	; For the moment start from the beginning
                             ; 	ldy df_prgstrt		; num_tmp contains starting po
                             ; 	sty num_tmp
                             ; 	ldy df_prgstrt+1
                             ; 	sty num_tmp+1
                             ; 	; if current line number > target then start f
                             ; 	; else start from this line number
                             ; 	; do a trial substract of current - target
                             ; 	sec
                             ; 	ldy #DFTK_LINNUM
                             ; 	lda (df_currlin),y
                             ; 	sbc num_a
                             ; 	iny
                             ; 	lda (df_currlin),y
                             ; 	sbc num_a+1
                             ; 	; if C=1 then current >= target so start from 
                             ; 	bcs df_rt_goto_find_line
                             ; 	; else use current line address
                             ; 	lda df_currlin
                             ; 	sta num_tmp
                             ; 	lda df_currlin+1
                             ; 	sta num_tmp+1
                             ; df_rt_goto_find_line
                             ; 	jsr df_pg_check_next_line	; Reuses the line fi
                             ; 	bcs df_rt_goto_not_found	; If no exact match t
                             ; 	rts							; X,A contains address of target lin
                             ; df_rt_goto_not_found
                             ; 	SWBRK DFERR_NOLINE
                             
                             ; df_rt_gosub
                             ; 	; push statement address for return
                             ; 	jsr df_rt_push_stat
                             ; 	; DFRT_WHILE token
                             ; 	lda #DFRT_GOSUB
                             ; 	jsr df_rst_pushByte
                             ; 	; *IMPORTANT* : falls through to the goto code
                             ; df_rt_goto
                             ; 	; Find the line number to goto
                             ; 	jsr df_rt_gotosub_common
                             ; 	; Save it in the next line property
                             ; 	stx df_nextlin
                             ; 	sta df_nextlin+1
                             ; 	; GOTO is from the beginning of a line only
                             ; 	ldy #3
                             ; 	sty df_nxtstidx
                             ; 	; Runtime will change flow to use next line pr
                             ; 	rts
                             
                             ; df_rt_retsub
                             ; 	; The top of stack needs to be a gosub return 
                             ; 	jsr df_rst_popByte
AS65 Assembler for R6502 [1.42].                                     Page  133
---------------------------------- bank1.s -----------------------------------

                             ; 	cmp #DFRT_GOSUB
                             ; 	bne df_rt_retsub_err
                             ; 	; pop the stat and continue
                             ; 	jmp df_rt_pop_stat
                             ; df_rt_retsub_err
                             ; 	SWBRK DFERR_RETURN
                             
                             
e0e2 :                       df_rt_while
                             	; push statement address
e0e2 : 203add           [ 6] 	jsr df_rt_push_stat
                             	; DFRT_WHILE token
e0e5 : a990             [ 2] 	lda #DFRT_WHILE
e0e7 : 209df2           [ 6] 	jsr df_rst_pushByte
                             
                             	; get value in A,X
e0ea : 2079d9           [ 6] 	jsr df_rt_getnval
                             
                             	; if value<>0 then continue
e0ed : e000             [ 2] 	cpx #0
e0ef : f001             [ 3] 	beq df_rt_while_done
e0f1 : 60               [ 6] 	rts
e0f2 :                       df_rt_while_done
                             	; pop while data off stack as not needed
e0f2 : 20a6f2           [ 6] 	jsr df_rst_popByte
e0f5 : 20a6f2           [ 6] 	jsr df_rst_popByte
e0f8 : 20c3f2           [ 6] 	jsr df_rst_popWord
                             	; while evaluated false so find wend
                             	; but check for any nested while/wends
                             	; nest = 1 to start
e0fb : a5c9             [ 3] 	lda df_ifnest
e0fd : 48               [ 3] 	pha
e0fe : a901             [ 2] 	lda #1
e100 : 85c9             [ 3] 	sta df_ifnest
                             	; find the matching else/elseif/endif
                             	; start from current statement
                             	_cpyZPWord df_currlin,df_nextlin
                             
e10a :                       df_rt_findwend
e10a : a6bf             [ 3] 	ldx df_nextlin
e10c : a5c0             [ 3] 	lda df_nextlin+1
e10e : a4b6             [ 3] 	ldy df_curstidx
e110 : 200cdd           [ 6] 	jsr df_rt_nextstat
                             	; got to end of program, then a problem
e113 : b030             [ 3] 	bcs df_rt_wend_end
e115 : 86bf             [ 3] 	stx df_nextlin
e117 : 85c0             [ 3] 	sta df_nextlin+1
e119 : 84b6             [ 3] 	sty df_curstidx
                             	; find the command token
e11b :                       df_rt_while_cmd
e11b : c8               [ 2] 	iny
e11c : b1bf             [ 5] 	lda (df_nextlin),y
e11e : 10fb             [ 3] 	bpl df_rt_while_cmd
                             	; check for wend
e120 : c991             [ 2] 	cmp #DFRT_WEND
e122 : d019             [ 3] 	bne df_rt_check_while
                             	; decrement nest
e124 : c6c9             [ 5] 	dec df_ifnest
                             	; if not zero then go find more commands
e126 : d0e2             [ 3] 	bne df_rt_findwend
                             	; else found it, restore if nest
                             	; and skip the wend statement
AS65 Assembler for R6502 [1.42].                                     Page  134
---------------------------------- bank1.s -----------------------------------

e128 : 68               [ 4] 	pla
e129 : 85c9             [ 3] 	sta df_ifnest
e12b : a6bf             [ 3] 	ldx df_nextlin
e12d : a5c0             [ 3] 	lda df_nextlin+1
e12f : a4b6             [ 3] 	ldy df_curstidx
e131 : 200cdd           [ 6] 	jsr df_rt_nextstat
                             	; got to end of program, then a problem
e134 : b00f             [ 3] 	bcs df_rt_wend_end
                             	; need to update nxtstidx to transfer control
e136 : 86bf             [ 3] 	stx df_nextlin
e138 : 85c0             [ 3] 	sta df_nextlin+1
e13a : 84b5             [ 3] 	sty df_nxtstidx	
e13c : 60               [ 6] 	rts
e13d :                       df_rt_check_while
                             	; check for while
e13d : c990             [ 2] 	cmp #DFRT_WHILE
e13f : d0c9             [ 3] 	bne df_rt_findwend
                             	; if while found then increment nest
e141 : e6c9             [ 5] 	inc df_ifnest
e143 : 80c5             [ 3] 	bra df_rt_findwend
e145 :                       df_rt_wend_end
                             	SWBRK DFERR_IMMEDIATE
                             
                             
e147 :                       df_rt_wend
e147 : 20a6f2           [ 6] 	jsr df_rst_popByte
e14a : c990             [ 2] 	cmp #DFRT_WHILE
e14c : d00d             [ 3] 	bne df_rt_wend_err
                             	; pop the stat and continue
e14e : 20c3f2           [ 6] 	jsr df_rst_popWord
e151 : 86bf             [ 3] 	stx	df_nextlin
e153 : 85c0             [ 3] 	sta df_nextlin+1
e155 : 20a6f2           [ 6] 	jsr df_rst_popByte
e158 : 85b5             [ 3] 	sta df_nxtstidx
e15a : 60               [ 6] 	rts
e15b :                       df_rt_wend_err
                             	SWBRK DFERR_WEND
                             
                             
                             ;move to next statement during if/else matching
                             ;end of program is an error
e15d :                       df_rt_if_stat
e15d : a6bf             [ 3] 	ldx df_nextlin
e15f : a5c0             [ 3] 	lda df_nextlin+1
e161 : a4b6             [ 3] 	ldy df_curstidx
e163 : 200cdd           [ 6] 	jsr df_rt_nextstat
                             	; got to end of program, then a problem
e166 : b009             [ 3] 	bcs df_rt_if_stat_err
e168 : 86bf             [ 3] 	stx df_nextlin
e16a : 85c0             [ 3] 	sta df_nextlin+1
e16c : 84b6             [ 3] 	sty df_curstidx
e16e : 84b5             [ 3] 	sty df_nxtstidx
e170 : 60               [ 6] 	rts
                             ; program ended with no match
e171 :                       df_rt_if_stat_err
                             	SWBRK DFERR_UNCLOSEDIF
                             
                             	
                             ; find matching else/elseif/endif
                             ; C = 0 match else/elseif/endif
                             ; C = 1 match endif only
                             ; endif is always matched
AS65 Assembler for R6502 [1.42].                                     Page  135
---------------------------------- bank1.s -----------------------------------

                             ; ** MAKE SURE NEXTLIN IS POPULATED! **
e173 :                       df_rt_if_match
                             	; save the current if nest level
e173 : a5c9             [ 3] 	lda df_ifnest
e175 : 48               [ 3] 	pha
                             	; local if nest level is zero to start with
e176 : 64c9             [ 3] 	stz df_ifnest	
                             	; save match pref
e178 : 08               [ 3] 	php
                             	; find the matching else/elseif/endif
                             	; start from df_nextlin, df_curstidx
e179 :                       df_rt_findelseendif
e179 : 205de1           [ 6] 	jsr df_rt_if_stat
                             	; find command
e17c :                       df_rt_ifcmd
e17c : c8               [ 2] 	iny
e17d : b1bf             [ 5] 	lda (df_nextlin),y
e17f : 10fb             [ 3] 	bpl df_rt_ifcmd
                             	; check for endif
e181 : c994             [ 2] 	cmp #DFRT_ENDIF
e183 : f014             [ 3] 	beq df_rt_ifelse
                             
e185 : 28               [ 4] 	plp
e186 : 08               [ 3] 	php
                             	
e187 : b008             [ 3] 	bcs df_rt_ifskipelseif
e189 : c993             [ 2] 	cmp #DFRT_ELSE
e18b : f00c             [ 3] 	beq df_rt_ifelse
e18d : c995             [ 2] 	cmp #DFRT_ELSEIF
e18f : f008             [ 3] 	beq df_rt_ifelse
e191 :                       df_rt_ifskipelseif
                             	; another if token found - increment lcoal if ne
e191 : c992             [ 2] 	cmp #DFRT_IF
e193 : d002             [ 3] 	bne df_rt_skipnestif
e195 : e6c9             [ 5] 	inc df_ifnest
e197 :                       df_rt_skipnestif
                             	; no tokens of interest found, so next statement
e197 : 80e0             [ 3] 	bra df_rt_findelseendif
                             	
                             	; found else/elseif/endif
                             	; but check if this is nested
e199 :                       df_rt_ifelse
                             	; nest counter zero then found matching else/els
e199 : a6c9             [ 3] 	ldx df_ifnest
e19b : f008             [ 3] 	beq df_rt_if_found
                             	; endif token found so decrement local nest
e19d : c994             [ 2] 	cmp #DFRT_ENDIF
e19f : d002             [ 3] 	bne df_rt_skipnestendif
e1a1 : c6c9             [ 5] 	dec df_ifnest
e1a3 :                       df_rt_skipnestendif	
                             	; continue to search for else/endif
e1a3 : 80d4             [ 3] 	bra df_rt_findelseendif
                             	; ok got a match
e1a5 :                       df_rt_if_found
                             	; remove pref
e1a5 : 28               [ 4] 	plp
                             	; restore global if nest
e1a6 : fa               [ 4] 	plx
e1a7 : 86c9             [ 3] 	stx df_ifnest
                             
                             	;A contains the token found, Y is index in to df
                             ;	clc
AS65 Assembler for R6502 [1.42].                                     Page  136
---------------------------------- bank1.s -----------------------------------

e1a9 : 60               [ 6] 	rts
                             
e1aa :                       df_rt_endif
                             	; decrement if next level
e1aa : c6c9             [ 5] 	dec df_ifnest
e1ac : 3011             [ 3] 	bmi df_rt_noif_err
                             ;	clc
e1ae : 60               [ 6] 	rts
                             	
                             	; else and ifelse encountered in a normal sequen
                             	; only happens when the clause has been executed
                             	; so we only now need to find the endif
e1af :                       df_rt_elseif
e1af :                       df_rt_else
                             	; not in if mode then error
e1af : a5c9             [ 3] 	lda df_ifnest
e1b1 : f00c             [ 3] 	beq df_rt_noif_err
                             	; find endif only
                             	; starting from current line and curstidx
                             	_cpyZPWord df_currlin,df_nextlin
                             
e1bb : 38               [ 2] 	sec
e1bc : 4c73e1           [ 3] 	jmp df_rt_if_match
                             
                             ; endif/else/elseif encountered outside of an if	
e1bf :                       df_rt_noif_err
                             	SWBRK DFERR_NOIF
                             
                             	
                             	; when if is encountered, the job of this routin
                             	; to determine which clause to execute, then tra
                             	; program control to that point.  in normal prog
                             	; sequence else/elseif statements will signify t
                             	; of an if construct.
e1c1 :                       df_rt_if
                             	; increment global if nest counter
e1c1 : e6c9             [ 5] 	inc df_ifnest
e1c3 :                       df_rt_ifeval
                             	; get value
e1c3 : 2079d9           [ 6] 	jsr df_rt_getnval
                             	; if value<>0 if is successful then continue nor
e1c6 : c900             [ 2] 	cmp #0
e1c8 : d035             [ 3] 	bne df_rt_if_done
e1ca : e000             [ 2] 	cpx #0
e1cc : d031             [ 3] 	bne df_rt_if_done
                             	; got here then if clause evaluated to false
                             	; match with else/elseif/endif
                             	; df_nextlin is used to find the clause to execu
                             	_cpyZPWord df_currlin,df_nextlin
                             
e1d6 : 18               [ 2] 	clc						
e1d7 : 2073e1           [ 6] 	jsr df_rt_if_match
                             	; A contains the token found, Y is index of this
                             
e1da : c993             [ 2] 	cmp #DFRT_ELSE
                             	; else: df_nextlin and df_nxtstidx points to the
e1dc : f01e             [ 3] 	beq df_rt_do_else
                             
e1de : c994             [ 2] 	cmp #DFRT_ENDIF
                             	; else: df_nextlin and df_nxtstidx points to the
e1e0 : f01d             [ 3] 	beq df_rt_if_done
                             
AS65 Assembler for R6502 [1.42].                                     Page  137
---------------------------------- bank1.s -----------------------------------

                             	; elif detected - increment past the token and e
                             	; make this the current line and token index
                             	_cpyZPWord df_nextlin,df_currlin
                             
                             	; move past the token and save position
e1ea : c8               [ 2] 	iny
e1eb : 5a               [ 3] 	phy
                             	; initialise statement pointer
e1ec : a4b6             [ 3] 	ldy df_curstidx
e1ee : a6bc             [ 3] 	ldx df_currlin
e1f0 : a5bd             [ 3] 	lda df_currlin+1
e1f2 : 2090dc           [ 6] 	jsr df_rt_init_stat_ptr
                             	; restore Y (one byte past the token) and save i
e1f5 : 7a               [ 4] 	ply
e1f6 : 84be             [ 3] 	sty df_exeoff
                             	; don't force a jump as we've initalised all var
e1f8 : 64c0             [ 3] 	stz df_nextlin+1
                             	; now everyting is set up to evaluate the elif c
e1fa : 80c7             [ 3] 	bra df_rt_ifeval
                             	
e1fc :                       df_rt_do_else
                             	; we need to point to the next statement not thi
e1fc : 205de1           [ 6] 	jsr df_rt_if_stat
e1ff :                       df_rt_if_done
                             ;	clc
e1ff : 60               [ 6] 	rts
                             	
e200 :                       df_rt_for
                             	; push statement address to rt stack
e200 : 203add           [ 6] 	jsr df_rt_push_stat
                             	; get lvar
e203 : 20bfdd           [ 6] 	jsr df_rt_getlvar
                             	; Save lvar pointer
e206 : 48               [ 3] 	pha
e207 : da               [ 3] 	phx
                             
                             	; find starting value
                             	; evaluate the starting value
                             	; can't use df_rt_getnval as need to use A,X fir
e208 : e6be             [ 5] 	inc df_exeoff
e20a : 207fd9           [ 6] 	jsr df_rt_neval
                             	; get ready to update the counter
e20d : fa               [ 4] 	plx
e20e : 86d7             [ 3] 	stx df_tmpptra
e210 : 68               [ 4] 	pla
e211 : 85d8             [ 3] 	sta df_tmpptra+1
e213 : 48               [ 3] 	pha
e214 : da               [ 3] 	phx
                             	; get the starting value from op stack
e215 : 20fbf2           [ 6] 	jsr df_ost_popInt
                             	; save it to counter slot
e218 : a001             [ 2] 	ldy #1
e21a : 91d7             [ 5] 	sta (df_tmpptra),y
e21c : 8a               [ 2] 	txa
e21d : 88               [ 2] 	dey
e21e : 92d7             [ 5] 	sta (df_tmpptra)
                             
                             	; find end value
                             	; evaluate the end value
e220 : e6be             [ 5] 	inc df_exeoff
e222 : 2079d9           [ 6] 	jsr df_rt_getnval
                             	; and put on rt stack
AS65 Assembler for R6502 [1.42].                                     Page  138
---------------------------------- bank1.s -----------------------------------

e225 : 20b5f2           [ 6] 	jsr df_rst_pushWord
                             
                             	; find step value
                             	; evaluate the end value
e228 : e6be             [ 5] 	inc df_exeoff
e22a : 2079d9           [ 6] 	jsr df_rt_getnval
                             	; and push on rt stack
e22d : 20b5f2           [ 6] 	jsr df_rst_pushWord
                             	; save the counter slot address
e230 : fa               [ 4] 	plx
e231 : 68               [ 4] 	pla
e232 : 20b5f2           [ 6] 	jsr df_rst_pushWord
                             	; all done - counter set to start
                             	; stack contains counter slot, step val, end val
                             	; now push for token
e235 : a98e             [ 2] 	lda #DFRT_FOR
e237 : 4c9df2           [ 3] 	jmp df_rst_pushByte
                             ;	rts
                             
e23a :                       df_rt_next
                             	; remember stack position
e23a : a4ac             [ 3] 	ldy df_rtstop
e23c : 5a               [ 3] 	phy
e23d : 20a6f2           [ 6] 	jsr df_rst_popByte
e240 : c98e             [ 2] 	cmp #DFRT_FOR
e242 : d04f             [ 3] 	bne df_rt_next_err
                             	; get the slot address
e244 : 20c3f2           [ 6] 	jsr df_rst_popWord
                             	; save address to ptrd, contents to ptra
e247 : 86dd             [ 3] 	stx df_tmpptrd
e249 : 85de             [ 3] 	sta df_tmpptrd+1
e24b : b2dd             [ 5] 	lda (df_tmpptrd)
e24d : 85d7             [ 3] 	sta df_tmpptra
e24f : a001             [ 2] 	ldy #1
e251 : b1dd             [ 5] 	lda (df_tmpptrd),y
e253 : 85d8             [ 3] 	sta df_tmpptra+1
                             	
                             	; get step value, save in ptrb
e255 : 20c3f2           [ 6] 	jsr df_rst_popWord
e258 : 86d9             [ 3] 	stx df_tmpptrb
e25a : 85da             [ 3] 	sta df_tmpptrb+1
e25c : 48               [ 3] 	pha					; Push A to check for -ve step
                             
                             	; add step to counter and save back to counter
                             	_addZPWord df_tmpptra,df_tmpptrb
                             
e26a : a5d7             [ 3] 	lda df_tmpptra
e26c : 92dd             [ 5] 	sta (df_tmpptrd)
e26e : a001             [ 2] 	ldy #1
e270 : a5d8             [ 3] 	lda df_tmpptra+1
e272 : 91dd             [ 5] 	sta (df_tmpptrd),y
                             	
                             	; get end value, save in ptrb
e274 : 20c3f2           [ 6] 	jsr df_rst_popWord
e277 : 86d9             [ 3] 	stx df_tmpptrb
e279 : 85da             [ 3] 	sta df_tmpptrb+1
e27b : 68               [ 4] 	pla					; check if if +ve or -ve step
e27c : 1005             [ 3] 	bpl df_rt_check_pos
                             	; call gte operation but no need to get ints
                             	; as already in ptra and ptrb
e27e : 2039e0           [ 6] 	jsr df_rt_gte_calc
e281 : 8003             [ 3] 	bra df_rt_next_check
AS65 Assembler for R6502 [1.42].                                     Page  139
---------------------------------- bank1.s -----------------------------------

e283 :                       df_rt_check_pos	
                             	; call lte operation but no need to get ints
                             	; as already in ptra and ptrb
e283 : 2025e0           [ 6] 	jsr df_rt_lte_calc
e286 :                       df_rt_next_check
                             	; check if true or false
e286 : 20fbf2           [ 6] 	jsr df_ost_popInt
e289 : e000             [ 2] 	cpx #0
                             	; if false then next is done
e28b : f003             [ 3] 	beq df_next_done
                             	; else we continue
e28d : 4cdbdd           [ 3] 	jmp df_rt_pop_stat_go
                             	; if done, then continue with next statement
e290 :                       df_next_done
e290 : 4cb1e2           [ 3] 	jmp df_rt_untilnext_done
                             	
e293 :                       df_rt_next_err
                             	SWBRK DFERR_NEXTFOR
                             
                             
                             	
e295 :                       df_rt_repeat
                             	; push statement address
e295 : 203add           [ 6] 	jsr df_rt_push_stat
                             	; DFRT_REPEAT token
e298 : a98c             [ 2] 	lda #DFRT_REPEAT
e29a : 4c9df2           [ 3] 	jmp df_rst_pushByte
                             ;	rts
                             	
e29d :                       df_rt_until
                             	; remember stack position
e29d : a4ac             [ 3] 	ldy df_rtstop
e29f : 5a               [ 3] 	phy
e2a0 : 20a6f2           [ 6] 	jsr df_rst_popByte
e2a3 : c98c             [ 2] 	cmp #DFRT_REPEAT
e2a5 : d011             [ 3] 	bne df_rt_until_err
                             	; evaluate expression in to A,X
e2a7 : 2079d9           [ 6] 	jsr df_rt_getnval
                             	; if value<>0 then continue
e2aa : e000             [ 2] 	cpx #0
e2ac : d003             [ 3] 	bne df_rt_untilnext_done
                             
                             	; pop the stat and continue
e2ae : 4cdbdd           [ 3] 	jmp df_rt_pop_stat_go
                             
e2b1 :                       df_rt_untilnext_done
e2b1 : 7a               [ 4] 	ply
                             	; pop 2 items off stack (line address, index)
e2b2 : 20c3f2           [ 6] 	jsr df_rst_popWord
e2b5 : 4ca6f2           [ 3] 	jmp df_rst_popByte
                             	; and continue
                             ;	clc
                             ;	rts
                             
e2b8 :                       df_rt_until_err
                             	SWBRK DFERR_UNTIL
                             
                             	
e2ba :                       df_rt_sadd
                             ;	clc
e2ba : 60               [ 6] 	rts
                             	
AS65 Assembler for R6502 [1.42].                                     Page  140
---------------------------------- bank1.s -----------------------------------

e2bb :                       df_rt_print_num
e2bb : 20fbf2           [ 6] 	jsr df_ost_popInt
e2be : 18               [ 2] 	clc
e2bf : 4c56cb           [ 3] 	jmp print_a_to_d
                             ;	rts
                             	
e2c2 :                       df_rt_print_str
e2c2 : 20f3f2           [ 6] 	jsr df_ost_popStr
e2c5 : 86d7             [ 3] 	stx df_tmpptra
e2c7 : 85d8             [ 3] 	sta df_tmpptra+1
e2c9 : a000             [ 2] 	ldy #0
e2cb :                       df_rt_print_str_ch
e2cb : b1d7             [ 5] 	lda (df_tmpptra),y
e2cd : f006             [ 3] 	beq df_rt_print_str_done
e2cf : 2093c5           [ 6] 	jsr io_put_ch
e2d2 : c8               [ 2] 	iny
e2d3 : 80f6             [ 3] 	bra df_rt_print_str_ch
e2d5 :                       df_rt_print_str_done
                             ;	clc
e2d5 : 60               [ 6] 	rts
                             
                             ; * Find the position of the next data item to re
e2d6 :                       df_rt_nextdatum
e2d6 : a200             [ 2] 	ldx #0
                             	; load data line offset
e2d8 : a4cc             [ 3] 	ldy df_datoff
                             	; if data pointer unitialised (because high byte
e2da : a5cb             [ 3] 	lda df_currdat+1
e2dc : d02e             [ 4] 	bne df_rt_skipinitdataptr
                             	; then start at program beginning
                             	_cpyZPWord df_prgstrt,df_currdat
                             
e2e6 :                       df_rt_datlinstart
                             	; if end of program then error
e2e6 : a1ca             [ 6] 	lda (df_currdat,x)
e2e8 : f032             [ 4] 	beq df_rt_datumerr
                             	; index in to first line byte
e2ea : a003             [ 2] 	ldy #3
e2ec : 84cc             [ 3] 	sty df_datoff
                             	; find first 'data' statement
e2ee :                       df_rt_datastatement
e2ee : c8               [ 2] 	iny
e2ef : 98               [ 2] 	tya
                             	; end of line reached?
e2f0 : c1ca             [ 6] 	cmp (df_currdat,x)
                             	; if not find data token
e2f2 : d00e             [ 4] 	bne df_rt_getdatatk
e2f4 :                       df_rt_datnextlin
                             	; if so then go to next line
e2f4 : 18               [ 2] 	clc
e2f5 : a5ca             [ 3] 	lda df_currdat
e2f7 : 61ca             [ 6] 	adc (df_currdat,x)
e2f9 : 85ca             [ 3] 	sta df_currdat
                             	_bcc 2
                             
e2fd : e6cb             [ 5] 	inc df_currdat+1
e2ff : 4ce6e2           [ 3] 	jmp df_rt_datlinstart
e302 :                       df_rt_getdatatk
e302 : b1ca             [ 5] 	lda (df_currdat),y
e304 : 10e8             [ 4] 	bpl df_rt_datastatement
                             	; found data statement?
e306 : c996             [ 2] 	cmp #DFRT_DATA
AS65 Assembler for R6502 [1.42].                                     Page  141
---------------------------------- bank1.s -----------------------------------

                             	; if not then go to next line
e308 : d0ea             [ 4] 	bne df_rt_datnextlin
e30a : 84cc             [ 3] 	sty df_datoff
e30c :                       df_rt_skipinitdataptr
e30c : 98               [ 2] 	tya
                             	; end of line reached?
e30d : c1ca             [ 6] 	cmp (df_currdat,x)
                             	; if so go to next line
e30f : f0e3             [ 4] 	beq df_rt_datnextlin
                             	; else see if escape value
e311 : b1ca             [ 5] 	lda (df_currdat),y
e313 : c920             [ 2] 	cmp #DFTK_ESCVAL
e315 : c8               [ 2] 	iny
e316 : b0f4             [ 3] 	bcs df_rt_skipinitdataptr
                             	; ok found an escape value
                             	; save position and return
e318 : 88               [ 2] 	dey
e319 : 84cc             [ 3] 	sty df_datoff
e31b : 60               [ 6] 	rts
e31c :                       df_rt_datumerr
                             	SWBRK DFERR_NODATA
                             
                             
                             ; read a datum
e31e :                       df_rt_readdatum
                             	; update data pointer to next data item
e31e : 20d6e2           [ 6] 	jsr df_rt_nextdatum
                             	; now get lvar X,A from current statement
e321 : 20bfdd           [ 6] 	jsr df_rt_getlvar
                             	; save lvar in tmpb, vvt ptr in tmpa
e324 : 86d9             [ 3] 	stx df_tmpptrb
e326 : 85da             [ 3] 	sta df_tmpptrb+1
                             
                             	; first save save current prgoram line and offse
e328 : a5bc             [ 3] 	lda df_currlin
e32a : 48               [ 3] 	pha
e32b : a5bd             [ 3] 	lda df_currlin+1
e32d : 48               [ 3] 	pha
e32e : a5be             [ 3] 	lda df_exeoff
e330 : 48               [ 3] 	pha
e331 : a5b4             [ 3] 	lda df_eolidx
e333 : 48               [ 3] 	pha
e334 : a5b5             [ 3] 	lda df_nxtstidx
e336 : 48               [ 3] 	pha
e337 : a5b6             [ 3] 	lda df_curstidx
e339 : 48               [ 3] 	pha
                             
                             	; use data pointer as current position for evalu
                             	_cpyZPWord df_currdat,df_currlin
                             
e342 : a5cc             [ 3] 	lda df_datoff
e344 : 85be             [ 3] 	sta df_exeoff
e346 : a200             [ 2] 	ldx #0
e348 : a1ca             [ 6] 	lda (df_currdat,x)
e34a : 85b4             [ 3] 	sta df_eolidx
e34c : 85b5             [ 3] 	sta df_nxtstidx
e34e : a903             [ 2] 	lda #3
e350 : 85b6             [ 3] 	sta df_curstidx
                             
                             	; get type from vvt ptr in tmpa
e352 : a1d7             [ 6] 	lda (df_tmpptra,x)
e354 : a8               [ 2] 	tay
AS65 Assembler for R6502 [1.42].                                     Page  142
---------------------------------- bank1.s -----------------------------------

                             	; get lvar point from tmpb
e355 : a6d9             [ 3] 	ldx df_tmpptrb
e357 : a5da             [ 3] 	lda df_tmpptrb+1
                             
                             	; X,A and Y set up, now evaluate and perform ass
e359 : 2058e6           [ 6] 	jsr df_rt_doassign
                             
                             	; update data offset as data has been consumed
e35c : a5be             [ 3] 	lda df_exeoff
e35e : 85cc             [ 3] 	sta df_datoff
                             	; restore line settings
e360 : 68               [ 4] 	pla
e361 : 85b6             [ 3] 	sta df_curstidx
e363 : 68               [ 4] 	pla
e364 : 85b5             [ 3] 	sta df_nxtstidx
e366 : 68               [ 4] 	pla
e367 : 85b4             [ 3] 	sta df_eolidx
e369 : 68               [ 4] 	pla
e36a : 85be             [ 3] 	sta df_exeoff
e36c : 68               [ 4] 	pla
e36d : 85bd             [ 3] 	sta df_currlin+1
e36f : 68               [ 4] 	pla
e370 : 85bc             [ 3] 	sta df_currlin
e372 : 60               [ 6] 	rts
                             
                             
e373 :                       df_rt_read
                             	; find variable to read in to from current posit
e373 : a4be             [ 3] 	ldy df_exeoff
e375 :                       df_rt_read_find_var
e375 : c8               [ 2] 	iny
                             	; if end of line or statement then done
                             ;	cpy df_eolidx
                             ;	beq df_rt_read_done
e376 : c4b5             [ 3] 	cpy df_nxtstidx
e378 : f00e             [ 3] 	beq df_rt_read_done
                             	; if not found escape then next byte
e37a : b1bc             [ 5] 	lda (df_currlin),y
e37c : c920             [ 2] 	cmp #DFTK_ESCVAL
e37e : b0f5             [ 3] 	bcs df_rt_read_find_var
                             	; ok found escape, save position
e380 : 84be             [ 3] 	sty df_exeoff
                             	; go and read in the value
e382 : 201ee3           [ 6] 	jsr df_rt_readdatum
                             	; try find another variable
e385 : 4c73e3           [ 3] 	jmp df_rt_read
                             
e388 :                       df_rt_read_done
                             	; save position
e388 : 84be             [ 3] 	sty df_exeoff
e38a : 60               [ 6] 	rts
                             
                             
e38b :                       df_rt_input
                             	; df_tmpptra has the vvt address, X,A is the lva
e38b : 20bfdd           [ 6] 	jsr df_rt_getlvar
                             	; Save lvar pointer
e38e : 86d9             [ 3] 	stx df_tmpptrb
e390 : 85da             [ 3] 	sta df_tmpptrb+1
e392 : a078             [ 2] 	ldy #120
                             	; go read a line of input
                             	; X,A is ptr has the input, Y is size
AS65 Assembler for R6502 [1.42].                                     Page  143
---------------------------------- bank1.s -----------------------------------

e394 : 38               [ 2] 	sec
e395 : 20a2c5           [ 6] 	jsr io_read_line
                             	; check the type
e398 : b2d7             [ 5] 	lda (df_tmpptra)
e39a : 2904             [ 2] 	and #DFVVT_STR
e39c : d008             [ 3] 	bne df_rt_input_str
e39e : b2d7             [ 5] 	lda (df_tmpptra)
e3a0 : 2903             [ 2] 	and #DFVVT_INT|DFVVT_BYT
e3a2 : d003             [ 3] 	bne df_rt_input_num
                             	; if not int or byte then error
e3a4 : 8018             [ 3] 	bra df_rt_input_err
e3a6 :                       df_rt_input_str
                             	; If string then done!
                             ;	clc
e3a6 : 60               [ 6] 	rts
                             
e3a7 :                       df_rt_input_num
                             	; X,A = address from tmpb, linbuff must be on pa
e3a7 : a6d9             [ 3] 	ldx df_tmpptrb
e3a9 : a5da             [ 3] 	lda df_tmpptrb+1
e3ab : a000             [ 2] 	ldy #0				; any numeric format
e3ad : 2017c9           [ 6] 	jsr con_n_to_a
e3b0 : b00c             [ 3] 	bcs df_rt_input_err
e3b2 : a000             [ 2] 	ldy #0
e3b4 : a579             [ 3] 	lda num_a
e3b6 : 91d9             [ 5] 	sta (df_tmpptrb),y
e3b8 : c8               [ 2] 	iny
e3b9 : a57a             [ 3] 	lda num_a+1
e3bb : 91d9             [ 5] 	sta (df_tmpptrb),y
                             ;	clc
e3bd : 60               [ 6] 	rts
e3be :                       df_rt_input_err
                             	SWBRK DFERR_TYPEMISM
                             
                             	
e3c0 :                       df_rt_local
                             	; get current local count off rt stack
e3c0 : 20a6f2           [ 6] 	jsr df_rst_popByte
                             	; save on pc stack for incrmenting
e3c3 : 48               [ 3] 	pha
e3c4 : a4be             [ 3] 	ldy df_exeoff
e3c6 : 88               [ 2] 	dey
e3c7 :                       df_rt_local_findesc
e3c7 : c8               [ 2] 	iny
                             	; check end of line
                             ;	cpy df_eolidx
                             ;	beq df_rt_local_done
e3c8 : c4b5             [ 3] 	cpy df_nxtstidx
e3ca : f019             [ 3] 	beq df_rt_local_done
                             	; find a var
e3cc : b1bc             [ 5] 	lda (df_currlin),y
e3ce : c911             [ 2] 	cmp #DFTK_VAR
e3d0 : d0f5             [ 3] 	bne df_rt_local_findesc
                             	; jump over escape value
e3d2 : c8               [ 2] 	iny
                             	; get var slot in A,X
e3d3 : b1bc             [ 5] 	lda (df_currlin),y
e3d5 : aa               [ 2] 	tax
e3d6 : c8               [ 2] 	iny
e3d7 : b1bc             [ 5] 	lda (df_currlin),y
e3d9 : 84be             [ 3] 	sty df_exeoff
                             	; localise this variable
AS65 Assembler for R6502 [1.42].                                     Page  144
---------------------------------- bank1.s -----------------------------------

e3db : 2089f2           [ 6] 	jsr df_rt_proc_local
                             	; increment local counter
e3de : 68               [ 4] 	pla
e3df : 1a               [ 2] 	inc a
e3e0 : 48               [ 3] 	pha
e3e1 : a4be             [ 3] 	ldy df_exeoff
e3e3 : 80e2             [ 3] 	bra df_rt_local_findesc
e3e5 :                       df_rt_local_done
                             	; get the local counter
                             	; put on to rt stack
e3e5 : 68               [ 4] 	pla
e3e6 : 4c9df2           [ 3] 	jmp df_rst_pushByte
                             ;	clc
                             ;	rts
                             	
e3e9 :                       df_rt_redim
e3e9 : 38               [ 2] 	sec
e3ea : b001             [ 3] 	bcs df_rt_dim_main
e3ec :                       df_rt_dim
e3ec : 18               [ 2] 	clc
e3ed :                       df_rt_dim_main
e3ed : 08               [ 3] 	php
e3ee :                       df_rt_dim_loop
e3ee : a4be             [ 3] 	ldy df_exeoff
e3f0 : 88               [ 2] 	dey
e3f1 :                       df_rt_dim_findesc
                             	; check end of line
e3f1 : c8               [ 2] 	iny
                             ;	cpy df_eolidx
                             ;	beq df_rt_dim_done
e3f2 : c4b5             [ 3] 	cpy df_nxtstidx
e3f4 : f076             [ 4] 	beq df_rt_dim_done
                             	; find a var
e3f6 : b1bc             [ 5] 	lda (df_currlin),y
e3f8 : c911             [ 2] 	cmp #DFTK_VAR
e3fa : d0f5             [ 3] 	bne df_rt_dim_findesc
                             	; jump over escape value
e3fc : c8               [ 2] 	iny
                             	; get var address
e3fd : b1bc             [ 5] 	lda (df_currlin),y
e3ff : 85d7             [ 3] 	sta df_tmpptra
e401 : c8               [ 2] 	iny
e402 : b1bc             [ 5] 	lda (df_currlin),y
e404 : 85d8             [ 3] 	sta df_tmpptra+1
                             	; move to open bracket
e406 : c8               [ 2] 	iny
e407 : 84be             [ 3] 	sty df_exeoff
                             	; If re-dim, don't check for existing dimensions
e409 : 28               [ 4] 	plp
e40a : 08               [ 3] 	php
e40b : b006             [ 3] 	bcs df_rt_skip_dim_chk
                             	; check if already dim'd
e40d : a003             [ 2] 	ldy #DFVVT_DIM1
e40f : b1d7             [ 5] 	lda (df_tmpptra),y
e411 : d05b             [ 3] 	bne df_rt_dim_err
e413 :                       df_rt_skip_dim_chk
                             	; Save slot address found earlier
e413 : a5d7             [ 3] 	lda df_tmpptra
e415 : 48               [ 3] 	pha
e416 : a5d8             [ 3] 	lda df_tmpptra+1
e418 : 48               [ 3] 	pha
e419 : 20f5da           [ 6] 	jsr df_rt_arry_parm2
AS65 Assembler for R6502 [1.42].                                     Page  145
---------------------------------- bank1.s -----------------------------------

                             	; Restore slot address
e41c : 68               [ 4] 	pla
e41d : 85d8             [ 3] 	sta df_tmpptra+1
e41f : 68               [ 4] 	pla
e420 : 85d7             [ 3] 	sta df_tmpptra
                             ;	bcs df_rt_dim_err
                             	; save x,y to dim1,2
e422 : 5a               [ 3] 	phy
e423 : da               [ 3] 	phx
e424 : a003             [ 2] 	ldy #DFVVT_DIM1
e426 : 68               [ 4] 	pla
e427 : 91d7             [ 5] 	sta (df_tmpptra),y
e429 : c8               [ 2] 	iny
e42a : 68               [ 4] 	pla
e42b : 91d7             [ 5] 	sta (df_tmpptra),y	
e42d : 28               [ 4] 	plp
e42e : 08               [ 3] 	php
e42f : b02f             [ 3] 	bcs df_rt_dim_set_type
e431 :                       df_rt_dim_alloc
                             	; ok we have up to 2 dimensions
                             	; mult dim 1 and 2 if dim 2 <> 0
e431 : a003             [ 2] 	ldy #DFVVT_DIM1
e433 : b1d7             [ 5] 	lda (df_tmpptra),y
e435 : 8579             [ 3] 	sta num_a
e437 : 647a             [ 3] 	stz num_a+1
e439 : c8               [ 2] 	iny
e43a : b1d7             [ 5] 	lda (df_tmpptra),y
e43c : d002             [ 3] 	bne df_rt_dim2_nz
e43e : a901             [ 2] 	lda #1
e440 :                       df_rt_dim2_nz
e440 : 857d             [ 3] 	sta num_b
e442 : 647e             [ 3] 	stz num_b+1
e444 : 2044cc           [ 6] 	jsr int_fast_mult
                             	; check the type if int then mult2
e447 : b2d7             [ 5] 	lda (df_tmpptra)
e449 : 2901             [ 2] 	and #DFVVT_INT
e44b : f004             [ 3] 	beq df_rt_dim2_mul2
e44d : 0679             [ 5] 	asl num_a
e44f : 267a             [ 5] 	rol num_a+1
e451 :                       df_rt_dim2_mul2	
                             	; finally, we have a size of array
e451 : a679             [ 3] 	ldx num_a
e453 : a57a             [ 3] 	lda num_a+1
                             
                             	; get a block of that size from heap
e455 : 2018f3           [ 6] 	jsr df_st_malloc
                             	; save pointer to block in var
e458 : a002             [ 2] 	ldy #DFVVT_HI
e45a : 91d7             [ 5] 	sta (df_tmpptra),y
e45c : 8a               [ 2] 	txa
e45d : 88               [ 2] 	dey
e45e : 91d7             [ 5] 	sta (df_tmpptra),y
                             	; finally, update the type to indicate array
e460 :                       df_rt_dim_set_type
e460 : b2d7             [ 5] 	lda (df_tmpptra)
e462 : 0980             [ 2] 	ora #DFVVT_PTR
e464 : 92d7             [ 5] 	sta (df_tmpptra)
                             	; don't increment byte again - go check for more
e466 : 8086             [ 4] 	bra df_rt_dim_loop	
e468 :                       df_rt_dim_next_byte
e468 : e6be             [ 5] 	inc df_exeoff
e46a : 8080             [ 4] 	bra df_rt_dim
AS65 Assembler for R6502 [1.42].                                     Page  146
---------------------------------- bank1.s -----------------------------------

e46c :                       df_rt_dim_done
                             ;	clc
e46c : 28               [ 4] 	plp
e46d : 60               [ 6] 	rts
e46e :                       df_rt_dim_err
                             	SWBRK DFERR_DIM
                             
                             
e470 :                       df_rt_cls
                             	; set cursror position to top left first
e470 : a200             [ 2] 	ldx #0
e472 : a000             [ 2] 	ldy #0
e474 : 20a9c3           [ 6] 	jsr _gr_set_cur
e477 : 4cd1c2           [ 3] 	jmp _gr_cls
                             ;	clc
                             ;	rts
                             	
e47a :                       df_rt_plot
                             	; evaluate the expression
e47a : 2079d9           [ 6] 	jsr df_rt_getnval
                             	; save lo byte
e47d : da               [ 3] 	phx
                             	; jump over comma
e47e : e6be             [ 5] 	inc df_exeoff
                             	; evaluate the expression
e480 : 2079d9           [ 6] 	jsr df_rt_getnval
                             	; save lo byte
e483 : da               [ 3] 	phx
                             	; jump over comma
e484 : e6be             [ 5] 	inc df_exeoff
                             	; evaluate the expression
e486 : 207fd9           [ 6] 	jsr df_rt_neval
                             	; check the type on the stack
                             	_df_ost_peekType
                             
                             	; if >=0x80 then a pointer / string
e48e : 2904             [ 2] 	and #DFST_STR
e490 : d014             [ 3] 	bne df_rt_plotstr
                             	; else it is int
e492 : 20fbf2           [ 6] 	jsr df_ost_popInt
                             	; put low byte of pop result in a
e495 : 8a               [ 2] 	txa
e496 : a616             [ 3] 	ldx vdp_base+vdp_gmode	; Check if in hires mode
e498 : e010             [ 2] 	cpx #0x10
e49a : b005             [ 3] 	bcs df_rt_hchar
                             	; get y and x in that order
e49c : 7a               [ 4] 	ply
e49d : fa               [ 4] 	plx
e49e : 4c49c3           [ 3] 	jmp _gr_plot
e4a1 :                       df_rt_hchar
                             	; get y and x in that order
e4a1 : 7a               [ 4] 	ply
e4a2 : fa               [ 4] 	plx
e4a3 : 4c61c3           [ 3] 	jmp _gr_hchar
                             
e4a6 :                       df_rt_plotstr
                             	; pop string pointer
e4a6 : 20f7f2           [ 6] 	jsr df_ost_popPtr
                             	; save pointer to tmpa
e4a9 : 86d7             [ 3] 	stx df_tmpptra
e4ab : 85d8             [ 3] 	sta df_tmpptra+1
e4ad : a416             [ 3] 	ldy vdp_base+vdp_gmode	; Check if in hires mode
AS65 Assembler for R6502 [1.42].                                     Page  147
---------------------------------- bank1.s -----------------------------------

e4af : c010             [ 2] 	cpy #0x10
e4b1 : b017             [ 3] 	bcs df_rt_hplotstr
                             	; get y and x in that order
e4b3 : 7a               [ 4] 	ply
e4b4 : fa               [ 4] 	plx
                             	; set cursror position
e4b5 :                       df_rt_plotstrch
e4b5 : b2d7             [ 5] 	lda (df_tmpptra)
e4b7 : f010             [ 3] 	beq df_rt_plotstrdone
                             	_incZPWord df_tmpptra
                             
e4bf : da               [ 3] 	phx
e4c0 : 5a               [ 3] 	phy
e4c1 : 2049c3           [ 6] 	jsr _gr_plot
e4c4 : 7a               [ 4] 	ply
e4c5 : fa               [ 4] 	plx
e4c6 : e8               [ 2] 	inx
e4c7 : 80ec             [ 3] 	bra df_rt_plotstrch
e4c9 :                       df_rt_plotstrdone
e4c9 : 60               [ 6] 	rts
e4ca :                       df_rt_hplotstr
                             	; get y and x in that order
e4ca : 7a               [ 4] 	ply
e4cb : fa               [ 4] 	plx
                             	; set cursror position
e4cc :                       df_rt_hplotstrch
e4cc : b2d7             [ 5] 	lda (df_tmpptra)
e4ce : f0f9             [ 3] 	beq df_rt_plotstrdone
                             	_incZPWord df_tmpptra
                             
e4d6 : da               [ 3] 	phx
e4d7 : 5a               [ 3] 	phy
e4d8 : 2061c3           [ 6] 	jsr _gr_hchar
e4db : 7a               [ 4] 	ply
e4dc : 68               [ 4] 	pla
e4dd : 18               [ 2] 	clc			; Assume pitch 8 for now
e4de : 6908             [ 2] 	adc #8
e4e0 : aa               [ 2] 	tax
e4e1 : 80e9             [ 3] 	bra df_rt_hplotstrch
                             
e4e3 :                       df_rt_cursor
                             	; evaluate the expression
e4e3 : 2079d9           [ 6] 	jsr df_rt_getnval
                             	; write low byte of vdp_curoff
                             	; by writing a zero then cursor on else not
e4e6 : 8606             [ 3] 	stx vdp_curoff
                             ;	clc
e4e8 : 60               [ 6] 	rts
                             		
e4e9 :                       df_rt_himem
                             	; evaluate the expression
e4e9 : 2079d9           [ 6] 	jsr df_rt_getnval
                             	; write X,A to df_memtop
e4ec : 8eb40c           [ 4] 	stx df_memtop
e4ef : 8db50c           [ 4] 	sta df_memtop+1
                             	; now clear everything down
e4f2 : 4c3df3           [ 3] 	jmp df_clear
e4f5 : 60               [ 6] 	rts
                             
e4f6 :                       df_rt_mode
e4f6 :                       df_rt_hires
                             	; evaluate the expression
AS65 Assembler for R6502 [1.42].                                     Page  148
---------------------------------- bank1.s -----------------------------------

e4f6 : 2079d9           [ 6] 	jsr df_rt_getnval
                             	; only interested in low byte
e4f9 : 8a               [ 2] 	txa
e4fa : 4cc9c1           [ 3] 	jmp _gr_init_screen
                             	
e4fd :                       df_rt_pixmode
                             	; evaluate the expression X = mode
e4fd : 2079d9           [ 6] 	jsr df_rt_getnval
e500 : 8622             [ 3] 	stx gr_scrngeom+gr_pixmode
                             ;	clc
e502 : 60               [ 6] 	rts
                             
e503 :                       df_rt_pixmask
                             	; evaluate the expression X = mask
e503 : 2079d9           [ 6] 	jsr df_rt_getnval
e506 : 8623             [ 3] 	stx gr_scrngeom+gr_pixmask
                             ;	clc
e508 : 60               [ 6] 	rts
                             
e509 :                       df_rt_pixcol
                             	; evaluate the expression X = col
e509 : 2079d9           [ 6] 	jsr df_rt_getnval
e50c : 8624             [ 3] 	stx gr_scrngeom+gr_pixcol
                             ;	clc
e50e : 60               [ 6] 	rts
                             
e50f :                       df_rt_put
                             	; evaluate the byte to put
e50f : 2079d9           [ 6] 	jsr df_rt_getnval
e512 : 8a               [ 2] 	txa
e513 : 2093c5           [ 6] 	jsr io_put_ch
e516 : 60               [ 6] 	rts
                             
e517 :                       df_rt_point
e517 : 2031dc           [ 6] 	jsr df_rt_parm_2ints
e51a : a6d7             [ 3] 	ldx df_tmpptra
e51c : a4d9             [ 3] 	ldy df_tmpptrb
e51e : 4c79c3           [ 3] 	jmp _gr_point
                             ;	clc
                             ;	rts
                             
e521 :                       df_rt_hplot
e521 : 203cdc           [ 6] 	jsr df_rt_parm_3ints
e524 : a6d7             [ 3] 	ldx df_tmpptra				; load x
e526 : a4d9             [ 3] 	ldy	df_tmpptrb				; load y
e528 : a5db             [ 3] 	lda df_tmpptrc				; load char
e52a : 4c61c3           [ 3] 	jmp _gr_hchar
                             
e52d :                       df_rt_circle
e52d : 203cdc           [ 6] 	jsr df_rt_parm_3ints
e530 : a5d7             [ 3] 	lda df_tmpptra				; load x0
e532 : 8579             [ 3] 	sta num_a
e534 : a5d9             [ 3] 	lda	df_tmpptrb				; load y0
e536 : 857a             [ 3] 	sta num_a+1
e538 : a5db             [ 3] 	lda df_tmpptrc				; load r
e53a : 857b             [ 3] 	sta num_a+2
e53c : 4c31c3           [ 3] 	jmp _gr_circle
                             
e53f :                       df_rt_line
e53f : 2053dc           [ 6] 	jsr df_rt_parm_4ints
e542 : a5d7             [ 3] 	lda df_tmpptra				; load x0
e544 : 8579             [ 3] 	sta num_a
AS65 Assembler for R6502 [1.42].                                     Page  149
---------------------------------- bank1.s -----------------------------------

e546 : a5d9             [ 3] 	lda	df_tmpptrb				; load y0
e548 : 857a             [ 3] 	sta num_a+1
e54a : a5db             [ 3] 	lda df_tmpptrc				; load x1
e54c : 857b             [ 3] 	sta num_a+2
e54e : a5dd             [ 3] 	lda df_tmpptrd				; load y1
e550 : 857c             [ 3] 	sta num_a+3
e552 : 4c01c3           [ 3] 	jmp _gr_line
                             
e555 :                       df_rt_box
e555 : 2053dc           [ 6] 	jsr df_rt_parm_4ints
e558 : a5d7             [ 3] 	lda df_tmpptra				; load x0
e55a : 8579             [ 3] 	sta num_a
e55c : a5d9             [ 3] 	lda	df_tmpptrb				; load y0
e55e : 857a             [ 3] 	sta num_a+1
e560 : a5db             [ 3] 	lda df_tmpptrc				; load x1
e562 : 857b             [ 3] 	sta num_a+2
e564 : a5dd             [ 3] 	lda df_tmpptrd				; load y1
e566 : 857c             [ 3] 	sta num_a+3
e568 : 4c19c3           [ 3] 	jmp _gr_box
                             
e56b :                       df_rt_shape
e56b : 203cdc           [ 6] 	jsr df_rt_parm_3ints
e56e : a6d7             [ 3] 	ldx df_tmpptra				; load x
e570 : da               [ 3] 	phx
e571 : a4d9             [ 3] 	ldy	df_tmpptrb				; load y
e573 : 5a               [ 3] 	phy
e574 : a6db             [ 3] 	ldx df_tmpptrc				; load coords[]
e576 : a5dc             [ 3] 	lda df_tmpptrc+1			; load coords[]
e578 : 20b5f2           [ 6] 	jsr df_rst_pushWord
e57b :                       df_rt_shapeLoop
e57b : 20c3f2           [ 6] 	jsr df_rst_popWord			; Get pointer
e57e : 86d7             [ 3] 	stx df_tmpptra
e580 : 85d8             [ 3] 	sta df_tmpptra+1
e582 : b2d7             [ 5] 	lda (df_tmpptra)			; Get X coord as int
e584 : 8533             [ 3] 	sta tmp_v1
e586 : a001             [ 2] 	ldy #1
e588 : b1d7             [ 5] 	lda (df_tmpptra),y			; Get X hi byte
e58a : 8534             [ 3] 	sta tmp_v1+1
e58c : c8               [ 2] 	iny
e58d : b1d7             [ 5] 	lda (df_tmpptra),y			; Get Y coord as int
e58f : 8537             [ 3] 	sta tmp_b
e591 : c8               [ 2] 	iny
e592 : b1d7             [ 5] 	lda (df_tmpptra),y			; Get Y hi byte
e594 : 8538             [ 3] 	sta tmp_b+1
e596 : a533             [ 3] 	lda tmp_v1					; If X and Y low are zero then en
e598 : d007             [ 3] 	bne df_rt_shapeCalc
e59a : a537             [ 3] 	lda tmp_b
e59c : d003             [ 3] 	bne df_rt_shapeCalc
                             	; Got here then must be finished
e59e : 68               [ 4] 	pla							; Pop bytes off 6502 stack
e59f : 68               [ 4] 	pla
e5a0 : 60               [ 6] 	rts
e5a1 :                       df_rt_shapeCalc
e5a1 : 18               [ 2] 	clc
e5a2 : a5d7             [ 3] 	lda df_tmpptra				; Increment coord pointer 
e5a4 : 6904             [ 2] 	adc #4						; 2 ints is 4 bytes per coord
e5a6 : aa               [ 2] 	tax
e5a7 : a5d8             [ 3] 	lda df_tmpptra+1
e5a9 : 6900             [ 2] 	adc #0
e5ab : 20b5f2           [ 6] 	jsr df_rst_pushWord			; Put pointer on runtime s
                             	; previous cursor is starting position
                             	; plus delta is new position
AS65 Assembler for R6502 [1.42].                                     Page  150
---------------------------------- bank1.s -----------------------------------

e5ae : 68               [ 4] 	pla							; get y0 off stack
e5af : 18               [ 2] 	clc
e5b0 : 857a             [ 3] 	sta num_a+1
e5b2 : 6537             [ 3] 	adc tmp_b
e5b4 : 857c             [ 3] 	sta num_a+3					; y1 = y0+dy
e5b6 : aa               [ 2] 	tax							; save y1 in X reg
e5b7 : 68               [ 4] 	pla							; get x0 off stack
e5b8 : 18               [ 2] 	clc
e5b9 : 8579             [ 3] 	sta num_a					; x0
e5bb : 6533             [ 3] 	adc tmp_v1
e5bd : 857b             [ 3] 	sta num_a+2					; x1
e5bf : 48               [ 3] 	pha							; save x1
e5c0 : da               [ 3] 	phx							; save y1
e5c1 : 2001c3           [ 6] 	jsr _gr_line				; line x0,y0,x1,y1
e5c4 : 80b5             [ 3] 	bra df_rt_shapeLoop			; go back to next coord
                             	
e5c6 :                       df_rt_wait
                             	; evaluate the expression
e5c6 : 2079d9           [ 6] 	jsr df_rt_getnval
                             	; put high byte in to Y (X,Y)=16 bits
e5c9 : a8               [ 2] 	tay
e5ca :                       df_rt_wait_loop
                             	; check X,Y==0
e5ca : 8a               [ 2] 	txa
e5cb : d004             [ 3] 	bne df_rt_wait_countdown
e5cd : 98               [ 2] 	tya
e5ce : d001             [ 3] 	bne df_rt_wait_countdown
                             	; Done (wait 0 returns immediately)
e5d0 : 60               [ 6] 	rts
e5d1 :                       df_rt_wait_countdown
                             	; get vdp low byte timer val in A for tick wait
e5d1 : a504             [ 3] 	lda vdp_int_cnt
e5d3 : ca               [ 2] 	dex
e5d4 : e0ff             [ 2] 	cpx #0xff
e5d6 : d001             [ 3] 	bne df_rt_wait_tick
e5d8 : 88               [ 2] 	dey
e5d9 :                       df_rt_wait_tick
                             	; check if a tick has occurred (i.e. val <> A)
e5d9 : c504             [ 3] 	cmp vdp_int_cnt
e5db : f0fc             [ 3] 	beq df_rt_wait_tick
e5dd : d0eb             [ 3] 	bne df_rt_wait_loop		; Always
                             	
e5df :                       df_rt_printat
                             	; Get x,y
e5df : 2031dc           [ 6] 	jsr df_rt_parm_2ints
e5e2 : a6d7             [ 3] 	ldx df_tmpptra
e5e4 : a4d9             [ 3] 	ldy df_tmpptrb
                             	; Set the cursror here
e5e6 : 20a9c3           [ 6] 	jsr _gr_set_cur
                             	; and continue to normal print command
e5e9 :                       df_rt_print
e5e9 : a4be             [ 3] 	ldy df_exeoff
e5eb : 88               [ 2] 	dey
e5ec :                       df_rt_print_ws
e5ec : c8               [ 2] 	iny
                             	; evaluate an expression
                             ;	cpy df_eolidx
                             ;	beq df_rt_print_done
e5ed : c4b5             [ 3] 	cpy df_nxtstidx
e5ef : f026             [ 4] 	beq df_rt_print_done
e5f1 : b1bc             [ 5] 	lda (df_currlin),y
e5f3 : c93a             [ 2] 	cmp #':'
AS65 Assembler for R6502 [1.42].                                     Page  151
---------------------------------- bank1.s -----------------------------------

e5f5 : f020             [ 4] 	beq df_rt_print_done
e5f7 : c920             [ 2] 	cmp #' '
e5f9 : f0f1             [ 3] 	beq df_rt_print_ws
e5fb : c92c             [ 2] 	cmp #','
e5fd : f0ed             [ 3] 	beq df_rt_print_ws
                             	; save index
e5ff : 84be             [ 3] 	sty df_exeoff
                             	
                             	; if starts with string literal then process sev
                             ;	cmp #DFTK_STRLIT
                             ;	beq df_rt_print_string
                             	; else evaluate a numeric
e601 : 207fd9           [ 6] 	jsr df_rt_neval
                             	; check what is on the argument stack
                             	_df_ost_peekType
                             
e609 : 2904             [ 2] 	and #DFST_STR
e60b : d005             [ 3] 	bne df_rt_print_gotstr
e60d : 20bbe2           [ 6] 	jsr df_rt_print_num
e610 : 80d7             [ 4] 	bra df_rt_print
e612 :                       df_rt_print_gotstr
e612 : 20c2e2           [ 6] 	jsr df_rt_print_str
e615 : 80d2             [ 4] 	bra df_rt_print
                             ;df_rt_print_string
                             ;	; point to string accumulator
                             ;	ldx df_sevalptr
                             ;	lda df_sevalptr+1
                             ;	jsr df_rt_seval
                             ;	bra df_rt_print_gotstr
e617 :                       df_rt_print_done
e617 : 84be             [ 3] 	sty df_exeoff
e619 : 60               [ 6] 	rts
                             	
e61a :                       df_rt_println
e61a : 20e9e5           [ 6] 	jsr df_rt_print
e61d : a90d             [ 2] 	lda #UTF_CR
e61f : 4c93c5           [ 3] 	jmp io_put_ch
                             
                             
                             ; assign to a number variable
                             ; X,A must have lvar
e622 :                       df_rt_nassign
e622 : 48               [ 3] 	pha
e623 : da               [ 3] 	phx
                             	; now go evaluate expression in to A,X
e624 : 2079d9           [ 6] 	jsr df_rt_getnval
                             	; restore variable address to write to
e627 : 7a               [ 4] 	ply
e628 : 84d7             [ 3] 	sty df_tmpptra
e62a : 7a               [ 4] 	ply
e62b : 84d8             [ 3] 	sty df_tmpptra+1
                             	; save X,A int in contents section
e62d : a001             [ 2] 	ldy #1
e62f : 91d7             [ 5] 	sta (df_tmpptra),y
e631 : 8a               [ 2] 	txa
e632 : 88               [ 2] 	dey
e633 : 91d7             [ 5] 	sta (df_tmpptra),y
                             
e635 : 60               [ 6] 	rts
                             
                             ; assign to a string variable
                             ; X,A must have lvar
AS65 Assembler for R6502 [1.42].                                     Page  152
---------------------------------- bank1.s -----------------------------------

e636 :                       df_rt_sassign
                             	; now go evaluate expression
                             	; with the destination being X,A
e636 : 2033da           [ 6] 	jsr df_rt_sval
                             
                             	; get string pointer from top of runtime stack
e639 : 4cf3f2           [ 3] 	jmp df_ost_popStr
                             	
                             ;	clc
                             ;	rts
                             
                             ; generate lvar from a var token ready for assign
e63c :                       df_rt_generate_lvar
                             	; move past escape val
e63c : a4be             [ 3] 	ldy df_exeoff
e63e : c8               [ 2] 	iny
                             	; pointing to variable index
e63f : b1bc             [ 5] 	lda (df_currlin),y
e641 : 85d7             [ 3] 	sta df_tmpptra
e643 : c8               [ 2] 	iny
e644 : b1bc             [ 5] 	lda (df_currlin),y
e646 : 84be             [ 3] 	sty df_exeoff
e648 : 85d8             [ 3] 	sta df_tmpptra+1
                             
                             	; get the type and save
e64a : b2d7             [ 5] 	lda (df_tmpptra)
e64c : 48               [ 3] 	pha
                             
                             	; set carry flag to return pointer (lvar)
e64d : 38               [ 2] 	sec
e64e : 2019db           [ 6] 	jsr df_rt_eval_var
e651 : 20f7f2           [ 6] 	jsr df_ost_popPtr
                             	; pull the type previously saved into Y
e654 : 7a               [ 4] 	ply
                             	; move past the lvar variable index
e655 : e6be             [ 5] 	inc df_exeoff
                             ;	clc
e657 : 60               [ 6] 	rts
                             
                             ; assign
                             ; X,A,Y contain lvar pointer and type
e658 :                       df_rt_doassign
                             	; save A and put type Y in to A
e658 : 48               [ 3] 	pha
e659 : 98               [ 2] 	tya
e65a : 2904             [ 2] 	and #DFVVT_STR
                             	; if a string then string expression
e65c : f004             [ 3] 	beq df_rt_assign_num
                             	; remember to restore A
                             	; jump to string expression evaluator
e65e : 68               [ 4] 	pla
e65f : 4c36e6           [ 3] 	jmp df_rt_sassign
e662 :                       df_rt_assign_num
                             	; else jump to numeric expression evaluator
                             	; remember to restore A
e662 : 68               [ 4] 	pla
e663 : 4c22e6           [ 3] 	jmp df_rt_nassign
                             
                             ; general assignment execution
e666 :                       df_rt_assign
e666 : 203ce6           [ 6] 	jsr df_rt_generate_lvar
                             	; go and do the assignment
AS65 Assembler for R6502 [1.42].                                     Page  153
---------------------------------- bank1.s -----------------------------------

e669 : 4c58e6           [ 3] 	jmp df_rt_doassign
                             	
                             ; comment or data token is ignored by runtime
e66c :                       df_rt_comment
e66c :                       df_rt_data
                             ;	clc
e66c : 60               [ 6] 	rts
                             
                             	
                             ; run token	
e66d :                       df_rt_run
                             ;	sec
e66d : 60               [ 6] 	rts
                             
                             ; end of line / statement indicator
                             ; CS = End, CC = not end
e66e :                       df_rt_eos
e66e : a4be             [ 3] 	ldy df_exeoff
                             ;	cpy df_eolidx
                             ;	beq df_rt_eos_true
e670 : c4b5             [ 3] 	cpy df_nxtstidx
e672 : f008             [ 3] 	beq df_rt_eos_true
e674 : b1bc             [ 5] 	lda (df_currlin),y
e676 : c93a             [ 2] 	cmp #':'
e678 : f002             [ 3] 	beq df_rt_eos_true
e67a : 18               [ 2] 	clc
e67b : 60               [ 6] 	rts
e67c :                       df_rt_eos_true
e67c : 38               [ 2] 	sec
e67d : 60               [ 6] 	rts
                             
                             ; renum startLine,newStart,increment
                             ; renumbers from the first matching line to end o
e67e :                       df_rt_renum
e67e : e6be             [ 5] 	inc df_exeoff
e680 : 203cdc           [ 6] 	jsr df_rt_parm_3ints
                             	; starting line number
e683 : a6d7             [ 3] 	ldx df_tmpptra
e685 : a5d8             [ 3] 	lda df_tmpptra+1
e687 : 2091d7           [ 6] 	jsr df_pg_find_line
e68a : 9002             [ 3] 	bcc df_rt_renum_ok
                             	SWBRK DFERR_NOLINE
                             
e68e :                       df_rt_renum_ok
                             	; save starting position pointer in ptrd
e68e : 86dd             [ 3] 	stx df_tmpptrd
e690 : 85de             [ 3] 	sta df_tmpptrd+1
e692 :                       df_rt_renum_do
                             	; if not end of program
e692 : a000             [ 2] 	ldy #0
e694 : b1dd             [ 5] 	lda (df_tmpptrd),y
                             	; then renumber this line
e696 : d001             [ 3] 	bne df_rt_renum_update
                             	; else done
e698 : 60               [ 6] 	rts
e699 :                       df_rt_renum_update
                             	; so set this line number to new line number
e699 : a001             [ 2] 	ldy #DFTK_LINNUM
e69b : a5d9             [ 3] 	lda df_tmpptrb
e69d : 91dd             [ 5] 	sta (df_tmpptrd),y
e69f : c8               [ 2] 	iny
e6a0 : a5da             [ 3] 	lda df_tmpptrb+1
AS65 Assembler for R6502 [1.42].                                     Page  154
---------------------------------- bank1.s -----------------------------------

e6a2 : 91dd             [ 5] 	sta (df_tmpptrd),y
                             	; add increment to new line
                             	_addZPWord df_tmpptrb,df_tmpptrc
                             
e6b1 :                       df_rt_renum_next
                             	; point ptrd to the next line
e6b1 : 18               [ 2] 	clc
e6b2 : a5dd             [ 3] 	lda df_tmpptrd
e6b4 : a200             [ 2] 	ldx #0
e6b6 : 61dd             [ 6] 	adc (df_tmpptrd,x)
e6b8 : 85dd             [ 3] 	sta df_tmpptrd
                             	_bcc 2
                             
e6bc : e6de             [ 5] 	inc df_tmpptrd+1
e6be : 4c92e6           [ 3] 	jmp df_rt_renum_do
                             
                             
                             ; * List all procs in VNT
e6c1 :                       df_rt_listprocnames
                             	; start at the beginning of the vnt table
                             	_cpyZPWord df_vntstrt,df_tmpptra
                             
                             	; start at varcnt
e6c9 : a5a7             [ 3] 	lda df_varcnt
e6cb : 85d9             [ 3] 	sta df_tmpptrb
e6cd :                       df_rt_listcheckvnt
                             	; If reached 0 then not found
e6cd : a5d9             [ 3] 	lda df_tmpptrb
e6cf : f03a             [ 4] 	beq df_rt_listpn_done
e6d1 : a000             [ 2] 	ldy #0
e6d3 : b1d7             [ 5] 	lda (df_tmpptra),y
e6d5 : c95f             [ 2] 	cmp #'_'
e6d7 : d01b             [ 3] 	bne df_rt_listnextvnt
e6d9 :                       df_rt_listprocch
e6d9 : b1d7             [ 5] 	lda (df_tmpptra),y
e6db : 2093c5           [ 6] 	jsr io_put_ch
e6de : aa               [ 2] 	tax
e6df : f003             [ 3] 	beq df_rt_listproccr
e6e1 : c8               [ 2] 	iny
e6e2 : d0f5             [ 3] 	bne df_rt_listprocch		; Always
e6e4 :                       df_rt_listproccr
e6e4 : a90d             [ 2] 	lda #UTF_CR
e6e6 : 2093c5           [ 6] 	jsr io_put_ch
e6e9 : 18               [ 2] 	clc
e6ea :                       df_rt_listprocpause
e6ea : 2090c5           [ 6] 	jsr io_get_ch
e6ed : c920             [ 2] 	cmp #' '
e6ef : d003             [ 3] 	bne df_rt_listnextvnt
e6f1 :                       df_rt_listwait
e6f1 : 38               [ 2] 	sec
e6f2 : b0f6             [ 3] 	bcs df_rt_listprocpause
e6f4 :                       df_rt_listnextvnt
e6f4 : b1d7             [ 5] 	lda (df_tmpptra),y
e6f6 : f003             [ 3] 	beq df_rt_listgotnext
e6f8 : c8               [ 2] 	iny
e6f9 : d0f9             [ 3] 	bne df_rt_listnextvnt		; Always
e6fb :                       df_rt_listgotnext
                             	; dec vnt #
e6fb : c6d9             [ 5] 	dec df_tmpptrb
                             	; skip past zero terminator
e6fd : c8               [ 2] 	iny
                             	; add this to vnt pointer
AS65 Assembler for R6502 [1.42].                                     Page  155
---------------------------------- bank1.s -----------------------------------

e6fe : 18               [ 2] 	clc
e6ff : 98               [ 2] 	tya
e700 : 65d7             [ 3] 	adc df_tmpptra
e702 : 85d7             [ 3] 	sta df_tmpptra
                             	_bcc 2
                             
e706 : e6d8             [ 5] 	inc df_tmpptra+1
e708 : 4ccde6           [ 3] 	jmp df_rt_listcheckvnt
e70b :                       df_rt_listpn_done
e70b : 60               [ 6] 	rts
                             
e70c :                       df_rt_listproc
                             	; A already contains '_'
e70c : 8d000a           [ 4] 	sta df_linbuff
e70f : a200             [ 2] 	ldx #0
e711 : a4be             [ 3] 	ldy df_exeoff
e713 :                       df_rt_listp_copy
e713 : c8               [ 2] 	iny
e714 : e8               [ 2] 	inx
e715 : b1bc             [ 5] 	lda (df_currlin),y
e717 : 9d000a           [ 5] 	sta df_linbuff,x
e71a : 20d1ce           [ 6] 	jsr df_tk_isalphanum
e71d : b0f4             [ 3] 	bcs df_rt_listp_copy
                             	; zero the line index
e71f : a200             [ 2] 	ldx #0
e721 : 86b2             [ 3] 	stx df_linoff
                             	; save runtime pos
e723 : 84be             [ 3] 	sty df_exeoff
                             	; Now try and find in VNT
e725 : 20f3cc           [ 6] 	jsr df_var_find
e728 : b036             [ 3] 	bcs df_rt_listp_notfound
                             	; Ok we have got a match in X,A find the proc
e72a : 86c4             [ 3] 	stx df_procptr
e72c : 85c5             [ 3] 	sta df_procptr+1
e72e : 205fdd           [ 6] 	jsr df_rt_findproc
                             	; Save the line pointer
e731 : 86d7             [ 3] 	stx df_tmpptra
e733 : 85d8             [ 3] 	sta df_tmpptra+1
                             	; save statement index in to line
                             ;	sty df_lineidx
                             ;	; Check if '-' option used
                             ;	ldy df_exeoff
                             ;	lda (df_currlin),y
                             ;	cmp #'-'
                             ;	; if so, list to end of program
                             ;	beq df_rt_listprgend
                             	; Now try and find the end of this procedure
                             	; enddef or another def
                             	; A,X=Line ptr, Y=line idx
                             ;	ldx df_tmpptra
                             ;	lda df_tmpptra+1
                             ;	ldy df_lineidx
e735 :                       df_rt_listp_findend
                             	; Go to next stat
e735 : 200cdd           [ 6] 	jsr df_rt_nextstat
e738 : b057             [ 3] 	bcs df_rt_listprgend
                             	; save y (a,x in lineptr), A is ok to trample
e73a : 98               [ 2] 	tya
e73b : 48               [ 3] 	pha
                             	; find the command
e73c :                       df_rt_listp_findcmd
e73c : c8               [ 2] 	iny
AS65 Assembler for R6502 [1.42].                                     Page  156
---------------------------------- bank1.s -----------------------------------

e73d : b1c6             [ 5] 	lda (df_lineptr),y
e73f : 10fb             [ 3] 	bpl df_rt_listp_findcmd
                             	; restore y to stat beginning
e741 : 8539             [ 3] 	sta tmp_d
e743 : 68               [ 4] 	pla
e744 : a8               [ 2] 	tay
e745 : a539             [ 3] 	lda tmp_d
                             	; check A - looking for enddef or def
e747 : c987             [ 2] 	cmp #DFRT_ENDDEF
e749 : f00b             [ 3] 	beq df_rt_listp_done
e74b : c986             [ 2] 	cmp #DFRT_DEF
e74d : f007             [ 3] 	beq df_rt_listp_done
                             	; if neither then next stat from current
e74f : a6c6             [ 3] 	ldx df_lineptr
e751 : a5c7             [ 3] 	lda df_lineptr+1
e753 : 4c35e7           [ 3] 	jmp df_rt_listp_findend
e756 :                       df_rt_listp_done
                             	; Push end line on to stack
e756 : a5c7             [ 3] 	lda df_lineptr+1
e758 : 48               [ 3] 	pha
e759 : 8a               [ 2] 	txa
e75a : 48               [ 3] 	pha
e75b : a5c7             [ 3] 	lda df_lineptr+1
e75d : 4c97e7           [ 3] 	jmp df_rt_list_line
e760 :                       df_rt_listp_notfound
                             	; Fatal error if proc not found
                             	SWBRK DFERR_NOPROC
                             
                             
                             ; list token
e762 :                       df_rt_list
e762 : a900             [ 2] 	lda #0
e764 : 85df             [ 3] 	sta df_tmpptre		; Zero means in normal list mode
                             	; find non-ws
e766 : 20b2dd           [ 6] 	jsr df_rt_skip_ws
                             	; if end of statement then no line specifiers
e769 : 206ee6           [ 6] 	jsr df_rt_eos
                             	; so list whole program
e76c : b01b             [ 3] 	bcs df_rt_listprg
                             
                             	;if '_' then use procnames
e76e : c95f             [ 2] 	cmp #'_'
e770 : d003             [ 3] 	bne df_rt_list_all
e772 : 4c0ce7           [ 3] 	jmp df_rt_listproc
e775 :                       df_rt_list_all
                             	;if '*' then display all procnames
e775 : c92a             [ 2] 	cmp #'*'
e777 : d003             [ 3] 	bne df_rt_list_linno
e779 : 4cc1e6           [ 3] 	jmp df_rt_listprocnames
e77c :                       df_rt_list_linno
                             	; else get 1st parameter
e77c : 2079d9           [ 6] 	jsr df_rt_getnval
                             	; find the starting line number in X,A
e77f : 2091d7           [ 6] 	jsr df_pg_find_line
                             	; save start in ptra
e782 : 86d7             [ 3] 	stx df_tmpptra
e784 : 85d8             [ 3] 	sta df_tmpptra+1
e786 : 4c91e7           [ 3] 	jmp df_rt_listprgend
                             	; NO ability to choose and ending line number!
                             
                             ; Common listing routine used by LIST and SAVE
                             ; tmpe = 0 means in LIST mode else SAVE mode
AS65 Assembler for R6502 [1.42].                                     Page  157
---------------------------------- bank1.s -----------------------------------

                             ; can stop the listing in LIST mode with CTRL-C
e789 :                       df_rt_listprg
                             	; program start and end as for pointer value
                             	_cpyZPWord df_prgstrt, df_tmpptra
                             
e791 :                       df_rt_listprgend
e791 : a59e             [ 3] 	lda df_prgend+1
e793 : 48               [ 3] 	pha						; df_prgend hi at 102,x
e794 : a59d             [ 3] 	lda df_prgend
e796 : 48               [ 3] 	pha						; df_prgend lo at 101,x
e797 :                       df_rt_list_line
                             	; if line length = 0 then end of program
e797 : a000             [ 2] 	ldy #0
e799 : b1d7             [ 5] 	lda (df_tmpptra),y
e79b : f039             [ 3] 	beq df_rt_list_line_fin
                             	; if in list mode and CTRL-C then also stop
e79d : a5df             [ 3] 	lda df_tmpptre
e79f : d010             [ 3] 	bne df_rt_list_line_cont
                             	; check for break, asynch get
e7a1 : 18               [ 2] 	clc
e7a2 :                       df_rt_list_synckey
e7a2 : a5df             [ 3] 	lda df_tmpptre					; Ignore keys on save mode
e7a4 : d00b             [ 3] 	bne df_rt_list_line_cont
e7a6 :                       df_rt_list_pause
e7a6 : 2090c5           [ 6] 	jsr io_get_ch
e7a9 : c920             [ 2] 	cmp #' '						; Space = PAUSE
e7ab : f0f9             [ 3] 	beq df_rt_list_pause			; C=1 for synchronouse ke
e7ad : c903             [ 2] 	cmp #UTF_ETX					; CTRL-C?
e7af : f025             [ 3] 	beq df_rt_list_line_fin
e7b1 :                       df_rt_list_line_cont
e7b1 : a000             [ 2] 	ldy #0
e7b3 : 84b2             [ 3] 	sty df_linoff
e7b5 : 20d9e7           [ 6] 	jsr df_rt_list_all_line
e7b8 :                       df_rt_list_next_line
                             	; new line
e7b8 : 209fc8           [ 6] 	jsr utilPrintCRLF
                             	; increment pointer to next line
e7bb : 18               [ 2] 	clc
e7bc : a5d7             [ 3] 	lda df_tmpptra
e7be : a000             [ 2] 	ldy #0
e7c0 : 71d7             [ 5] 	adc (df_tmpptra),y
e7c2 : 85d7             [ 3] 	sta df_tmpptra
                             	_bcc 2
                             
e7c6 : e6d8             [ 5] 	inc df_tmpptra+1
                             	; if pointer > end then listing is done
e7c8 : ba               [ 2] 	tsx
e7c9 : 38               [ 2] 	sec
e7ca : bd0101           [ 4] 	lda 0x101,x						; get prend lo from stack frame
e7cd : e5d7             [ 3] 	sbc df_tmpptra
e7cf : bd0201           [ 4] 	lda 0x102,x						; get prend hi from stack frame
e7d2 : e5d8             [ 3] 	sbc df_tmpptra+1
e7d4 : b0c1             [ 3] 	bcs df_rt_list_line
e7d6 :                       df_rt_list_line_fin
                             	; if got here then reached tmpb
e7d6 : 68               [ 4] 	pla
e7d7 : 68               [ 4] 	pla
e7d8 :                       df_rt_list_line_only_fin
e7d8 : 60               [ 6] 	rts
                             
                             ;Using df_tmpptra as line pointer
                             ;Print decode an entire line
AS65 Assembler for R6502 [1.42].                                     Page  158
---------------------------------- bank1.s -----------------------------------

e7d9 :                       df_rt_list_all_line				; Start here to include nu
e7d9 : 2013e9           [ 6] 	jsr df_rt_list_linnum
e7dc :                       df_rt_list_line_only			; Start here for just the 
e7dc : a003             [ 2] 	ldy #3
e7de : b1d7             [ 5] 	lda (df_tmpptra),y
e7e0 : 85c8             [ 3] 	sta df_lineidx
e7e2 : c8               [ 2] 	iny
e7e3 : 84b2             [ 3] 	sty df_linoff
e7e5 :                       df_rt_list_decode
e7e5 : a4b2             [ 3] 	ldy df_linoff
e7e7 : b1d7             [ 5] 	lda (df_tmpptra),y
e7e9 : 3010             [ 3] 	bmi df_rt_list_token
e7eb : c920             [ 2] 	cmp #DFTK_ESCVAL
e7ed : 9006             [ 3] 	bcc df_rt_list_escval
                             	; normal char just print it
e7ef : 2093c5           [ 6] 	jsr io_put_ch
e7f2 : 4cfee7           [ 3] 	jmp df_rt_list_nexttok
e7f5 :                       df_rt_list_escval
                             	; A and Y need to be valid on entry
e7f5 : 2017e8           [ 6] 	jsr df_rt_list_decode_esc
e7f8 : 4cfee7           [ 3] 	jmp df_rt_list_nexttok
e7fb :                       df_rt_list_token
e7fb : 2024e9           [ 6] 	jsr df_rt_list_decode_token
e7fe :                       df_rt_list_nexttok
                             	; advance the line offset
e7fe : e6b2             [ 5] 	inc df_linoff
e800 : a5b2             [ 3] 	lda df_linoff
                             	; check if at end of line
e802 : a200             [ 2] 	ldx #0
e804 : c1d7             [ 6] 	cmp (df_tmpptra,x)
e806 : f0d0             [ 4] 	beq df_rt_list_line_only_fin
                             	; check if at end of statement
e808 : c5c8             [ 3] 	cmp df_lineidx
e80a : d0d9             [ 4] 	bne df_rt_list_decode
e80c : a8               [ 2] 	tay
                             	; save the next statement offset
e80d : b1d7             [ 5] 	lda (df_tmpptra),y
e80f : 85c8             [ 3] 	sta df_lineidx
e811 : c8               [ 2] 	iny
e812 : 84b2             [ 3] 	sty df_linoff
e814 : 4ce5e7           [ 3] 	jmp df_rt_list_decode
                             
                             
                             ; decode escape sequences
                             ; Input: A contains the esc val and Y is char lin
e817 :                       df_rt_list_decode_esc
                             	; jump over esc byte
e817 : c8               [ 2] 	iny
e818 : 84b2             [ 3] 	sty df_linoff
e81a : 48               [ 3] 	pha
                             	; get the next two bytes in case needed
e81b : b1d7             [ 5] 	lda (df_tmpptra),y
e81d : 85d9             [ 3] 	sta df_tmpptrb
e81f : c8               [ 2] 	iny
e820 : b1d7             [ 5] 	lda (df_tmpptra),y
e822 : 85da             [ 3] 	sta df_tmpptrb+1
e824 : 88               [ 2] 	dey				; Y is on byte after esc byte
e825 : 68               [ 4] 	pla
                             	; x2 to get jmp offset
e826 : 0a               [ 2] 	asl a
e827 : aa               [ 2] 	tax
e828 : bddcde           [ 4] 	lda df_rt_escjmp,x
AS65 Assembler for R6502 [1.42].                                     Page  159
---------------------------------- bank1.s -----------------------------------

e82b : 85db             [ 3] 	sta df_tmpptrc
e82d : bdddde           [ 4] 	lda df_rt_escjmp+1,x
e830 : 85dc             [ 3] 	sta df_tmpptrc+1
                             	; now jump to decoder
e832 : 6cdb00           [ 6] 	jmp (df_tmpptrc)
                             
                             ; reserved
e835 :                       df_rt_lst_reserved
e835 : 60               [ 6] 	rts
                             
                             ; decode a byte char
e836 :                       df_rt_lst_chr
e836 : a927             [ 2] 	lda #0x27			; Single quote
e838 : 2093c5           [ 6] 	jsr io_put_ch
e83b : a5d9             [ 3] 	lda df_tmpptrb
e83d : 2093c5           [ 6] 	jsr io_put_ch
e840 : a927             [ 2] 	lda #0x27			; Single quote
e842 : 2093c5           [ 6] 	jsr io_put_ch
e845 : c8               [ 2] 	iny
e846 : 84b2             [ 3] 	sty df_linoff
e848 : 60               [ 6] 	rts
                             
                             ; Output 0x for hex chars
e849 :                       df_rt_lst_hex_pre
e849 : a930             [ 2] 	lda #'0'
e84b : 2093c5           [ 6] 	jsr io_put_ch
e84e : a978             [ 2] 	lda #'x'
e850 : 4c93c5           [ 3] 	jmp io_put_ch
                             
                             
                             ; Decode a byte hex
e853 :                       df_rt_lst_bythex
e853 : 2049e8           [ 6] 	jsr df_rt_lst_hex_pre
e856 :                       df_rt_lst_lo_hex
e856 : a5d9             [ 3] 	lda df_tmpptrb
e858 : 20ccc8           [ 6] 	jsr str_a_to_x
e85b : 2093c5           [ 6] 	jsr io_put_ch
e85e : 8a               [ 2] 	txa
e85f : 2093c5           [ 6] 	jsr io_put_ch
e862 :                       df_rt_lst_const_done
e862 : c8               [ 2] 	iny
e863 : 84b2             [ 3] 	sty df_linoff
e865 : 60               [ 6] 	rts
                             
                             ; Decode an int hex
e866 :                       df_rt_lst_inthex
e866 : 2049e8           [ 6] 	jsr df_rt_lst_hex_pre
e869 : a5da             [ 3] 	lda df_tmpptrb+1
e86b : 20ccc8           [ 6] 	jsr str_a_to_x
e86e : 2093c5           [ 6] 	jsr io_put_ch
e871 : 8a               [ 2] 	txa
e872 : 2093c5           [ 6] 	jsr io_put_ch
e875 : 4c56e8           [ 3] 	jmp df_rt_lst_lo_hex
                             
                             ; Decode a byte binary
e878 :                       df_rt_lst_bytbin
e878 : a5d9             [ 3] 	lda df_tmpptrb
e87a : 85da             [ 3] 	sta df_tmpptrb+1
e87c : a208             [ 2] 	ldx #8
e87e : d002             [ 3] 	bne df_rt_lst_bin
                             
                             ; Decode a int binary
AS65 Assembler for R6502 [1.42].                                     Page  160
---------------------------------- bank1.s -----------------------------------

e880 :                       df_rt_lst_intbin
e880 : a210             [ 2] 	ldx #16
                             	; FALL THROUGH
                             ; Main 01 decoding of binary
e882 :                       df_rt_lst_bin
e882 : a930             [ 2] 	lda #'0'
e884 : 2093c5           [ 6] 	jsr io_put_ch
e887 : a962             [ 2] 	lda #'b'
e889 : 2093c5           [ 6] 	jsr io_put_ch
e88c :                       df_rt_lst_bit
e88c : a930             [ 2] 	lda #'0'
e88e : 06d9             [ 5] 	asl df_tmpptrb
e890 : 26da             [ 5] 	rol df_tmpptrb+1
e892 : 6900             [ 2] 	adc #0				; If C=1 then '0' becomes '1'
e894 :                       df_rt_lst_bit_skip0
e894 : 2093c5           [ 6] 	jsr io_put_ch
e897 : ca               [ 2] 	dex
e898 : d0f2             [ 3] 	bne df_rt_lst_bit
e89a : f0c6             [ 3] 	beq df_rt_lst_const_done
                             
                             ; Decode a decimal integer
e89c :                       df_rt_lst_intdec
e89c : a6d9             [ 3] 	ldx df_tmpptrb
e89e : a5da             [ 3] 	lda df_tmpptrb+1
e8a0 : c8               [ 2] 	iny
e8a1 : 84b2             [ 3] 	sty df_linoff
e8a3 : 18               [ 2] 	clc
e8a4 : 4c56cb           [ 3] 	jmp print_a_to_d
                             
                             
                             ; decode a variable or procedure
                             ; Slot address to decode in ptrb
e8a7 :                       df_rt_lst_var
e8a7 :                       df_rt_lst_proc
                             	; jump over the address bytes
e8a7 : c8               [ 2] 	iny
e8a8 : 84b2             [ 3] 	sty df_linoff
                             
                             	; ptrc starts at VNT start
                             	_cpyZPWord df_vntstrt,df_tmpptrc
                             
                             
                             	; ptrd starts at end of VVT
                             	_cpyZPWord df_vvtend,df_tmpptrd
                             
e8ba : a000             [ 2] 	ldy #0
e8bc :                       df_rt_list_findvvt
                             	; Check have we reached target addr in vvt?
e8bc : a5dd             [ 3] 	lda df_tmpptrd
e8be : c5d9             [ 3] 	cmp df_tmpptrb
e8c0 : d006             [ 3] 	bne df_rt_list_vvtend
e8c2 : a5de             [ 3] 	lda df_tmpptrd+1
e8c4 : c5da             [ 3] 	cmp df_tmpptrb+1
e8c6 : f021             [ 3] 	beq df_rt_list_gotvvt
e8c8 :                       df_rt_list_vvtend
e8c8 : b1db             [ 5] 	lda (df_tmpptrc),y
e8ca : f009             [ 3] 	beq df_rt_list_gotvvtend
                             	_incZPWord df_tmpptrc
                             
e8d2 : 4cc8e8           [ 3] 	jmp df_rt_list_vvtend
e8d5 :                       df_rt_list_gotvvtend
                             	_incZPWord df_tmpptrc
AS65 Assembler for R6502 [1.42].                                     Page  161
---------------------------------- bank1.s -----------------------------------

                             
                             	; move target slot address towards top of mem
e8db : 18               [ 2] 	clc
e8dc : a5dd             [ 3] 	lda df_tmpptrd
e8de : 6908             [ 2] 	adc #DFVVT_SZ
e8e0 : 85dd             [ 3] 	sta df_tmpptrd
                             	_bcc 2
                             
e8e4 : e6de             [ 5] 	inc df_tmpptrd+1
                             	; go back and check again
e8e6 : 4cbce8           [ 3] 	jmp df_rt_list_findvvt
e8e9 :                       df_rt_list_gotvvt
e8e9 : b1db             [ 5] 	lda (df_tmpptrc),y
e8eb : f025             [ 4] 	beq df_rt_list_donvvt
e8ed : 2093c5           [ 6] 	jsr io_put_ch
                             	_incZPWord df_tmpptrc
                             
e8f6 : 4ce9e8           [ 3] 	jmp df_rt_list_gotvvt
                             
e8f9 :                       df_rt_lst_strlit
e8f9 : a922             [ 2] 	lda #0x22
e8fb : 2093c5           [ 6] 	jsr io_put_ch
e8fe : a4b2             [ 3] 	ldy df_linoff
e900 :                       df_rt_lst_strlitch
e900 : b1d7             [ 5] 	lda (df_tmpptra),y
e902 : f007             [ 3] 	beq df_rt_lst_strlitdon
e904 : 2093c5           [ 6] 	jsr io_put_ch
e907 : c8               [ 2] 	iny
e908 : 4c00e9           [ 3] 	jmp df_rt_lst_strlitch
e90b :                       df_rt_lst_strlitdon
e90b : a922             [ 2] 	lda #0x22
e90d : 2093c5           [ 6] 	jsr io_put_ch
e910 : 84b2             [ 3] 	sty df_linoff
e912 :                       df_rt_list_donvvt
e912 : 60               [ 6] 	rts
                             
e913 :                       df_rt_list_linnum
e913 : a001             [ 2] 	ldy #1
e915 : b1d7             [ 5] 	lda (df_tmpptra),y
e917 : aa               [ 2] 	tax
e918 : c8               [ 2] 	iny
e919 : b1d7             [ 5] 	lda (df_tmpptra),y
e91b : 18               [ 2] 	clc
e91c : 2056cb           [ 6] 	jsr print_a_to_d
e91f : a920             [ 2] 	lda #0x20			; Always add a space after line num
e921 : 4c93c5           [ 3] 	jmp io_put_ch
                             
                             ; decode a token value with MSB set
e924 :                       df_rt_list_decode_token
                             	; if not assembler then normal listing
e924 : c997             [ 2] 	cmp #DFRT_ASM
e926 : d003             [ 3] 	bne df_rt_list_decode_token_normal
e928 : 4c62e9           [ 3] 	jmp df_rt_asm_decode_token
e92b :                       df_rt_list_decode_token_normal
e92b : 297f             [ 2] 	and #0x7f
                             	; token 0 and 1 don't get decoded they are impli
e92d : c902             [ 2] 	cmp #2
e92f : b001             [ 3] 	bcs df_rt_list_do_decode_tkn
e931 : 60               [ 6] 	rts
e932 :                       df_rt_list_do_decode_tkn
e932 : aa               [ 2] 	tax
e933 : a97f             [ 2] 	lda #lo(df_tokensyms)
AS65 Assembler for R6502 [1.42].                                     Page  162
---------------------------------- bank1.s -----------------------------------

e935 : 85d9             [ 3] 	sta df_tmpptrb
e937 : a9d2             [ 2] 	lda #hi(df_tokensyms)
e939 : 85da             [ 3] 	sta df_tmpptrb+1
e93b :                       df_rt_list_find_sym
e93b : 8a               [ 2] 	txa
e93c : f012             [ 3] 	beq df_rt_list_got_sym
e93e : a000             [ 2] 	ldy #0
e940 :                       df_rt_list_next_ch
e940 : b1d9             [ 5] 	lda (df_tmpptrb),y
e942 : 48               [ 3] 	pha
                             	_incZPWord df_tmpptrb
                             
e949 : 68               [ 4] 	pla
e94a : 10f4             [ 3] 	bpl df_rt_list_next_ch
e94c :                       df_rt_list_got_last_sym
                             	; ok got to the last ch
                             	; advance to next sym
e94c : ca               [ 2] 	dex
e94d : 4c3be9           [ 3] 	jmp df_rt_list_find_sym
e950 :                       df_rt_list_got_sym
e950 : a1d9             [ 6] 	lda (df_tmpptrb,x)		; Relies on X=0 from branch
e952 : 08               [ 3] 	php
e953 : 297f             [ 2] 	and #0x7f
e955 : 2093c5           [ 6] 	jsr io_put_ch
                             	_incZPWord df_tmpptrb
                             
e95e : 28               [ 4] 	plp
e95f : 10ef             [ 3] 	bpl df_rt_list_got_sym
e961 : 60               [ 6] 	rts
                             
                             ;** Decode assembler token in A **
e962 :                       df_rt_asm_decode_token
e962 : e6b2             [ 5] 	inc df_linoff		; Point to token after asm token
e964 : a4b2             [ 3] 	ldy df_linoff
e966 : b1d7             [ 5] 	lda (df_tmpptra),y	;If token N=1 then keyword
e968 : 300a             [ 3] 	bmi df_rt_asm_decode_token_keyword
e96a : a92e             [ 2] 	lda #'.'			;Put the '.' before escape processing
e96c : 2093c5           [ 6] 	jsr io_put_ch
e96f : b1d7             [ 5] 	lda (df_tmpptra),y	;Get asm token back
e971 : 4c17e8           [ 3] 	jmp df_rt_list_decode_esc
e974 :                       df_rt_asm_decode_token_keyword
e974 : 297f             [ 2] 	and #0x7f			; Mask off MSB
e976 : aa               [ 2] 	tax					;Put it in to X as the counter
                             	; Point to asm symbol table
e977 : a92b             [ 2] 	lda #lo(df_asm_tokensyms)
e979 : 85d9             [ 3] 	sta df_tmpptrb
e97b : a9f9             [ 2] 	lda #hi(df_asm_tokensyms)
e97d : 85da             [ 3] 	sta df_tmpptrb+1
e97f :                       df_rt_list_find_asm_sym
e97f : 8a               [ 2] 	txa
e980 : f01b             [ 3] 	beq df_rt_list_got_asm_sym
e982 : a000             [ 2] 	ldy #0
e984 :                       df_rt_list_next_asm_ch
                             	_incZPWord df_tmpptrb
                             
e98a : b1d9             [ 5] 	lda (df_tmpptrb),y
e98c : c920             [ 2] 	cmp #' '			; Skip all chars >=' '
e98e : b0f4             [ 3] 	bcs df_rt_list_next_asm_ch
e990 : 38               [ 2] 	sec					; Skip offset and mode bytes
e991 : 65d9             [ 3] 	adc df_tmpptrb
e993 : 85d9             [ 3] 	sta df_tmpptrb
                             	_bcc 2
AS65 Assembler for R6502 [1.42].                                     Page  163
---------------------------------- bank1.s -----------------------------------

                             
e997 : e6da             [ 5] 	inc df_tmpptrb+1
e999 : ca               [ 2] 	dex					; One less symbol to skip over
e99a : 4c7fe9           [ 3] 	jmp df_rt_list_find_asm_sym
e99d :                       df_rt_list_got_asm_sym
e99d : a1d9             [ 6] 	lda (df_tmpptrb,x)	; Relies on X=0 from branch
e99f : c920             [ 2] 	cmp #' '
e9a1 : 900c             [ 3] 	bcc df_rt_asm_decode_token_done
e9a3 : 2093c5           [ 6] 	jsr io_put_ch
                             	_incZPWord df_tmpptrb
                             
e9ac : 4c9de9           [ 3] 	jmp df_rt_list_got_asm_sym
e9af :                       df_rt_asm_decode_token_done
e9af : 60               [ 6] 	rts
                             
                             
e9b0 :                       df_rt_doke
e9b0 : 2031dc           [ 6] 	jsr df_rt_parm_2ints
e9b3 : a5d9             [ 3] 	lda df_tmpptrb
e9b5 : 92d7             [ 5] 	sta (df_tmpptra)
                             	; get high byte to doke
e9b7 : a5da             [ 3] 	lda df_tmpptrb+1
e9b9 : a001             [ 2] 	ldy #1
                             	; poke hi byte
e9bb : 91d7             [ 5] 	sta (df_tmpptra),y
e9bd : 60               [ 6] 	rts
                             	
e9be :                       df_rt_poke
e9be : 2031dc           [ 6] 	jsr df_rt_parm_2ints
e9c1 : a5d9             [ 3] 	lda df_tmpptrb
e9c3 : 92d7             [ 5] 	sta (df_tmpptra)
                             ;	clc
e9c5 : 60               [ 6] 	rts
                             
e9c6 :                       df_rt_vpoke
e9c6 : 2031dc           [ 6] 	jsr df_rt_parm_2ints
e9c9 : a6d7             [ 3] 	ldx df_tmpptra
e9cb : a4d8             [ 3] 	ldy df_tmpptra+1
e9cd : a5d9             [ 3] 	lda df_tmpptrb
e9cf : 4cf1c3           [ 3] 	jmp _vdp_poke
                             ;	clc
                             ;	rts
                             
e9d2 :                       df_rt_nvpoke
e9d2 : 2031dc           [ 6] 	jsr df_rt_parm_2ints
e9d5 : a6d7             [ 3] 	ldx df_tmpptra
e9d7 : a5d9             [ 3] 	lda df_tmpptrb
e9d9 : 4c81c4           [ 3] 	jmp _rtc_nvwrite
                             ;	clc
e9dc : 60               [ 6] 	rts
                             
e9dd :                       df_rt_setvdp
e9dd : 2031dc           [ 6] 	jsr df_rt_parm_2ints
e9e0 : a5d7             [ 3] 	lda df_tmpptra
e9e2 : a6d9             [ 3] 	ldx df_tmpptrb
e9e4 : 4c23c6           [ 3] 	jmp vdp_wr_reg
                             ;	clc
                             ;	rts
                             
e9e7 :                       df_rt_colour
e9e7 : 203cdc           [ 6] 	jsr df_rt_parm_3ints
e9ea :                       dfcl_colour
AS65 Assembler for R6502 [1.42].                                     Page  164
---------------------------------- bank1.s -----------------------------------

                             	; colour is a combination of b and c parms
e9ea : a5d9             [ 3] 	lda df_tmpptrb
e9ec : 0a               [ 2] 	asl a
e9ed : 0a               [ 2] 	asl a
e9ee : 0a               [ 2] 	asl a
e9ef : 0a               [ 2] 	asl a
e9f0 : 05db             [ 3] 	ora df_tmpptrc
e9f2 : 48               [ 3] 	pha
e9f3 : a5d7             [ 3] 	lda df_tmpptra
e9f5 : c920             [ 2] 	cmp #32					; 32 = border colour
e9f7 : f00d             [ 4] 	beq df_rt_colour_border
                             	; else write to the colour table
                             	; first calculate the colour table address
e9f9 : 18               [ 2] 	clc
e9fa : 650d             [ 3] 	adc vdp_base+vdp_addr_col
e9fc : aa               [ 2] 	tax
e9fd : a50e             [ 3] 	lda vdp_base+vdp_addr_col+1
e9ff : 6900             [ 2] 	adc #0
ea01 : a8               [ 2] 	tay
ea02 : 68               [ 4] 	pla
                             	; A = colour, YX = address
ea03 : 4c5dc6           [ 3] 	jmp vdp_poke
ea06 :                       df_rt_colour_border
ea06 : a907             [ 2] 	lda #7
ea08 : fa               [ 4] 	plx
ea09 : 4c23c6           [ 3] 	jmp vdp_wr_reg
                             
ea0c :                       df_rt_sprite
ea0c : 206fdc           [ 6] 	jsr df_rt_parm_5ints
                             	; calculate the sprite number in vram
ea0f : a5d7             [ 3] 	lda df_tmpptra
ea11 : 0a               [ 2] 	asl a
ea12 : 0a               [ 2] 	asl a
ea13 : 18               [ 2] 	clc
ea14 : 6511             [ 3] 	adc vdp_base+vdp_addr_spa
ea16 : aa               [ 2] 	tax
ea17 : a512             [ 3] 	lda vdp_base+vdp_addr_spa+1
ea19 : 6900             [ 2] 	adc #0
ea1b : 78               [ 2] 	sei				; Disable interrupts
ea1c : 2030c6           [ 6] 	jsr vdp_wr_addr
                             	; now write the vertical position (tmpc, not b)
ea1f : a5db             [ 3] 	lda df_tmpptrc
ea21 : 2058c6           [ 6] 	jsr vdp_wr_vram
                             	; now write the horizontal position (tmpb)
ea24 : a5d9             [ 3] 	lda df_tmpptrb
ea26 : 2058c6           [ 6] 	jsr vdp_wr_vram
                             	; now write the pattern name (tmpd)
ea29 : a5dd             [ 3] 	lda df_tmpptrd
ea2b : 2058c6           [ 6] 	jsr vdp_wr_vram
                             	; now write the colour / ec byte (tmpe)
ea2e : a5df             [ 3] 	lda df_tmpptre
ea30 : 2058c6           [ 6] 	jsr vdp_wr_vram
ea33 : 58               [ 2] 	cli				; Enable interrupts
ea34 : 60               [ 6] 	rts
                             
                             
                             ; copy pattern array to sprite pattern vram
                             ; pattern array is a mim 4 element int
ea35 :                       df_rt_spritepat
ea35 : 2031dc           [ 6] 	jsr df_rt_parm_2ints
ea38 :                       dfcl_sprpat
                             	; save sprite number
AS65 Assembler for R6502 [1.42].                                     Page  165
---------------------------------- bank1.s -----------------------------------

ea38 : 86d7             [ 3] 	stx df_tmpptra
ea3a : 64d8             [ 3] 	stz df_tmpptra+1
                             	; multiply by 8 to get pattern offset
ea3c : 06d7             [ 5] 	asl df_tmpptra
ea3e : 26d8             [ 5] 	rol df_tmpptra+1
ea40 : 06d7             [ 5] 	asl df_tmpptra
ea42 : 26d8             [ 5] 	rol df_tmpptra+1
ea44 : 06d7             [ 5] 	asl df_tmpptra
ea46 : 26d8             [ 5] 	rol df_tmpptra+1
                             	; add offset to sprite pattern base
                             	; and put in X,A
ea48 : a5d7             [ 3] 	lda df_tmpptra
ea4a : 6513             [ 3] 	adc vdp_base+vdp_addr_spp
ea4c : aa               [ 2] 	tax
ea4d : a5d8             [ 3] 	lda df_tmpptra+1
ea4f : 6514             [ 3] 	adc vdp_base+vdp_addr_spp+1
ea51 : 78               [ 2] 	sei			; Disable interrupts
                             	; set vdp address
ea52 : 2030c6           [ 6] 	jsr vdp_wr_addr
                             	; start from beginning of array
ea55 : a000             [ 2] 	ldy #0
ea57 :                       df_rt_spritepat_line
                             	; get the sprite patten from array
ea57 : b1d9             [ 5] 	lda (df_tmpptrb),y
                             	; and write to vdp
ea59 : 2058c6           [ 6] 	jsr vdp_wr_vram
ea5c : c8               [ 2] 	iny
                             	; do this for 8 bytes (4 elements)
ea5d : c008             [ 2] 	cpy #8
ea5f : d0f6             [ 3] 	bne df_rt_spritepat_line
ea61 : 58               [ 2] 	cli			; Enable interrupts
ea62 : 60               [ 6] 	rts
                             
ea63 :                       df_rt_spritepos
ea63 : 203cdc           [ 6] 	jsr df_rt_parm_3ints
                             	; calculate the sprite number in vram
ea66 : a5d7             [ 3] 	lda df_tmpptra
ea68 : 0a               [ 2] 	asl a
ea69 : 0a               [ 2] 	asl a
ea6a : 6511             [ 3] 	adc vdp_base+vdp_addr_spa
ea6c : aa               [ 2] 	tax
ea6d : a512             [ 3] 	lda vdp_base+vdp_addr_spa+1
ea6f : 6900             [ 2] 	adc #0
ea71 : 78               [ 2] 	sei
ea72 : 2030c6           [ 6] 	jsr vdp_wr_addr
                             	; now write the vertical position (tmpc, not b)
ea75 : a5db             [ 3] 	lda df_tmpptrc
ea77 : 2058c6           [ 6] 	jsr vdp_wr_vram
                             	; now write the horizontal position (tmpb)
ea7a : a5d9             [ 3] 	lda df_tmpptrb
ea7c : 2058c6           [ 6] 	jsr vdp_wr_vram
ea7f : 58               [ 2] 	cli
ea80 : 60               [ 6] 	rts
                             
                             ; common routine for col and nme variations
                             ; A contains offset in to sprite table to update
ea81 :                       df_rt_spriteattr
                             	; save A which contains the offset
ea81 : 48               [ 3] 	pha
ea82 : 2031dc           [ 6] 	jsr df_rt_parm_2ints
                             	; calculate the sprite number in vram
ea85 : a5d7             [ 3] 	lda df_tmpptra
AS65 Assembler for R6502 [1.42].                                     Page  166
---------------------------------- bank1.s -----------------------------------

ea87 : 0a               [ 2] 	asl a
ea88 : 0a               [ 2] 	asl a
ea89 : 6511             [ 3] 	adc vdp_base+vdp_addr_spa
ea8b : 85d7             [ 3] 	sta df_tmpptra
ea8d : a512             [ 3] 	lda vdp_base+vdp_addr_spa+1
ea8f : 6900             [ 2] 	adc #0
ea91 : 85d8             [ 3] 	sta df_tmpptra+1
                             	; add offset and put in X,A to set VRAM address
ea93 : 68               [ 4] 	pla							; get offset from stack
ea94 : 65d7             [ 3] 	adc df_tmpptra
ea96 : aa               [ 2] 	tax
ea97 : a5d8             [ 3] 	lda df_tmpptra+1
ea99 : 6900             [ 2] 	adc #0
ea9b : a8               [ 2] 	tay
ea9c : a5d9             [ 3] 	lda df_tmpptrb
ea9e : 4c5dc6           [ 3] 	jmp vdp_poke
                             
eaa1 :                       df_rt_spritecol
                             	; offset is 3 for colour byte
eaa1 : a903             [ 2] 	lda #3
eaa3 : 4c81ea           [ 3] 	jmp df_rt_spriteattr
                             
eaa6 :                       df_rt_spritenme
                             	; offset is 2 for name byte
eaa6 : a902             [ 2] 	lda #2
eaa8 : 4c81ea           [ 3] 	jmp df_rt_spriteattr
                             
eaab :                       df_rt_snd_common
                             	; 3 inputs
                             	; tmpa = channel (1,2,3), tmpb = period, tmpc = 
eaab : a5d7             [ 3] 	lda df_tmpptra
                             	; tone channel addressing is 0 to 2
eaad : 3a               [ 2] 	dec a
eaae : 2903             [ 2] 	and #3
                             	; ok doing a tone channel, get reg index for per
eab0 : 0a               [ 2] 	asl a
eab1 : aa               [ 2] 	tax
                             	; get low byte of period
eab2 : a4d9             [ 3] 	ldy df_tmpptrb
eab4 : 2074c6           [ 6] 	jsr snd_set
                             	; increment reg number to high byte
eab7 : e8               [ 2] 	inx
                             	; get high byte of period
eab8 : a5da             [ 3] 	lda df_tmpptrb+1
eaba : 290f             [ 2] 	and #0x0f
eabc : a8               [ 2] 	tay
                             	; set period
eabd : 2074c6           [ 6] 	jsr snd_set
                             	; get volume register index (8 = channel 1)
eac0 : 18               [ 2] 	clc
eac1 : a5d7             [ 3] 	lda df_tmpptra
eac3 : 2903             [ 2] 	and #3
eac5 : 6907             [ 2] 	adc #7
eac7 : aa               [ 2] 	tax
                             	; get volume
eac8 : a5db             [ 3] 	lda df_tmpptrc
eaca : 290f             [ 2] 	and #0x0f
eacc : d002             [ 3] 	bne df_rt_sound_env_skip
                             	; envelope mode
eace : 0910             [ 2] 	ora #0x10
ead0 :                       df_rt_sound_env_skip
ead0 : a8               [ 2] 	tay
AS65 Assembler for R6502 [1.42].                                     Page  167
---------------------------------- bank1.s -----------------------------------

ead1 : 4c74c6           [ 3] 	jmp snd_set
                             ;	rts
                             
                             ; sound chan,period,volume	
ead4 :                       df_rt_sound
ead4 : 203cdc           [ 6] 	jsr df_rt_parm_3ints
ead7 :                       df_rt_dosound
                             	; check which channel (0 = noise)
ead7 : a5d7             [ 3] 	lda df_tmpptra
ead9 : d0d0             [ 3] 	bne df_rt_snd_common
                             	; ok update the noise channel, volume is irrelev
eadb : a206             [ 2] 	ldx #6
eadd : a5d9             [ 3] 	lda df_tmpptrb
eadf : 291f             [ 2] 	and #0x1f
eae1 : a8               [ 2] 	tay
eae2 : 4c74c6           [ 3] 	jmp snd_set
                             ;	clc
                             ;	rts
                             
                             ; music chan,octave,note,volume
eae5 :                       df_rt_music
eae5 : 2053dc           [ 6] 	jsr df_rt_parm_4ints
                             	; parm 2 = octave, need to x 12word = 24
eae8 : 18               [ 2] 	clc
eae9 : a5d9             [ 3] 	lda df_tmpptrb
eaeb : 65d9             [ 3] 	adc df_tmpptrb
eaed : 65d9             [ 3] 	adc df_tmpptrb
eaef : 0a               [ 2] 	asl a
eaf0 : 0a               [ 2] 	asl a
                             	; we have x12, now add note to get index
eaf1 : 65db             [ 3] 	adc df_tmpptrc
eaf3 : 0a               [ 2] 	asl a
eaf4 : a8               [ 2] 	tay
                             	; get period A,X (hi/lo)
eaf5 : 20c1c3           [ 6] 	jsr _snd_get_note
eaf8 : 86d9             [ 3] 	stx df_tmpptrb
eafa : 85da             [ 3] 	sta df_tmpptrb+1
                             	; put vol in tmpc
eafc : a5dd             [ 3] 	lda df_tmpptrd
eafe : 85db             [ 3] 	sta df_tmpptrc
                             	; tmpa,b,c contain chan,per,vol
eb00 : 4cd7ea           [ 3] 	jmp df_rt_dosound
                             	
                             	
                             ; play tonemask,noisemask,envelope,period
eb03 :                       df_rt_play
eb03 : 2053dc           [ 6] 	jsr df_rt_parm_4ints
eb06 :                       df_rt_dfcl_sndconfig
                             	; parm 1 = tone enable
eb06 : a5d7             [ 3] 	lda df_tmpptra
eb08 : 2907             [ 2] 	and #7
eb0a : 85d7             [ 3] 	sta df_tmpptra
                             	; parm 2 = noise enable
eb0c : a5d9             [ 3] 	lda df_tmpptrb
eb0e : 2907             [ 2] 	and #7
eb10 : 0a               [ 2] 	asl a
eb11 : 0a               [ 2] 	asl a
eb12 : 0a               [ 2] 	asl a
eb13 : 05d7             [ 3] 	ora df_tmpptra
                             	; we now have bits set for channels to enable
                             	; but need to invert for the 8910
eb15 : 493f             [ 2] 	eor #0x3f
AS65 Assembler for R6502 [1.42].                                     Page  168
---------------------------------- bank1.s -----------------------------------

                             	; top two bits = 01 for portb input and porta ou
eb17 : 0940             [ 2] 	ora #0x40
eb19 : a8               [ 2] 	tay
                             	; reg 7 is control register
eb1a : a207             [ 2] 	ldx #7
eb1c : 2074c6           [ 6] 	jsr snd_set
                             	; parm 3 = envelope mode
eb1f : a5db             [ 3] 	lda df_tmpptrc
eb21 : 290f             [ 2] 	and #0xf
eb23 : a8               [ 2] 	tay
                             	; 13 is envelope shape register
eb24 : a20d             [ 2] 	ldx #13
eb26 : 2074c6           [ 6] 	jsr snd_set
                             	; parm 4 = envelope period
                             	; 11 is envelope period register
eb29 : a20b             [ 2] 	ldx #11
                             	; get low
eb2b : a4dd             [ 3] 	ldy df_tmpptrd
eb2d : 2074c6           [ 6] 	jsr snd_set
                             	; get high
eb30 : e8               [ 2] 	inx
eb31 : a4de             [ 3] 	ldy df_tmpptrd+1
eb33 : 4c74c6           [ 3] 	jmp snd_set
                             ;	clc
                             ;	rts
                             
                             
                             ;* Binary save mem,hdr,addr,len,filename
eb36 :                       df_rt_bsave
                             	; Get mem type, 0=RAM, else VRAM
eb36 : 207fd9           [ 6] 	jsr df_rt_neval				; Get mem type
eb39 : 20fbf2           [ 6] 	jsr df_ost_popInt			; X,A = mem type (only X)
                             	; if check X for v or r
eb3c : e076             [ 2] 	cpx #'v'
eb3e : d003             [ 3] 	bne df_rt_bsave_tryr
eb40 : 18               [ 2] 	clc							; Clear C for vram
eb41 : 8007             [ 3] 	bra df_rt_bsave_savep
eb43 :                       df_rt_bsave_tryr
eb43 : e072             [ 2] 	cpx #'r'
eb45 : f002             [ 3] 	beq	 df_rt_bsave_setR
                             	SWBRK DFERR_TYPEMISM		; was not v or r!
                             
eb49 :                       df_rt_bsave_setR
eb49 : 38               [ 2] 	sec							; Set C for ram
eb4a :                       df_rt_bsave_savep
                             	; save C, clear=VRAM, set=RAM
eb4a : 08               [ 3] 	php
                             
                             	; jump over comma
eb4b : e6be             [ 5] 	inc df_exeoff
                             	; Get header length
eb4d : 207fd9           [ 6] 	jsr df_rt_neval				; Get header length
eb50 : 20fbf2           [ 6] 	jsr df_ost_popInt			; X,A = Header length (only 
                             	; save X as header length
eb53 : da               [ 3] 	phx
                             
                             	; jump over comma
eb54 : e6be             [ 5] 	inc df_exeoff
eb56 : 207fd9           [ 6] 	jsr df_rt_neval				; Get address
eb59 : 20fbf2           [ 6] 	jsr df_ost_popInt			; X,A = Address
eb5c : 48               [ 3] 	pha
eb5d : da               [ 3] 	phx
AS65 Assembler for R6502 [1.42].                                     Page  169
---------------------------------- bank1.s -----------------------------------

                             
                             	; jump over comma
eb5e : e6be             [ 5] 	inc df_exeoff
eb60 : 207fd9           [ 6] 	jsr df_rt_neval				; Get length
eb63 : 20fbf2           [ 6] 	jsr df_ost_popInt			; X,A = Length
eb66 : 48               [ 3] 	pha
eb67 : da               [ 3] 	phx
                             
                             	; jump over comma
eb68 : e6be             [ 5] 	inc df_exeoff
                             	; Process filename
eb6a : 20d5eb           [ 6] 	jsr df_rt_parse_file
eb6d : 2099c5           [ 6] 	jsr io_open_write
eb70 : b05a             [ 3] 	bcs df_rt_file_errc3		; Error condition resets t
                             
                             	; On the stack, we have lenlo,lenhi,adlo,adhi,he
eb72 : ba               [ 2] 	tsx
eb73 : bc0501           [ 4] 	ldy 0x105,x					; Get header len
eb76 : f008             [ 3] 	beq df_rt_bsave_byte
eb78 : a900             [ 2] 	lda #0						; Zero filler
eb7a :                       df_rt_bsave_header
eb7a : 2093c5           [ 6] 	jsr io_put_ch				; Write a byte to disk
eb7d : 88               [ 2] 	dey
eb7e : d0fa             [ 3] 	bne df_rt_bsave_header
eb80 :                       df_rt_bsave_byte
eb80 : ba               [ 2] 	tsx							; Restore SP to X
eb81 : bd0101           [ 4] 	lda 0x101,x					; low<>0 carry on
eb84 : d005             [ 3] 	bne df_rt_bsave_byte_do
eb86 : bd0201           [ 4] 	lda 0x102,x					; hi<>0 carry on
eb89 : f038             [ 3] 	beq df_rt_bsave_done		; else done
eb8b :                       df_rt_bsave_byte_do
eb8b : bd0601           [ 4] 	lda 0x106,x					; Get the C status
eb8e : 48               [ 3] 	pha
eb8f : 28               [ 4] 	plp							; C unaffected by next ops
                             	
eb90 : bd0301           [ 4] 	lda 0x103,x					; Get low address
eb93 : bc0401           [ 4] 	ldy 0x104,x					; Get high address
eb96 : aa               [ 2] 	tax							; X,Y contain address
                             
eb97 : b006             [ 3] 	bcs df_rt_bsave_ram			; RAM or VRAM?
                             	; Read from VRAM
eb99 : 98               [ 2] 	tya							; A needs to contain high byte
eb9a : 20d9c3           [ 6] 	jsr _vdp_peek				; Peek VRAM
eb9d : 8006             [ 3] 	bra df_rt_bsave_write
eb9f :                       df_rt_bsave_ram
                             	; Read from RAM
eb9f : 86d7             [ 3] 	stx df_tmpptra				; Save address
eba1 : 84d8             [ 3] 	sty df_tmpptra+1
eba3 : b2d7             [ 5] 	lda (df_tmpptra)			; Peek RAM
eba5 :                       df_rt_bsave_write
eba5 : 2093c5           [ 6] 	jsr io_put_ch				; Write to disk
eba8 : ba               [ 2] 	tsx							; Get SP to X
eba9 : fe0301           [ 6] 	inc 0x103,x					; Increment low address
ebac : d003             [ 3] 	bne df_rt_bsave_skiph
ebae : fe0401           [ 6] 	inc 0x104,x					; Increment high address
ebb1 :                       df_rt_bsave_skiph
ebb1 : bc0101           [ 4] 	ldy 0x101,x					; Get low len byte
ebb4 : f005             [ 3] 	beq df_rt_bsave_dech
ebb6 : de0101           [ 6] 	dec 0x101,x					; A simple decrement
ebb9 : 80c5             [ 3] 	bra df_rt_bsave_byte		; Process next byte
ebbb :                       df_rt_bsave_dech
ebbb : de0101           [ 6] 	dec 0x101,x					; Decrement low in readiness
AS65 Assembler for R6502 [1.42].                                     Page  170
---------------------------------- bank1.s -----------------------------------

ebbe : de0201           [ 6] 	dec 0x102,x					; Decrement high
ebc1 : 80bd             [ 3] 	bra df_rt_bsave_byte		; Process next byte
ebc3 :                       df_rt_bsave_done
                             	; Tidy the stack
ebc3 : 68               [ 4] 	pla
ebc4 : 68               [ 4] 	pla
ebc5 : 68               [ 4] 	pla
ebc6 : 68               [ 4] 	pla
ebc7 : 68               [ 4] 	pla
ebc8 : 68               [ 4] 	pla
ebc9 : 4cf2eb           [ 3] 	jmp df_rt_file_cleanup		; Clean up FS
                             
ebcc :                       df_rt_file_errc3
                             	SWBRK DFERR_FNAME
                             
                             
                             
                             ;* common filename procesing routine
                             ;* 
ebce :                       df_rt_init_filename
                             	; evaluate string X,A has the string pointer
ebce : 207fd9           [ 6] 	jsr df_rt_neval
ebd1 : 20f3f2           [ 6] 	jsr df_ost_popStr
                             
ebd4 : 60               [ 6] 	rts
                             	
                             ;* common file parsing routine
ebd5 :                       df_rt_parse_file
ebd5 : a902             [ 2] 	lda #2					; Only works for SD card now
ebd7 : 2078c5           [ 6] 	jsr io_active_device
                             
                             	; now process filename, XA has pointer
ebda : 20ceeb           [ 6] 	jsr df_rt_init_filename
ebdd : 60               [ 6] 	rts
                             ; save "file"
ebde :                       df_rt_save
ebde : 20d5eb           [ 6] 	jsr df_rt_parse_file
ebe1 : 2099c5           [ 6] 	jsr io_open_write
ebe4 : b064             [ 4] 	bcs df_rt_file_errc
                             	; ok now have redirected output to device
                             	; go and list the program in save mode
ebe6 : a901             [ 2] 	lda #1
ebe8 : 85df             [ 3] 	sta df_tmpptre
ebea : 2089e7           [ 6] 	jsr df_rt_listprg
                             	; final CR to end the save
ebed : a90d             [ 2] 	lda #UTF_CR
ebef : 2093c5           [ 6] 	jsr io_put_ch
ebf2 :                       df_rt_file_cleanup
                             	; close the file
ebf2 : 209cc5           [ 6] 	jsr io_close
                             	; restore to default device io
ebf5 : 2075c5           [ 6] 	jsr io_set_default
ebf8 : 18               [ 2] 	clc
ebf9 : 60               [ 6] 	rts
                             
                             ; load "file"
ebfa :                       df_rt_load
ebfa : 20d5eb           [ 6] 	jsr df_rt_parse_file
ebfd : 2096c5           [ 6] 	jsr io_open_read
ec00 : b048             [ 3] 	bcs df_rt_file_errc
                             	; no echo - very important
                             	; else might try and write to a device
AS65 Assembler for R6502 [1.42].                                     Page  171
---------------------------------- bank1.s -----------------------------------

                             	; only open for reading (i.e. SD CARD)
                             
                             	; Initialise to line 10 in scratch, scratch+1
ec02 : a90a             [ 2] 	lda #10
ec04 : 8d0009           [ 4] 	sta scratch
ec07 : 9c0109           [ 4] 	stz scratch+1
ec0a :                       df_rt_loadline
ec0a : 18               [ 2] 	clc
ec0b : 204cd8           [ 6] 	jsr df_pg_inputline
                             	; if C clear then tokenise line
ec0e : 9013             [ 3] 	bcc df_rt_ldtokenise
                             	; else done
                             	; clear dflat runtime else will try to execute
                             	; the last tokenised line!
ec10 : 9c800a           [ 4] 	stz df_tokbuff			; Offset to next line
ec13 : 9c810a           [ 4] 	stz df_tokbuff+1		; Clear line low
ec16 : 9c820a           [ 4] 	stz df_tokbuff+2		; Clear line high
ec19 : 64b5             [ 3] 	stz df_nxtstidx			; Clear next statement
ec1b : 64b4             [ 3] 	stz df_eolidx			; Clear end of line too
ec1d : a901             [ 2] 	lda #1					; Set immediate mode to get a 'Ready'
ec1f : 8594             [ 3] 	sta df_immed			; But nothing to run
ec21 : 80cf             [ 4] 	bra df_rt_file_cleanup	; Ok now can close and do
ec23 :                       df_rt_ldtokenise
ec23 : 204ed1           [ 6] 	jsr df_lexer_line		; Tokenise loaded string - ju
                             	; check if line number == 0
ec26 : ad810a           [ 4] 	lda df_tokbuff+DFTK_LINNUM
ec29 : 0d820a           [ 4] 	ora df_tokbuff+DFTK_LINNUM+1
ec2c : d017             [ 3] 	bne df_rt_storeline		; No, then store the line
                             	; Else insert current line number to buffer posi
                             	; also add 10 to the current line number
ec2e : 18               [ 2] 	clc
ec2f : ad0009           [ 4] 	lda scratch				; Get line number lo
ec32 : 8d810a           [ 4] 	sta df_tokbuff+1		; Use current line number
ec35 : 690a             [ 2] 	adc #10					; But increment for next by 10
ec37 : 8d0009           [ 4] 	sta scratch
ec3a : ad0109           [ 4] 	lda scratch+1			; Get line number hi
ec3d : 8d820a           [ 4] 	sta df_tokbuff+2
ec40 : 6900             [ 2] 	adc #0
ec42 : 8d0109           [ 4] 	sta scratch+1
ec45 :                       df_rt_storeline
ec45 : 20c3d8           [ 6] 	jsr df_pg_line_number	; Save the line in the rig
ec48 : 80c0             [ 3] 	bra df_rt_loadline		; Continue with next until b
                             
                             ; Somwehere to go to raise a file error!
ec4a :                       df_rt_file_errc
                             	SWBRK DFERR_FNAME
                             
                             
ec4c :                       df_rt_del
ec4c : 20ceeb           [ 6] 	jsr df_rt_init_filename		; Parse filename
ec4f : 2091c0           [ 6] 	jsr _fs_delete_w			; Delete file
ec52 : 60               [ 6] 	rts
                             
ec53 :                       df_rt_chdir
ec53 : 20ceeb           [ 6] 	jsr df_rt_init_filename		; Parse filename
ec56 : 2061c0           [ 6] 	jsr _fs_chdir_w				; Try and change directory
ec59 : b0ef             [ 3] 	bcs df_rt_file_errc
ec5b : 60               [ 6] 	rts
                             
ec5c :                       df_rt_mkdir
ec5c : 20ceeb           [ 6] 	jsr df_rt_init_filename		; Parse filename
ec5f : 2079c0           [ 6] 	jsr _fs_mkdir_w				; Try and make directory
AS65 Assembler for R6502 [1.42].                                     Page  172
---------------------------------- bank1.s -----------------------------------

ec62 : b0e6             [ 3] 	bcs df_rt_file_errc
ec64 : 60               [ 6] 	rts
                             
                             ; cload addr, fname
ec65 :                       df_rt_cload
ec65 : 207fd9           [ 6] 	jsr df_rt_neval				; Get addr
ec68 : 20fbf2           [ 6] 	jsr df_ost_popInt			; X,A = addr
ec6b : da               [ 3] 	phx							; And save on stack
ec6c : 48               [ 3] 	pha
ec6d : 2079ec           [ 6] 	jsr df_rt_cload_sub
ec70 : 68               [ 4] 	pla							; Get address off stack
ec71 : 85d8             [ 3] 	sta df_tmpptra+1
ec73 : 68               [ 4] 	pla
ec74 : 85d7             [ 3] 	sta df_tmpptra
ec76 : 6cd700           [ 6] 	jmp (df_tmpptra)
ec79 :                       df_rt_cload_sub
ec79 : 38               [ 2] 	sec							; Set to memory
ec7a : 08               [ 3] 	php
ec7b : a000             [ 2] 	ldy #0						; No header
ec7d : 5a               [ 3] 	phy
ec7e : 48               [ 3] 	pha							; Put X,A on stack, high first
ec7f : da               [ 3] 	phx
ec80 : 4cbfec           [ 3] 	jmp df_rt_bload_file		; Load the filename, when 
                             
                             ; bload MEM,HEAD,ADDR,FNAME
ec83 :                       df_rt_bload
                             	; Get mem type, 'r'=RAM, 'v'=VRAM
ec83 : 207fd9           [ 6] 	jsr df_rt_neval				; Get mem type
ec86 : 20fbf2           [ 6] 	jsr df_ost_popInt			; X,A = mem type (only X)
                             	; if check X for v or r
ec89 : e076             [ 2] 	cpx #'v'
ec8b : d003             [ 3] 	bne df_rt_bload_tryr
ec8d : 18               [ 2] 	clc							; Clear C for vram
ec8e : 8007             [ 3] 	bra df_rt_bload_savep
ec90 :                       df_rt_bload_tryr
ec90 : e072             [ 2] 	cpx #'r'
ec92 : f002             [ 3] 	beq	 df_rt_bload_setR
                             	SWBRK DFERR_TYPEMISM		; was not v or r!
                             
ec96 :                       df_rt_bload_setR
ec96 : 38               [ 2] 	sec							; Set C for ram
ec97 :                       df_rt_bload_savep
                             	; save C, clear=VRAM, set=RAM
ec97 : 08               [ 3] 	php
                             	; jump over comma
ec98 : e6be             [ 5] 	inc df_exeoff
                             	; Get header length
ec9a : 207fd9           [ 6] 	jsr df_rt_neval				; Get header length
ec9d : 20fbf2           [ 6] 	jsr df_ost_popInt			; X,A = Header length (only 
                             	; save X as header length
eca0 : da               [ 3] 	phx
                             	; jump over comma
eca1 : e6be             [ 5] 	inc df_exeoff
eca3 : 8012             [ 3] 	bra df_rt_bvload
eca5 :                       df_rt_font
eca5 : 18               [ 2] 	clc							; Set to video
eca6 : 08               [ 3] 	php
eca7 : a900             [ 2] 	lda #0						; No header
eca9 : 48               [ 3] 	pha
ecaa : a901             [ 2] 	lda #1						; 0x100 address - hi
ecac : 48               [ 3] 	pha
ecad : a900             [ 2] 	lda #0						; 0x100 address - lo
AS65 Assembler for R6502 [1.42].                                     Page  173
---------------------------------- bank1.s -----------------------------------

ecaf : 48               [ 3] 	pha
ecb0 : 800d             [ 3] 	bra df_rt_bload_file
ecb2 :                       df_rt_vload
ecb2 : 18               [ 2] 	clc							; Hardcode for VRAM
ecb3 : 08               [ 3] 	php
ecb4 : a207             [ 2] 	ldx #7						; Hardcode header length
ecb6 : da               [ 3] 	phx
ecb7 :                       df_rt_bvload
ecb7 : 207fd9           [ 6] 	jsr df_rt_neval				; Get address
ecba : 20fbf2           [ 6] 	jsr df_ost_popInt			; X,A = Address
ecbd : 48               [ 3] 	pha
ecbe : da               [ 3] 	phx
ecbf :                       df_rt_bload_file
                             	; jump over comma
ecbf : e6be             [ 5] 	inc df_exeoff
ecc1 : 20d5eb           [ 6] 	jsr df_rt_parse_file
ecc4 : 2096c5           [ 6] 	jsr io_open_read
ecc7 : b081             [ 3] 	bcs df_rt_file_errc		; Error condition resets th
ecc9 :                       df_rt_bload_dfcl
                             	; On the stack:
                             	; 101+x = adlo
                             	; 102+x = adhi
                             	; 103+x = header length
                             	; 104+x = mem type (c=0 means video)
ecc9 : ba               [ 2] 	tsx
ecca : bc0301           [ 4] 	ldy 0x103,x					; Get header
eccd : f008             [ 3] 	beq df_rt_vload_byte
eccf :                       df_rt_vload_header
eccf : 2090c5           [ 6] 	jsr io_get_ch				; Get a character
ecd2 : b03c             [ 4] 	bcs df_rt_vload_done		; If EOF then done
ecd4 : 88               [ 2] 	dey
ecd5 : d0f8             [ 3] 	bne df_rt_vload_header
ecd7 :                       df_rt_vload_byte
ecd7 : ba               [ 2] 	tsx							; Restore SP to X
ecd8 : bd0401           [ 4] 	lda 0x104,x					; Get the C status
ecdb : 48               [ 3] 	pha
ecdc : 28               [ 4] 	plp							; C unaffected by next ops
                             	
ecdd : bd0101           [ 4] 	lda 0x101,x					; Get low address
ece0 : bc0201           [ 4] 	ldy 0x102,x					; Get high address
ece3 : aa               [ 2] 	tax							; X,Y contain address
                             
ece4 : b014             [ 3] 	bcs df_rt_vload_ram			; RAM or VRAM?
                             	; Poke to VRAM but skip 0x1800-0x1fff
ece6 : 2090c5           [ 6] 	jsr io_get_ch				; Get a character
ece9 : b025             [ 4] 	bcs df_rt_vload_done		; If EOF then done
eceb : c018             [ 2] 	cpy #0x18					; If page # <= 0x17
eced : 9006             [ 3] 	bcc df_rt_vload_do_vpoke	; then vpoke
ecef : c020             [ 2] 	cpy #0x20					; Or page >= 0x20
ecf1 : b002             [ 3] 	bcs df_rt_vload_do_vpoke	; then vpoke
ecf3 : 8010             [ 4] 	bra df_rt_vload_next
ecf5 :                       df_rt_vload_do_vpoke
ecf5 : 20f1c3           [ 6] 	jsr _vdp_poke				; Write to VRAM
ecf8 : 800b             [ 4] 	bra df_rt_vload_next
ecfa :                       df_rt_vload_ram
                             	; Poke to RAM
ecfa : 2090c5           [ 6] 	jsr io_get_ch				; Get a character
ecfd : b011             [ 4] 	bcs df_rt_vload_done		; If EOF then done
ecff : 86d7             [ 3] 	stx df_tmpptra				; Save address
ed01 : 84d8             [ 3] 	sty df_tmpptra+1
ed03 : 92d7             [ 5] 	sta (df_tmpptra)			; Poke byte to RAM
ed05 :                       df_rt_vload_next
AS65 Assembler for R6502 [1.42].                                     Page  174
---------------------------------- bank1.s -----------------------------------

ed05 : ba               [ 2] 	tsx							; Get SP to X
ed06 : fe0101           [ 6] 	inc 0x101,x					; Increment low address
ed09 : d003             [ 3] 	bne df_rt_vload_byte_skip
ed0b : fe0201           [ 6] 	inc 0x102,x					; Increment high address
ed0e :                       df_rt_vload_byte_skip
ed0e : 80c7             [ 4] 	bra df_rt_vload_byte		; Back for next video byte
ed10 :                       df_rt_vload_done
ed10 :                       df_rt_ptload_done
                             	; Tidy the stack
ed10 : 68               [ 4] 	pla
ed11 : 68               [ 4] 	pla
ed12 : 68               [ 4] 	pla
ed13 : 68               [ 4] 	pla
ed14 : 4cf2eb           [ 3] 	jmp df_rt_file_cleanup
                             
                             ; Loads a song into any part of RAM including sha
                             ; Always assumes the top half of memory is in ban
ed17 :                       df_rt_ptload
ed17 : 207fd9           [ 6] 	jsr df_rt_neval				; Get address
ed1a : 20fbf2           [ 6] 	jsr df_ost_popInt			; X,A = Address
ed1d : 48               [ 3] 	pha
ed1e : da               [ 3] 	phx
                             	; jump over comma
ed1f : e6be             [ 5] 	inc df_exeoff
ed21 : 20d5eb           [ 6] 	jsr df_rt_parse_file
ed24 : 2096c5           [ 6] 	jsr io_open_read
ed27 : b0ec             [ 3] 	bcs (df_rt_ptload-2)		; Error condition resets t
                             
                             	; Copy code from ROM that does write to RAM
ed29 : 20e4cb           [ 6] 	jsr init_ram_code		; Initialise RAM code
                             
ed2c : 7a               [ 4] 	ply							; Pull the index of address as Y
ed2d : 68               [ 4] 	pla							; Pull the high address
ed2e : 85d8             [ 3] 	sta df_tmpptra+1			; Just the page address, so l
ed30 : 64d7             [ 3] 	stz df_tmpptra				; Low address is 0
                             
                             	; Save current port B status of both VIAs
ed32 : ad0004           [ 4] 	lda IO_0+PRB				; VIA0 port B is the ROM and RAM
ed35 : 48               [ 3] 	pha
ed36 : 29cf             [ 2] 	and #0b11001111				; Mask off RAM bank bits
ed38 : 0920             [ 2] 	ora #0b00100000				; Select bank 2
ed3a : 48               [ 3] 	pha							; Save new bank select
ed3b : ad8004           [ 4] 	lda IO_1+PRB				; VIA1 port B controls ROM enabl
ed3e : 48               [ 3] 	pha
ed3f : 29df             [ 2] 	and #0b11011111				; Disable ROM bit
ed41 : 48               [ 3] 	pha							; Save ROM disable state
                             	; Stack contains:
                             	;	101,x = disable ROM value
                             	;	102,x = original ROM value
                             	;	103,x = new RAM bank select value
                             	;	104,x = original RAM bank select value
ed42 :                       df_rt_ptload_byte
ed42 : 2090c5           [ 6] 	jsr io_get_ch				; Get a byte
ed45 : b0c9             [ 3] 	bcs df_rt_ptload_done		; If EOF then done
ed47 : a6d8             [ 3] 	ldx df_tmpptra+1			; Get page index from high ad
ed49 : 8636             [ 3] 	stx tmp_a+1					; Save high address in tmp_a
ed4b : 6435             [ 3] 	stz tmp_a					; Clear low address
ed4d : 200c0c           [ 6] 	jsr ram_code				; Poke byte to RAM bank 2 and ma
ed50 : c8               [ 2] 	iny							; Update page index
ed51 : d0ef             [ 3] 	bne df_rt_ptload_byte		; Back for next byte
ed53 : e6d8             [ 5] 	inc df_tmpptra+1			; Increment high address
ed55 : 80eb             [ 3] 	bra df_rt_ptload_byte		; Back for next byte
AS65 Assembler for R6502 [1.42].                                     Page  175
---------------------------------- bank1.s -----------------------------------

                             
ed57 :                       df_rt_ptinit
                             	; Get x,y
ed57 : 2031dc           [ 6] 	jsr df_rt_parm_2ints		; Put address in A,X and l
ed5a : a5d7             [ 3] 	lda df_tmpptra
ed5c : a6d8             [ 3] 	ldx df_tmpptra+1
ed5e : a4d9             [ 3] 	ldy df_tmpptrb
ed60 : 4c11c5           [ 3] 	jmp _PT3START				; Off to the PT3 player module
                             
ed63 :                       df_rt_ptrun
ed63 : 207fd9           [ 6] 	jsr df_rt_neval				; Get run status in X
ed66 : 20fbf2           [ 6] 	jsr df_ost_popInt			; X,A = Address
ed69 : e000             [ 2] 	cpx #0						; If 0 then stop
ed6b : f003             [ 3] 	beq df_rt_ptrun_stop
                             	; else start
ed6d : 4c41c5           [ 3] 	jmp _PT3RESUME
ed70 :                       df_rt_ptrun_stop
ed70 : 4c29c5           [ 3] 	jmp _PT3PAUSE
                             
ed73 :                       df_rt_dir_string				; Name of a directory
ed73 : 3c4449523e202000      	db "<DIR>  ",0				; 7 chars + terminator
ed7b :                       df_rt_dir
ed7b : 2051c1           [ 6] 	jsr _fs_dir_root_start_w	; Start at root
ed7e : a214             [ 2] 	ldx #20						; Count of how many files before pa
ed80 : da               [ 3] 	phx
ed81 :                       df_rt_dir_show_entry
ed81 : 18               [ 2] 	clc							; Only looking for valid files
ed82 : 2021c1           [ 6] 	jsr _fs_dir_find_entry_w	; Find a valid entry
ed85 : b052             [ 3] 	bcs df_rt_dir_done			; If C then no more entries
ed87 : a200             [ 2] 	ldx #lo(scratch)			; Set up pointer to string sp
ed89 : a909             [ 2] 	lda #hi(scratch)
ed8b : 2099c4           [ 6] 	jsr _fs_dir_fhandle_str		; Convert fhandle entry
ed8e : a20c             [ 2] 	ldx #12						; Put a zero terminator after filen
ed90 : 9e0009           [ 5] 	stz scratch,x
ed93 : a200             [ 2] 	ldx #lo(scratch)			; Print filename
ed95 : a909             [ 2] 	lda #hi(scratch)
ed97 : 20dec5           [ 6] 	jsr io_print_line			; Print name
ed9a : 2097c8           [ 6] 	jsr utilPrintSPC			; Gap
ed9d : a557             [ 3] 	lda fh_handle+FH_Attr		; Is it a directory?
ed9f : c910             [ 2] 	cmp #0x10
eda1 : d009             [ 3] 	bne df_rt_dir_size
eda3 : a273             [ 2] 	ldx #lo(df_rt_dir_string)	; Set up pointer to na
eda5 : a9ed             [ 2] 	lda #hi(df_rt_dir_string)
eda7 : 20dec5           [ 6] 	jsr io_print_line			; Print directory indicator
edaa : 800d             [ 3] 	bra df_rt_dir_line
edac :                       df_rt_dir_size
edac : a223             [ 2] 	ldx #lo(scratch+35)			; Print size (already term
edae : a909             [ 2] 	lda #hi(scratch+35)
edb0 : 20dec5           [ 6] 	jsr io_print_line			; Print size - 5 chars left 
edb3 : 2097c8           [ 6] 	jsr utilPrintSPC			; Gap
edb6 : 2097c8           [ 6] 	jsr utilPrintSPC			; Gap
                             	; Printed exactly 20 chars per size
edb9 :                       df_rt_dir_line
edb9 : a51b             [ 3] 	lda gr_scrngeom+gr_screen_w	; If 32 col screen t
edbb : c920             [ 2] 	cmp #32
edbd : d003             [ 3] 	bne df_rt_dir_skip_crlf
edbf : 209fc8           [ 6] 	jsr utilPrintCRLF
edc2 :                       df_rt_dir_skip_crlf
edc2 : fa               [ 4] 	plx							; Decrement file line counter
edc3 : ca               [ 2] 	dex
edc4 : d00d             [ 3] 	bne df_rt_dir_skip_pause
edc6 : a2e0             [ 2] 	ldx #lo(df_rt_pausemsg)		; Show pause message
AS65 Assembler for R6502 [1.42].                                     Page  176
---------------------------------- bank1.s -----------------------------------

edc8 : a9ed             [ 2] 	lda #hi(df_rt_pausemsg)
edca : 20dec5           [ 6] 	jsr io_print_line
edcd : 38               [ 2] 	sec
edce : 2090c5           [ 6] 	jsr io_get_ch				; Wait for any key
edd1 : a214             [ 2] 	ldx #20						; Reset line counter
edd3 :                       df_rt_dir_skip_pause	
edd3 : da               [ 3] 	phx							; Save line counter
edd4 : 2039c1           [ 6] 	jsr _fs_dir_entry_next_w	; Advance to next slot
edd7 : 80a8             [ 3] 	bra df_rt_dir_show_entry	; Find another entry
edd9 :                       df_rt_dir_done
edd9 : fa               [ 4] 	plx							; Pop line counter
edda : a90d             [ 2] 	lda #UTF_CR					; Final CR
eddc : 2093c5           [ 6] 	jsr io_put_ch
eddf : 60               [ 6] 	rts
ede0 :                       df_rt_pausemsg
ede0 : 0d507265737320..      	db UTF_CR,"Press any key for more..",UTF_CR,0
                             
edfb :                       df_rt_dirl						; Long listing format
edfb : 2051c1           [ 6] 	jsr _fs_dir_root_start_w	; Start at root
edfe : a214             [ 2] 	ldx #20						; Count of how many files before pa
ee00 : da               [ 3] 	phx
ee01 :                       df_rt_dirl_show_entry
ee01 : 18               [ 2] 	clc							; Only looking for valid files
ee02 : 2021c1           [ 6] 	jsr _fs_dir_find_entry_w	; Find a valid entry
ee05 : b025             [ 3] 	bcs df_rt_dirl_done			; If C then no more entrie
ee07 : a200             [ 2] 	ldx #lo(scratch)			; Set up pointer to string sp
ee09 : a909             [ 2] 	lda #hi(scratch)
ee0b : 2099c4           [ 6] 	jsr _fs_dir_fhandle_str		; Convert fhandle entry
ee0e : a200             [ 2] 	ldx #lo(scratch)			; Print the whole entry
ee10 : a909             [ 2] 	lda #hi(scratch)
ee12 : 20dec5           [ 6] 	jsr io_print_line
ee15 :                       df_rt_dirl_line
ee15 : fa               [ 4] 	plx							; Decrement file line counter
ee16 : ca               [ 2] 	dex
ee17 : d00d             [ 3] 	bne df_rt_dirl_skip_pause
ee19 : a2e0             [ 2] 	ldx #lo(df_rt_pausemsg)		; Show pause message
ee1b : a9ed             [ 2] 	lda #hi(df_rt_pausemsg)
ee1d : 20dec5           [ 6] 	jsr io_print_line
ee20 : 38               [ 2] 	sec
ee21 : 2090c5           [ 6] 	jsr io_get_ch				; Wait for any key
ee24 : a214             [ 2] 	ldx #20						; Reset line counter
ee26 :                       df_rt_dirl_skip_pause	
ee26 : da               [ 3] 	phx							; Save line counter
ee27 : 2039c1           [ 6] 	jsr _fs_dir_entry_next_w	; Advance to next slot
ee2a : 80d5             [ 3] 	bra df_rt_dirl_show_entry	; Find another entry
ee2c :                       df_rt_dirl_done
ee2c : fa               [ 4] 	plx							; Pop line counter
ee2d : 209fc8           [ 6] 	jsr utilPrintCRLF			; Final CR
ee30 : 60               [ 6] 	rts
                             	
                             ; reset %var
ee31 :                       df_rt_reset
                             	; now get lvar X,A from current statement
ee31 : 20bfdd           [ 6] 	jsr df_rt_getlvar
                             	; save lvar in tmpb, vvt ptr in tmpa
ee34 : 86d9             [ 3] 	stx df_tmpptrb
ee36 : 85da             [ 3] 	sta df_tmpptrb+1
ee38 :                       df_rt_dfcl_reset
                             	; load the vdp count as the reset value of timer
                             	; turn off interrupts while reading vdp lo,hi
ee38 : a001             [ 2] 	ldy #1	; This is in readiness to read high byte 
                             	; Safe read of counter (2 bytes only) without di
AS65 Assembler for R6502 [1.42].                                     Page  177
---------------------------------- bank1.s -----------------------------------

ee3a : a504             [ 3] 	lda vdp_int_cnt
ee3c :                       df_rt_safe_read
ee3c : 92d9             [ 5] 	sta (df_tmpptrb)
ee3e : a505             [ 3] 	lda vdp_int_cnt+1
ee40 : 91d9             [ 5] 	sta (df_tmpptrb),y
                             	; If first byte has changed since reading it
                             	; then re-read (might happen due to VBI)
ee42 : a504             [ 3] 	lda vdp_int_cnt
ee44 : d2d9             [ 5] 	cmp (df_tmpptrb)
ee46 : d0f4             [ 3] 	bne df_rt_safe_read
ee48 : 60               [ 6] 	rts
                             
                             ; timedate var$
                             ; output to string as dd/mm/yy hh:mm:ss
ee49 :                       df_rt_datetime
                             	; now get lvar X,A from current statement
ee49 : 20bfdd           [ 6] 	jsr df_rt_getlvar
                             	; and save it
ee4c : da               [ 3] 	phx
ee4d : 48               [ 3] 	pha
                             	; Point to 6 bytes of scratch
ee4e : a200             [ 2] 	ldx #lo(scratch)
ee50 : a909             [ 2] 	lda #hi(scratch)
                             	; Populate timedate as hmsdmy
ee52 : 2039c4           [ 6] 	jsr _rtc_gettimedate
                             	; Get destination pointer back
ee55 : 68               [ 4] 	pla
ee56 : 85d8             [ 3] 	sta df_tmpptra+1
ee58 : 68               [ 4] 	pla
ee59 : 85d7             [ 3] 	sta df_tmpptra
                             	; Start at first char of destination
ee5b : a000             [ 2] 	ldy #0
                             	; Get days binary and convert to BCD
ee5d : ae0309           [ 4] 	ldx scratch+3
                             	; Separator character
ee60 : a92f             [ 2] 	lda #'/'
ee62 : 208eee           [ 6] 	jsr df_rt_datetime_conv
                             	; Get months binary and convert to BCD
ee65 : ae0409           [ 4] 	ldx scratch+4
                             	; Separator character
ee68 : a92f             [ 2] 	lda #'/'
ee6a : 208eee           [ 6] 	jsr df_rt_datetime_conv
                             	; Get years binary and convert to BCD
ee6d : ae0509           [ 4] 	ldx scratch+5
                             	; Separator character is space between date and 
ee70 : a920             [ 2] 	lda #' '
ee72 : 208eee           [ 6] 	jsr df_rt_datetime_conv
                             	; Get hours binary and convert to BCD
ee75 : ae0009           [ 4] 	ldx scratch+0
                             	; Separator character
ee78 : a93a             [ 2] 	lda #':'
ee7a : 208eee           [ 6] 	jsr df_rt_datetime_conv
                             	; Get minutes binary and convert to BCD
ee7d : ae0109           [ 4] 	ldx scratch+1
                             	; Separator character
ee80 : a93a             [ 2] 	lda #':'
ee82 : 208eee           [ 6] 	jsr df_rt_datetime_conv
                             	; Get seconds binary and convert to BCD
ee85 : ae0209           [ 4] 	ldx scratch+2
                             	; Separator character is null to terminate strin
ee88 : a900             [ 2] 	lda #0
ee8a : 208eee           [ 6] 	jsr df_rt_datetime_conv
AS65 Assembler for R6502 [1.42].                                     Page  178
---------------------------------- bank1.s -----------------------------------

ee8d : 60               [ 6] 	rts
ee8e :                       df_rt_datetime_conv
ee8e : 48               [ 3] 	pha
ee8f : a900             [ 2] 	lda #0
ee91 : 20cfca           [ 6] 	jsr word_to_bcd
                             	; We only need least 2 BCD digits
ee94 : a579             [ 3] 	lda num_a+0
                             	; put nibbles in A,X
ee96 : 20ccc8           [ 6] 	jsr str_a_to_x
                             	; And save to destination
ee99 : 91d7             [ 5] 	sta (df_tmpptra),y
ee9b : c8               [ 2] 	iny
ee9c : 8a               [ 2] 	txa
ee9d : 91d7             [ 5] 	sta (df_tmpptra),y
ee9f : c8               [ 2] 	iny
eea0 : 68               [ 4] 	pla
eea1 : 91d7             [ 5] 	sta (df_tmpptra),y
eea3 : c8               [ 2] 	iny
eea4 : 60               [ 6] 	rts
                             
                             ;***** FUNCTIONS *****
                             
eea5 :                       df_rt_deek
eea5 : 38               [ 2] 	sec
eea6 : 8001             [ 3] 	bra df_rt_readbyte
eea8 :                       df_rt_peek
eea8 : 18               [ 2] 	clc
eea9 :                       df_rt_readbyte
eea9 : 08               [ 3] 	php
                             ;	inc df_exeoff
eeaa : 2079d9           [ 6] 	jsr df_rt_getnval
eead : 86d7             [ 3] 	stx df_tmpptra
eeaf : 85d8             [ 3] 	sta df_tmpptra+1
eeb1 : b2d7             [ 5] 	lda (df_tmpptra)
eeb3 : aa               [ 2] 	tax
eeb4 : a900             [ 2] 	lda #0
eeb6 : 28               [ 4] 	plp
eeb7 : 9005             [ 3] 	bcc df_rt_readbyte_skip
eeb9 : 18               [ 2] 	clc
eeba : a001             [ 2] 	ldy #1
eebc : b1d7             [ 5] 	lda (df_tmpptra),y
eebe :                       df_rt_readbyte_skip
eebe : 4cdbf2           [ 3] 	jmp df_ost_pushInt
                             
eec1 :                       df_rt_vpeek
                             ;	inc df_exeoff
eec1 : 2079d9           [ 6] 	jsr df_rt_getnval
eec4 : 20d9c3           [ 6] 	jsr _vdp_peek
eec7 : aa               [ 2] 	tax
eec8 : a900             [ 2] 	lda #0
eeca : 4cdbf2           [ 3] 	jmp df_ost_pushInt
                             
eecd :                       df_rt_nvpeek
                             ;	inc df_exeoff
eecd : 2079d9           [ 6] 	jsr df_rt_getnval
eed0 : 2069c4           [ 6] 	jsr _rtc_nvread
eed3 : aa               [ 2] 	tax
eed4 : a900             [ 2] 	lda #0
eed6 : 4cdbf2           [ 3] 	jmp df_ost_pushInt
                             
                             ; Random number generator
                             ; rnd(0) = get next number
AS65 Assembler for R6502 [1.42].                                     Page  179
---------------------------------- bank1.s -----------------------------------

                             ; rnd(>0) = set seed
eed9 :                       df_rt_rnd
                             ;	inc df_exeoff
eed9 : 2079d9           [ 6] 	jsr df_rt_getnval
                             	; if input is 0 then generate next random number
eedc : e000             [ 2] 	cpx #0
eede : d017             [ 3] 	bne df_rt_rnd_set
eee0 : c900             [ 2] 	cmp #0
eee2 : d013             [ 3] 	bne df_rt_rnd_set
                             	; generate next number
eee4 : a5ce             [ 3] 	lda df_rnd+1
eee6 : 4a               [ 2] 	lsr a
eee7 : 26cd             [ 5] 	rol df_rnd
eee9 : 9002             [ 3] 	bcc df_rt_rnd_noeor
eeeb : 49b4             [ 2] 	eor #0xb4
eeed :                       df_rt_rnd_noeor
eeed : 85ce             [ 3] 	sta df_rnd+1
eeef : 45cd             [ 3] 	eor df_rnd
eef1 : aa               [ 2] 	tax
eef2 : a900             [ 2] 	lda #0
eef4 : 4cdbf2           [ 3] 	jmp df_ost_pushInt
                             	; else set the seed to that number and done
eef7 :                       df_rt_rnd_set
eef7 : 86cd             [ 3] 	stx df_rnd
eef9 : 85ce             [ 3] 	sta df_rnd+1
eefb : 4cdbf2           [ 3] 	jmp df_ost_pushInt
                             
                             
                             ; Get joystick status	
eefe :                       df_rt_stick
                             ;	inc df_exeoff
eefe : 2079d9           [ 6] 	jsr df_rt_getnval
                             	; only low byte is used
ef01 : 86d7             [ 3] 	stx df_tmpptra
ef03 : 20ccc6           [ 6] 	jsr snd_get_joy0
ef06 : 98               [ 2] 	tya
                             	; invert the bits so that 1=switch on
ef07 : 49ff             [ 2] 	eor #0xff
ef09 : 25d7             [ 3] 	and df_tmpptra
ef0b : aa               [ 2] 	tax
ef0c : a900             [ 2] 	lda #0
ef0e : 4cdbf2           [ 3] 	jmp df_ost_pushInt
                             
                             ; l = msbyte(x)
ef11 :                       df_rt_msbyte
                             ;	inc df_exeoff
ef11 : 2079d9           [ 6] 	jsr df_rt_getnval
                             	; only high byte is used
ef14 : aa               [ 2] 	tax
ef15 : a900             [ 2] 	lda #0
ef17 : 4cdbf2           [ 3] 	jmp df_ost_pushInt
                             	
                             ; l = lsbyte(x)
ef1a :                       df_rt_lsbyte
                             ;	inc df_exeoff
ef1a : 2079d9           [ 6] 	jsr df_rt_getnval
                             	; only low byte is used
ef1d : a900             [ 2] 	lda #0
ef1f : 4cdbf2           [ 3] 	jmp df_ost_pushInt
                             
                             
                             
AS65 Assembler for R6502 [1.42].                                     Page  180
---------------------------------- bank1.s -----------------------------------

                             ;* Return memory footprint as follows:
                             ;* 0	Return free memory (start of vvt - end of he
                             ;* 1	Return program size (end of prg - start of p
                             ;* 2	Return size of vars (end of vnt - start of v
ef22 :                       df_rt_mem
                             ;	inc df_exeoff
ef22 : 2079d9           [ 6] 	jsr df_rt_getnval
                             	; only low byte is used
ef25 : e001             [ 2] 	cpx #1
ef27 : f016             [ 3] 	beq df_rt_mem_prg
ef29 : e002             [ 2] 	cpx #2
ef2b : f024             [ 3] 	beq df_rt_mem_var
                             	; default is free memory
ef2d :                       df_rt_mem_free
                             	_cpyZPWord df_vvtstrt,df_tmpptra
                             
                             	_cpyZPWord df_starend,df_tmpptrb
                             
ef3d : 8022             [ 3] 	bra df_rt_mem_calc
ef3f :                       df_rt_mem_prg
                             	_cpyZPWord df_prgend,df_tmpptra
                             
                             	_cpyZPWord df_prgstrt,df_tmpptrb
                             
ef4f : 8010             [ 3] 	bra df_rt_mem_calc
ef51 :                       df_rt_mem_var
                             	_cpyZPWord df_vntend,df_tmpptra
                             
                             	_cpyZPWord df_vvtstrt,df_tmpptrb
                             
ef61 :                       df_rt_mem_calc
                             	; tmpa-tmpb result in X,A
ef61 : 38               [ 2] 	sec
ef62 : a5d7             [ 3] 	lda df_tmpptra
ef64 : e5d9             [ 3] 	sbc df_tmpptrb
ef66 : aa               [ 2] 	tax
ef67 : a5d8             [ 3] 	lda df_tmpptra+1
ef69 : e5da             [ 3] 	sbc df_tmpptrb+1
ef6b : 4cdbf2           [ 3] 	jmp df_ost_pushInt
                             
                             ; %k=key(%sync) %sync>=1 means sync
ef6e :                       df_rt_get					; get is alias for key
ef6e :                       df_rt_key
                             ;	inc df_exeoff
ef6e : 2079d9           [ 6] 	jsr df_rt_getnval
                             	; only low byte is used, check for sync or async
                             	; c=1 if x==0 else x>0 makes c=0
ef71 : e001             [ 2] 	cpx #1
ef73 : 2090c5           [ 6] 	jsr io_get_ch
ef76 : 9003             [ 3] 	bcc df_rt_key_valid
                             	; zero out A
ef78 : a900             [ 2] 	lda #0
ef7a : 18               [ 2] 	clc
ef7b :                       df_rt_key_valid
ef7b : aa               [ 2] 	tax
ef7c : a900             [ 2] 	lda #0
ef7e : 4cdbf2           [ 3] 	jmp df_ost_pushInt
                             
                             	
                             ; s = scrn(x,y)
ef81 :                       df_rt_scrn
                             ;	inc df_exeoff
AS65 Assembler for R6502 [1.42].                                     Page  181
---------------------------------- bank1.s -----------------------------------

ef81 : 2031dc           [ 6] 	jsr df_rt_parm_2ints
ef84 : a6d7             [ 3] 	ldx df_tmpptra
ef86 : a4d9             [ 3] 	ldy df_tmpptrb
ef88 : 2091c3           [ 6] 	jsr _gr_get
ef8b : aa               [ 2] 	tax
ef8c : a900             [ 2] 	lda #0
ef8e : 4cdbf2           [ 3] 	jmp df_ost_pushInt
                             
                             ; p = pixel(x,y)
ef91 :                       df_rt_pixel
                             ;	inc df_exeoff
ef91 : 2031dc           [ 6] 	jsr df_rt_parm_2ints
ef94 : a6d7             [ 3] 	ldx df_tmpptra
ef96 : a4d9             [ 3] 	ldy df_tmpptrb
ef98 : a900             [ 2] 	lda #0
ef9a : 4cd8f2           [ 3] 	jmp df_ost_pushIntA
                             
                             ; %e=elapsed(%var)
ef9d :                       df_rt_elapsed
                             	; now get lvar X,A from current statement
ef9d : 20bfdd           [ 6] 	jsr df_rt_getlvar
efa0 : e6be             [ 5] 	inc df_exeoff
                             	; save lvar in tmpb, vvt ptr in tmpa
efa2 : 86d9             [ 3] 	stx df_tmpptrb
efa4 : 85da             [ 3] 	sta df_tmpptrb+1
                             	; subtract vdp counter from value
efa6 : a001             [ 2] 	ldy #1	; This is in readiness to read high byte 
                             	; Safe read of vdp counter without disabling int
efa8 :                       df_rt_elapsed_rd
efa8 : a504             [ 3] 	lda vdp_int_cnt
efaa : a605             [ 3] 	ldx vdp_int_cnt+1
efac : c504             [ 3] 	cmp vdp_int_cnt			; If low counter changed due t
efae : d0f8             [ 3] 	bne df_rt_elapsed_rd
efb0 : 38               [ 2] 	sec
efb1 : f2d9             [ 5] 	sbc (df_tmpptrb)
efb3 : aa               [ 2] 	tax
efb4 : a505             [ 3] 	lda vdp_int_cnt+1
efb6 : f1d9             [ 5] 	sbc (df_tmpptrb),y
efb8 : 4cdbf2           [ 3] 	jmp df_ost_pushInt
                             
efbb :                       df_rt_call
                             ;	inc df_exeoff
efbb : 2053dc           [ 6] 	jsr df_rt_parm_4ints
efbe : a5d9             [ 3] 	lda df_tmpptrb				; load A
efc0 : a6db             [ 3] 	ldx	df_tmpptrc				; load X
efc2 : a4dd             [ 3] 	ldy df_tmpptrd				; load Y
efc4 : 20caef           [ 6] 	jsr df_rt_calljsr
efc7 :                       df_rt_push_int1
efc7 : 4cdbf2           [ 3] 	jmp df_ost_pushInt			; A,X pair is return value	
efca :                       df_rt_calljsr
efca : 6cd700           [ 6] 	jmp (df_tmpptra)			; tmpptra is address, return 
                             
                             
efcd :                       df_rt_sgn
                             ;	inc df_exeoff
efcd : 2079d9           [ 6] 	jsr df_rt_getnval
efd0 : 86d7             [ 3] 	stx df_tmpptra
efd2 : 05d7             [ 3] 	ora df_tmpptra
efd4 : f00f             [ 3] 	beq df_rt_sgn_z
efd6 : 2980             [ 2] 	and #0x80
efd8 : d006             [ 3] 	bne df_rt_sgn_n
efda : a201             [ 2] 	ldx #1
AS65 Assembler for R6502 [1.42].                                     Page  182
---------------------------------- bank1.s -----------------------------------

efdc : a900             [ 2] 	lda #0
efde : f0e7             [ 3] 	beq df_rt_push_int1			; Always
efe0 :                       df_rt_sgn_n
efe0 : a2ff             [ 2] 	ldx #0xff
efe2 : 8a               [ 2] 	txa
efe3 : d0e2             [ 3] 	bne df_rt_push_int1			; Always
efe5 :                       df_rt_sgn_z
efe5 : a200             [ 2] 	ldx #0
efe7 : 8a               [ 2] 	txa
efe8 : f0dd             [ 3] 	beq df_rt_push_int1			; Always
                             
                             ; addr(X)
efea :                       df_rt_addr
                             	; get lvar X,A from current statement
efea : 20bfdd           [ 6] 	jsr df_rt_getlvar
efed : e6be             [ 5] 	inc df_exeoff
efef : 4cdbf2           [ 3] 	jmp df_ost_pushInt
                             
                             
                             ; string length calculator
                             ; X,A = source
                             ; A = length not including zero
eff2 :                       df_rt_strlen_common
eff2 : 86d7             [ 3] 	stx df_tmpptra
eff4 : 85d8             [ 3] 	sta df_tmpptra+1
eff6 : a0ff             [ 2] 	ldy #0xff
eff8 :                       df_rt_strlen_count
eff8 : c8               [ 2] 	iny
eff9 : b1d7             [ 5] 	lda (df_tmpptra),y
effb : d0fb             [ 3] 	bne df_rt_strlen_count
effd : 98               [ 2] 	tya
effe : 60               [ 6] 	rts
                             
                             
                             ; common routine to extract a string
                             ; tmpa = source string
                             ; tmpb = dest string
                             ; tmpc = start pos
                             ; tmpd = endpos
efff :                       df_rt_str_extract
                             	; source string
efff : 20f3f2           [ 6] 	jsr df_ost_popStr
f002 : 86d7             [ 3] 	stx df_tmpptra
f004 : 85d8             [ 3] 	sta df_tmpptra+1
                             	; destination is string accumulator
f006 : a5b0             [ 3] 	lda df_sevalptr
f008 : 85d9             [ 3] 	sta df_tmpptrb
f00a : a5b1             [ 3] 	lda df_sevalptr+1
f00c : 85da             [ 3] 	sta df_tmpptrb+1
                             	; start pos
f00e : a4db             [ 3] 	ldy df_tmpptrc
f010 : a200             [ 2] 	ldx #0
f012 :                       df_rt_str_cpy_ch
f012 : c4dd             [ 3] 	cpy df_tmpptrd
f014 : f011             [ 3] 	beq df_str_src_end
f016 : b1d7             [ 5] 	lda (df_tmpptra),y
f018 : f00d             [ 3] 	beq df_str_src_end
f01a : 81d9             [ 6] 	sta (df_tmpptrb,x)
                             	_incZPWord df_tmpptrb
                             
f022 : c8               [ 2] 	iny
f023 : d0ed             [ 3] 	bne df_rt_str_cpy_ch
AS65 Assembler for R6502 [1.42].                                     Page  183
---------------------------------- bank1.s -----------------------------------

                             	SWBRK DFERR_STRLONG
                             
f027 :                       df_str_src_end
f027 : a900             [ 2] 	lda #0
f029 : 81d9             [ 6] 	sta (df_tmpptrb,x)
f02b : a6b0             [ 3] 	ldx df_sevalptr
f02d : a5b1             [ 3] 	lda df_sevalptr+1
f02f : 4cd0f2           [ 3] 	jmp df_ost_pushStr
                             
                             ; $c = chr(x)
f032 :                       df_rt_chr
                             ;	inc df_exeoff
                             	; get char in X
f032 : 2079d9           [ 6] 	jsr df_rt_getnval
f035 : a000             [ 2] 	ldy #0
                             	; transfer lo byte to A
f037 : 8a               [ 2] 	txa
f038 : 91b0             [ 5] 	sta (df_sevalptr),y
f03a : c8               [ 2] 	iny
                             	; zero terminator
f03b : a900             [ 2] 	lda #0
f03d : 91b0             [ 5] 	sta (df_sevalptr),y
                             	; point to seval scratch area
f03f : a6b0             [ 3] 	ldx df_sevalptr
f041 : a5b1             [ 3] 	lda df_sevalptr+1
f043 : 4cd0f2           [ 3] 	jmp df_ost_pushStr
                             
                             ; $c = hex(x)
f046 :                       df_rt_hex
                             ;	inc df_exeoff
                             	; create hex digits
f046 : 2079d9           [ 6] 	jsr df_rt_getnval
f049 : 85d7             [ 3] 	sta df_tmpptra	; Save the high byte
f04b : 8a               [ 2] 	txa				; Convert low byte first
f04c : 20ccc8           [ 6] 	jsr str_a_to_x	; Hex digits in A,X
f04f : 85d9             [ 3] 	sta df_tmpptrb
f051 : 8a               [ 2] 	txa				; Push low digit of low byte from X
f052 : 48               [ 3] 	pha
f053 : a5d9             [ 3] 	lda df_tmpptrb	; Get A back from temp
f055 : 48               [ 3] 	pha				; Push high digit of low byte
f056 : a5d7             [ 3] 	lda df_tmpptra	; Get the high byte
f058 : 20ccc8           [ 6] 	jsr str_a_to_x	; Hex digits in A,X
                             	; create string
f05b : a000             [ 2] 	ldy #0			; Index in to string temp area
                             	; hi/hi
f05d : 91b0             [ 5] 	sta (df_sevalptr),y
f05f : c8               [ 2] 	iny
                             	; hi/lo
f060 : 8a               [ 2] 	txa
f061 : 91b0             [ 5] 	sta (df_sevalptr),y
f063 : c8               [ 2] 	iny
                             	; lo/hi
f064 : 68               [ 4] 	pla
f065 : 91b0             [ 5] 	sta (df_sevalptr),y
f067 : c8               [ 2] 	iny
                             	; lo/lo
f068 : 68               [ 4] 	pla
f069 : 91b0             [ 5] 	sta (df_sevalptr),y
f06b : c8               [ 2] 	iny
                             	; zero terminator
f06c : a900             [ 2] 	lda #0
f06e : 91b0             [ 5] 	sta (df_sevalptr),y
AS65 Assembler for R6502 [1.42].                                     Page  184
---------------------------------- bank1.s -----------------------------------

                             	; point to seval scratch area
f070 : a6b0             [ 3] 	ldx df_sevalptr
f072 : a5b1             [ 3] 	lda df_sevalptr+1
f074 : 4cd0f2           [ 3] 	jmp df_ost_pushStr
                             
                             ; $c = dec(x)
f077 :                       df_rt_dec
f077 : 2079d9           [ 6] 	jsr df_rt_getnval
f07a : 18               [ 2] 	clc						; No leading zeros
f07b : 2013cb           [ 6] 	jsr int_to_str
                             	; point to num_buf scratch area
f07e : a289             [ 2] 	ldx #lo(num_buf)
f080 : a900             [ 2] 	lda #hi(num_buf)
f082 : 4cd0f2           [ 3] 	jmp df_ost_pushStr
                             
                             ; $l = left($s, x)
f085 :                       df_rt_left
                             ;	inc df_exeoff
                             
                             	; first get the string to act on
                             	; point to string accumulator
f085 : 202fda           [ 6] 	jsr df_rt_seval
                             	; now get the num of chars
f088 : e6be             [ 5] 	inc df_exeoff
f08a : 2079d9           [ 6] 	jsr df_rt_getnval
                             	; number of chars to extract
f08d : 86dd             [ 3] 	stx df_tmpptrd
                             	; start position
f08f : a000             [ 2] 	ldy #0
f091 : 84db             [ 3] 	sty df_tmpptrc
f093 : 4cffef           [ 3] 	jmp df_rt_str_extract
                             
                             ; $r = right($s, x)
f096 :                       df_rt_right
                             ;	inc df_exeoff
                             	; first get the string to act on
                             	; point to string accumulator
f096 : 202fda           [ 6] 	jsr df_rt_seval
                             	; now get the num of chars from the right
f099 : e6be             [ 5] 	inc df_exeoff
f09b : 2079d9           [ 6] 	jsr df_rt_getnval
                             	; number of chars to extract from the right
f09e : 86db             [ 3] 	stx df_tmpptrc
                             	; end pos = len
f0a0 : a6b0             [ 3] 	ldx df_sevalptr
f0a2 : a5b1             [ 3] 	lda df_sevalptr+1
f0a4 : 20f2ef           [ 6] 	jsr df_rt_strlen_common
f0a7 : 85dd             [ 3] 	sta df_tmpptrd
                             	; subtract num chars to extract to get start pos
f0a9 : 38               [ 2] 	sec
f0aa : e5db             [ 3] 	sbc df_tmpptrc
f0ac : 85db             [ 3] 	sta df_tmpptrc
f0ae : 4cffef           [ 3] 	jmp df_rt_str_extract
                             
                             ; $m = mid($s, x, y)
f0b1 :                       df_rt_mid
                             ;	inc df_exeoff
                             	; first get the string to act on
                             	; point to string accumulator
f0b1 : 202fda           [ 6] 	jsr df_rt_seval
                             	; now get start of string segment
f0b4 : e6be             [ 5] 	inc df_exeoff
AS65 Assembler for R6502 [1.42].                                     Page  185
---------------------------------- bank1.s -----------------------------------

f0b6 : 207fd9           [ 6] 	jsr df_rt_neval
                             	; number of chars to extract
f0b9 : e6be             [ 5] 	inc df_exeoff
f0bb : 2079d9           [ 6] 	jsr df_rt_getnval
f0be : 86dd             [ 3] 	stx df_tmpptrd
                             	; start position
f0c0 : 20fbf2           [ 6] 	jsr df_ost_popInt
f0c3 : ca               [ 2] 	dex					; zero offset rather than 1
f0c4 : 86db             [ 3] 	stx df_tmpptrc
                             	; update end pos by adding start pos
f0c6 : 8a               [ 2] 	txa
f0c7 : 18               [ 2] 	clc
f0c8 : 65dd             [ 3] 	adc df_tmpptrd
f0ca : 85dd             [ 3] 	sta df_tmpptrd
f0cc : 4cffef           [ 3] 	jmp df_rt_str_extract
                             
                             ; %l = len($s)
f0cf :                       df_rt_len
                             ;	inc df_exeoff
                             	; evaluate the string in the string accumulator
f0cf : 202fda           [ 6] 	jsr df_rt_seval
f0d2 : 20f3f2           [ 6] 	jsr df_ost_popStr
                             	; now calculate the length of this string
f0d5 : 20f2ef           [ 6] 	jsr df_rt_strlen_common
f0d8 : 4cd8f2           [ 3] 	jmp df_ost_pushIntA
                             
                             ; %l = asc($s)
f0db :                       df_rt_asc
                             ;	inc df_exeoff
                             	; Evaluate string in the string accumulator
f0db : 202fda           [ 6] 	jsr df_rt_seval
f0de : 20f3f2           [ 6] 	jsr df_ost_popStr
                             	; Store point in ZP
f0e1 : 86d7             [ 3] 	stx df_tmpptra
f0e3 : 85d8             [ 3] 	sta df_tmpptra+1
                             	; Find the character at beginning
f0e5 : a200             [ 2] 	ldx #0
f0e7 : a1d7             [ 6] 	lda (df_tmpptra,x)
f0e9 : 4cd8f2           [ 3] 	jmp df_ost_pushIntA
                             
                             ; %l = val($s)
f0ec :                       df_rt_val
                             ;	inc df_exeoff
                             	; evaluate the string
f0ec : 202fda           [ 6] 	jsr df_rt_seval
f0ef : 20f3f2           [ 6] 	jsr df_ost_popStr
f0f2 : a000             [ 2] 	ldy #0				; any numeric format
f0f4 : 2017c9           [ 6] 	jsr con_n_to_a		; result in num_a
f0f7 : b007             [ 4] 	bcs df_rt_val_err
f0f9 : a679             [ 3] 	ldx num_a
f0fb : a57a             [ 3] 	lda num_a+1
                             	; Save as an int
f0fd : 4cdbf2           [ 3] 	jmp df_ost_pushInt
f100 :                       df_rt_val_err
                             	SWBRK DFERR_TYPEMISM
                             
                             
                             ; stop execution
f102 :                       df_rt_abort
                             	SWBRK DFERR_ABORT
                             
                             
AS65 Assembler for R6502 [1.42].                                     Page  186
---------------------------------- bank1.s -----------------------------------

                             ;* ok=fcreate(filename)
f104 :                       df_rt_fcreate
f104 : 20d5eb           [ 6] 	jsr df_rt_parse_file
f107 : 2099c5           [ 6] 	jsr io_open_write
f10a :                       df_rt_fcreate_check
                             	; Assume -1 which is OK
f10a : a2ff             [ 2] 	ldx #-1
f10c : 9002             [ 3] 	bcc df_rt_fcreate_ok
                             	; Else 0 which is error
f10e : a200             [ 2] 	ldx #0
f110 :                       df_rt_fcreate_ok
f110 : 8a               [ 2] 	txa				; make A=X
                             	; Save as an int
f111 : 20dbf2           [ 6] 	jsr df_ost_pushInt
                             	; Ensure we're back to the normal IO device
f114 : 4c75c5           [ 3] 	jmp io_set_default
                             	
                             ;* ok=fopen(filename)
f117 :                       df_rt_fopen
f117 : 20d5eb           [ 6] 	jsr df_rt_parse_file
f11a : 2096c5           [ 6] 	jsr io_open_read
f11d : 80eb             [ 3] 	bra df_rt_fcreate_check
                             
                             ;* ok=fclose()
f11f :                       df_rt_fclose
f11f : a902             [ 2] 	lda #2					; Only works for SD card now
f121 : 2078c5           [ 6] 	jsr io_active_device
f124 : 209cc5           [ 6] 	jsr io_close
                             	; Ensure we're back to the normal IO device
f127 : 4c75c5           [ 3] 	jmp io_set_default
                             
                             ;* device <num>
f12a :                       df_rt_device
f12a : 2079d9           [ 6] 	jsr df_rt_getnval
                             	; Force update of status register
f12d : 8a               [ 2] 	txa
f12e : 300a             [ 3] 	bmi df_rt_device_default
                             	; Stop dflat from trying to read inputs for Ctrl
f130 : a592             [ 3] 	lda df_checkmsk
f132 : 0980             [ 2] 	ora #0x80
f134 : 8592             [ 3] 	sta df_checkmsk
f136 : 8a               [ 2] 	txa
                             	; A contains the device to activate
f137 : 4c78c5           [ 3] 	jmp io_active_device
f13a :                       df_rt_device_default
                             	; Allow dflat to read inputs for Ctrl-C
f13a : a592             [ 3] 	lda df_checkmsk
f13c : 297f             [ 2] 	and #0x7f
f13e : 8592             [ 3] 	sta df_checkmsk
f140 : 4c75c5           [ 3] 	jmp io_set_default
                             
f143 :                       mod_sz_rtsubs_e
                             
                             
                             	include "dflat/proc.s"
                             ;************************************************
                             ;*
                             ;*	BBC-128
                             ;*	Dolo Miah (@6502Nerd)
                             ;*	Copyright (c) 2020
                             ;*  Free to use for any non-commercial purpose su
                             ;*  credit of original my authorship please!
AS65 Assembler for R6502 [1.42].                                     Page  187
---------------------------------- bank1.s -----------------------------------

                             ;*
                             ;*  PROC.S
                             ;*  dflat module to handle procedures:
                             ;*  - executing a procedure
                             ;*  - find a proc, pass local and non-local param
                             ;*  - return from a proc, unload locals
                             ;*  - save the definition of a proc in the VNT an
                             ;*
                             ;************************************************
                             
                             	; ROM code
                             	code  
                             
f143 :                       mod_sz_proc_s
                             
f143 :                       df_rt_proc_parmerr
f143 :                       df_rt_deferr
                             	SWBRK DFERR_PROCPARM
                             
                             
                             
                             ; call procedure
f145 :                       df_rt_proc
                             	; move past escape token
f145 : a4be             [ 3] 	ldy df_exeoff
f147 : c8               [ 2] 	iny
                             	; Get VVT address X,A and procptr
f148 : b1bc             [ 5] 	lda (df_currlin),y
f14a : aa               [ 2] 	tax
f14b : c8               [ 2] 	iny
f14c : b1bc             [ 5] 	lda (df_currlin),y
f14e : c8               [ 2] 	iny
f14f : 84be             [ 3] 	sty df_exeoff
f151 : 86c4             [ 3] 	stx df_procptr
f153 : 85c5             [ 3] 	sta df_procptr+1
                             	
                             	; is index 0 (held in dim1)
                             	; then need to find the procedure
f155 : a003             [ 2] 	ldy #DFVVT_DIM1
f157 : b1c4             [ 5] 	lda (df_procptr),y
f159 : d014             [ 3] 	bne df_rt_proc_addr
                             	; find proc
f15b : 205fdd           [ 6] 	jsr df_rt_findproc
                             	; save y (line index)
f15e : 8439             [ 3] 	sty tmp_d
                             	; now go and update the proc vvt address
f160 : a002             [ 2] 	ldy #DFVVT_HI
f162 : 91c4             [ 5] 	sta (df_procptr),y
f164 : a001             [ 2] 	ldy #DFVVT_LO
f166 : 8a               [ 2] 	txa
f167 : 91c4             [ 5] 	sta (df_procptr),y
f169 : a003             [ 2] 	ldy #DFVVT_DIM1
                             	; get back line index in to A
f16b : a539             [ 3] 	lda tmp_d
f16d : 91c4             [ 5] 	sta (df_procptr),y
f16f :                       df_rt_proc_addr
                             	; move past first open bracket
f16f : e6be             [ 5] 	inc df_exeoff
                             	
                             	; get parm count
f171 : a004             [ 2] 	ldy #DFVVT_DIM2
f173 : b1c4             [ 5] 	lda (df_procptr),y	
AS65 Assembler for R6502 [1.42].                                     Page  188
---------------------------------- bank1.s -----------------------------------

f175 : f018             [ 3] 	beq df_rt_proc_parm_none
                             	; push the right number of parms on
f177 : 48               [ 3] 	pha
                             
f178 : c6be             [ 5] 	dec df_exeoff		; Pre-adjust
f17a :                       df_rt_proc_push_parm
                             	; move past comma or opening bracket
f17a : e6be             [ 5] 	inc df_exeoff
                             	; if at end then error!
f17c : a4be             [ 3] 	ldy df_exeoff
f17e : b1bc             [ 5] 	lda (df_currlin),y
f180 : c929             [ 2] 	cmp #')'
f182 : f0bf             [ 3] 	beq df_rt_proc_parmerr
                             	; else try and evaluate
f184 : 207fd9           [ 6] 	jsr df_rt_neval
                             	; get parm count off stack
f187 : 68               [ 4] 	pla
                             	; decrement
f188 : 38               [ 2] 	sec
f189 : e901             [ 2] 	sbc #1
                             	; and put back on stack
f18b : 48               [ 3] 	pha
                             	; go back and do all required parms
f18c : d0ec             [ 3] 	bne df_rt_proc_push_parm
                             	; remove parm counter from stack
f18e :                       df_rt_proc_parm_done
f18e : 68               [ 4] 	pla
f18f :                       df_rt_proc_parm_none
                             	; should be at close bracket
f18f : a4be             [ 3] 	ldy df_exeoff
f191 : b1bc             [ 5] 	lda (df_currlin),y
f193 : c929             [ 2] 	cmp #')'
f195 : d0ac             [ 3] 	bne df_rt_proc_parmerr
                             	; should be no more parms
                             	; ok, finally we have all parms on rt stack
                             	; now execute the procedure
                             	; get back the proc address
f197 : a6c4             [ 3] 	ldx df_procptr
f199 : a5c5             [ 3] 	lda df_procptr+1
                             ;	bne df_rt_exec_proc		; ALWAYS as procptr+1 !=0
                             	
                             ; executing a procedure in VVT slot A,X
f19b :                       df_rt_exec_proc
                             	; save slot address
f19b : 86d7             [ 3] 	stx df_tmpptra
f19d : 85d8             [ 3] 	sta df_tmpptra+1
                             	
                             	; need to save all important vars
f19f : a5bc             [ 3] 	lda df_currlin
f1a1 : 48               [ 3] 	pha
f1a2 : a5bd             [ 3] 	lda df_currlin+1
f1a4 : 48               [ 3] 	pha
f1a5 : a5be             [ 3] 	lda df_exeoff
f1a7 : 48               [ 3] 	pha
f1a8 : a5b5             [ 3] 	lda df_nxtstidx
f1aa : 48               [ 3] 	pha
f1ab : a5b6             [ 3] 	lda df_curstidx
f1ad : 48               [ 3] 	pha
f1ae : a5b4             [ 3] 	lda df_eolidx
f1b0 : 48               [ 3] 	pha
f1b1 : a5c9             [ 3] 	lda df_ifnest
f1b3 : 48               [ 3] 	pha
AS65 Assembler for R6502 [1.42].                                     Page  189
---------------------------------- bank1.s -----------------------------------

                             
                             	; now initialise the data
f1b4 : a001             [ 2] 	ldy #DFVVT_LO
f1b6 : b1d7             [ 5] 	lda (df_tmpptra),y
f1b8 : 85bc             [ 3] 	sta df_currlin
f1ba : c8               [ 2] 	iny
f1bb : b1d7             [ 5] 	lda (df_tmpptra),y
f1bd : 85bd             [ 3] 	sta df_currlin+1
f1bf : c8               [ 2] 	iny
f1c0 : b1d7             [ 5] 	lda (df_tmpptra),y
f1c2 : 85be             [ 3] 	sta df_exeoff
f1c4 : 85b6             [ 3] 	sta df_curstidx
f1c6 : a000             [ 2] 	ldy #0		; hmm XXXXX might need to be tay to get 
f1c8 : b1bc             [ 5] 	lda (df_currlin),y
f1ca : 85b5             [ 3] 	sta df_nxtstidx
                             	; now execute statements
f1cc : 20a1dc           [ 6] 	jsr df_rt_exec_stat
                             ;	bcs df_rt_exec_proc_err
                             	; now restore the position
f1cf : 68               [ 4] 	pla
f1d0 : 85c9             [ 3] 	sta df_ifnest
f1d2 : 68               [ 4] 	pla
f1d3 : 85b4             [ 3] 	sta df_eolidx
f1d5 : 68               [ 4] 	pla
f1d6 : 85b6             [ 3] 	sta df_curstidx
f1d8 : 68               [ 4] 	pla
f1d9 : 85b5             [ 3] 	sta df_nxtstidx
f1db : 68               [ 4] 	pla
f1dc : 85be             [ 3] 	sta df_exeoff
f1de : 68               [ 4] 	pla
f1df : 85bd             [ 3] 	sta df_currlin+1
f1e1 : 68               [ 4] 	pla
f1e2 : 85bc             [ 3] 	sta df_currlin
                             	; should be all restored, so return
f1e4 : 60               [ 6] 	rts
                             
                             
f1e5 :                       df_rt_def
                             	; line offset pointing at DFTK_PROC
                             	; skip over PROC address and open bracket
f1e5 : a6be             [ 3] 	ldx df_exeoff
f1e7 : e8               [ 2] 	inx
f1e8 : e8               [ 2] 	inx
f1e9 : e8               [ 2] 	inx
f1ea : 86be             [ 3] 	stx df_exeoff
                             	; parms on stack in reverse order to parm list
                             	; so get each parm and type and save to scratch
f1ec : a201             [ 2] 	ldx #1									; index in to scratch
f1ee : 86c2             [ 3] 	stx df_procargs							; Proc args is the #args-1
f1f0 : a4be             [ 3] 	ldy df_exeoff
f1f2 :                       df_rt_def_find_var
f1f2 : c8               [ 2] 	iny
f1f3 : b1bc             [ 5] 	lda (df_currlin),y
                             	; check if end of parm list
f1f5 : c929             [ 2] 	cmp #')'
f1f7 : f021             [ 4] 	beq df_rt_def_parm_done
                             	; else check if found a variable escape token (<
f1f9 : c911             [ 2] 	cmp #DFTK_VAR
f1fb : f007             [ 4] 	beq df_rt_def_got_var
                             	; else check if non-local specifier
f1fd : c926             [ 2] 	cmp #DFTK_VARPARM						; This is a regular ASCII
f1ff : d0f1             [ 3] 	bne df_rt_def_find_var
AS65 Assembler for R6502 [1.42].                                     Page  190
---------------------------------- bank1.s -----------------------------------

f201 :                       df_rt_def_got_varparm
                             	; set high bit
f201 : 0980             [ 2] 	ora #0x80
                             	; advance over non-local specifier
f203 : c8               [ 2] 	iny
f204 :                       df_rt_def_got_var
f204 : 4980             [ 2] 	eor #0x80			; If was set by '&' qualifier then w
f206 : 9d0009           [ 5] 	sta scratch,x		; Save parm type (by value or ref
                             	; get address and save in scratch
f209 : c8               [ 2] 	iny
f20a : b1bc             [ 5] 	lda (df_currlin),y
f20c : 9d2009           [ 5] 	sta scratch+32,x	; Hope 32 params is enough! :-)
f20f : c8               [ 2] 	iny
f210 : b1bc             [ 5] 	lda (df_currlin),y
f212 : 9d4009           [ 5] 	sta scratch+64,x
f215 : e8               [ 2] 	inx
f216 : e6c2             [ 5] 	inc df_procargs
f218 : d0d8             [ 4] 	bne df_rt_def_find_var  ; always - relies not ze
f21a :                       df_rt_def_parm_done
                             	; save index that we got to
f21a : 84be             [ 3] 	sty df_exeoff
                             	; save def param list position in temp
f21c : 86c1             [ 3] 	stx df_procmode
                             	; all var indices on the operator stack
                             	; now load up variables with parameters
                             	; initially assume no locals
f21e : a900             [ 2] 	lda #0
f220 : 85c3             [ 3] 	sta df_procloc
f222 :                       df_rt_def_load_var
f222 : c6c2             [ 5] 	dec df_procargs
f224 : f02f             [ 3] 	beq df_rt_def_load_var_done
                             	; get var address
f226 : c6c1             [ 5] 	dec df_procmode
f228 : a6c1             [ 3] 	ldx df_procmode
f22a : bd2009           [ 4] 	lda scratch+32,x
f22d : 85d7             [ 3] 	sta df_tmpptra
f22f : bd4009           [ 4] 	lda scratch+64,x
f232 : 85d8             [ 3] 	sta df_tmpptra+1
                             	
f234 : bd0009           [ 4] 	lda scratch,x
                             	; if MSB is clear then this is not a local varia
                             	; so just go an initialise with stacking
f237 : 1009             [ 3] 	bpl df_rt_def_initialise_parm
                             	; else call the local handling code to 
                             	; push the var address on to the runtime stack
f239 : a6d7             [ 3] 	ldx df_tmpptra
f23b : a5d8             [ 3] 	lda df_tmpptra+1
f23d : 2089f2           [ 6] 	jsr df_rt_proc_local
                             	; increment number of locals
f240 : e6c3             [ 5] 	inc df_procloc
f242 :                       df_rt_def_initialise_parm
                             	; load type
f242 : a000             [ 2] 	ldy #DFVVT_TYPE
f244 : b1d7             [ 5] 	lda (df_tmpptra),y
f246 : a8               [ 2] 	tay					; Put the type into Y
f247 : 20fdf2           [ 6] 	jsr df_ost_popParmX	; Try to get this off the st
                             	; update the variable
f24a : a002             [ 2] 	ldy #DFVVT_HI
f24c : 91d7             [ 5] 	sta (df_tmpptra),y
f24e : 88               [ 2] 	dey
f24f : 8a               [ 2] 	txa
f250 : 91d7             [ 5] 	sta (df_tmpptra),y
AS65 Assembler for R6502 [1.42].                                     Page  191
---------------------------------- bank1.s -----------------------------------

                             
f252 : 4c22f2           [ 3] 	jmp df_rt_def_load_var
f255 :                       df_rt_def_load_var_done
                             	; save the number of local parameters found so t
                             	; be unloaded when the proc ends
f255 : a5c3             [ 3] 	lda df_procloc
f257 : 209df2           [ 6] 	jsr df_rst_pushByte
                             	; continue with next statement
f25a : 18               [ 2] 	clc
f25b : 60               [ 6] 	rts
                             
                             	
                             ; return a value
f25c :                       df_rt_return
                             	; evaluate the return and put on the parameter s
                             	; then process this like an end of procedure
f25c : 207fd9           [ 6] 	jsr df_rt_neval
                             ; end def for a proc
f25f :                       df_rt_enddef
                             	; unload any locals
                             ;	jsr df_rt_proc_unlocal
                             	; nothing to do - main loop will terminate
                             ;	clc
                             ;	rts
                             ; enddef falls through to the unlocal code	
                             	
                             ; unload any local variables from runtime stack
                             ;df_rt_proc_unlocal
f25f : 20a6f2           [ 6] 	jsr df_rst_popByte
f262 : aa               [ 2] 	tax
f263 : f020             [ 3] 	beq df_rt_proc_unload_done
f265 :                       df_rt_proc_unloadvar
f265 : 8a               [ 2] 	txa
f266 : 48               [ 3] 	pha
                             	; var value is popped first then index
                             	; get a word and put in tmpb
f267 : 20c3f2           [ 6] 	jsr df_rst_popWord
f26a : 86d9             [ 3] 	stx df_tmpptrb
f26c : 85da             [ 3] 	sta df_tmpptrb+1
                             	; get the var address
f26e : 20c3f2           [ 6] 	jsr df_rst_popWord
f271 : 86d7             [ 3] 	stx df_tmpptra
f273 : 85d8             [ 3] 	sta df_tmpptra+1
                             	; store lo byte first
f275 : a001             [ 2] 	ldy #DFVVT_LO
f277 : a5d9             [ 3] 	lda df_tmpptrb
f279 : 91d7             [ 5] 	sta (df_tmpptra),y
                             	; then hi
f27b : c8               [ 2] 	iny
f27c : a5da             [ 3] 	lda df_tmpptrb+1
f27e : 91d7             [ 5] 	sta (df_tmpptra),y
                             	; restore counter
f280 : 68               [ 4] 	pla
f281 : aa               [ 2] 	tax
f282 : ca               [ 2] 	dex
f283 : d0e0             [ 3] 	bne df_rt_proc_unloadvar
f285 :                       df_rt_proc_unload_done
f285 : 68               [ 4] 	pla					; Pull the return address off stack
f286 : 68               [ 4] 	pla					; to get to the previous level
f287 : 18               [ 2] 	clc
f288 : 60               [ 6] 	rts
                             	
AS65 Assembler for R6502 [1.42].                                     Page  192
---------------------------------- bank1.s -----------------------------------

                             ; push a local variable to the runtime stack
                             ; X,A = var slot
f289 :                       df_rt_proc_local
                             	; save address
f289 : 86d7             [ 3] 	stx df_tmpptra
f28b : 85d8             [ 3] 	sta df_tmpptra+1
                             	; push var slot on rt stack
f28d : 20b5f2           [ 6] 	jsr df_rst_pushWord
f290 :                       df_rt_proc_local_load	
                             	; load x,a with var value lo,hi
f290 : a001             [ 2] 	ldy #DFVVT_LO
f292 : b1d7             [ 5] 	lda (df_tmpptra),y
f294 : aa               [ 2] 	tax
f295 : c8               [ 2] 	iny
f296 : b1d7             [ 5] 	lda (df_tmpptra),y
                             	; push word on to rt stack
f298 : 20b5f2           [ 6] 	jsr df_rst_pushWord
f29b : 18               [ 2] 	clc
f29c : 60               [ 6] 	rts
                             		
f29d :                       mod_sz_proc_e
                             
                             
f29d :                       mod_sz_runtime_e
                             
                             
                             
                             	include "dflat/stack.s"
                             ;************************************************
                             ;*
                             ;*	BBC-128
                             ;*	Dolo Miah (@6502Nerd)
                             ;*	Copyright (c) 2020
                             ;*  Free to use for any non-commercial purpose su
                             ;*  credit of original my authorship please!
                             ;*
                             ;*  STACK.S
                             ;*  This module implements the dflat software sta
                             ;*  needs a few stacks:
                             ;*  - 6502 stack for expression parsing and reent
                             ;*  - dflat runtime stack for things like for/nex
                             ;*  - dflat parameter stack for passing parameter
                             ;*  The two software stacks are implemented in th
                             ;*  with the operator stack growing up from 0 and
                             ;*  runtime stack growing down from 255.  Hopeful
                             ;*  don't meet as there are no checks for this at
                             ;*  purely because I want speed over friendliness
                             ;*  I may come to regret this!
                             ;*  I have also added the only runtime memory all
                             ;*  needed by dflat here.  Humourously I have cal
                             ;*  which is taken from the C language, but it's 
                             ;*  grab some memory after end the of dflat progr
                             ;*  arrays - which of course cannot have storage 
                             ;*  tokenisation time (e.g. because I dimension a
                             ;*  a size from a variable).
                             ;*
                             ;************************************************
                             
                             	; ROM code
                             	code  
                             
                             
AS65 Assembler for R6502 [1.42].                                     Page  193
---------------------------------- bank1.s -----------------------------------

                             ;****************************************
                             ;* Push a byte on to runtime stack
                             ;* A = byte
                             ;****************************************
f29d :                       df_rst_pushByte
f29d : a4ac             [ 3] 	ldy df_rtstop
f29f : 99000b           [ 5] 	sta df_rtstck,y
f2a2 : 88               [ 2] 	dey
f2a3 : 84ac             [ 3] 	sty df_rtstop
f2a5 : 60               [ 6] 	rts
                             
                             ;****************************************
                             ;* Pop a byte off runtime stack
                             ;* A = byte
                             ;****************************************
f2a6 :                       df_rst_popByte
f2a6 : a4ac             [ 3] 	ldy df_rtstop
f2a8 : c8               [ 2] 	iny
f2a9 : b9000b           [ 4] 	lda df_rtstck,y
f2ac : 84ac             [ 3] 	sty df_rtstop
f2ae : 60               [ 6] 	rts
                             
                             ;****************************************
                             ;* Peek a byte off runtime stack
                             ;* A = byte
                             ;****************************************
f2af :                       df_rst_peekByte
f2af : a4ac             [ 3] 	ldy df_rtstop
                             	; Look at what is below top of stack
                             	; below means the next address up as
                             	; this stack grows downwards like 6502
f2b1 : b9010b           [ 4] 	lda df_rtstck+1,y
f2b4 : 60               [ 6] 	rts
                             	
                             ;****************************************
                             ;* Push a word on to runtime stack
                             ;* X,A = word lo,hi
                             ;****************************************
f2b5 :                       df_rst_pushWord
f2b5 : a4ac             [ 3] 	ldy df_rtstop
f2b7 : 99000b           [ 5] 	sta df_rtstck,y
f2ba : 88               [ 2] 	dey
f2bb : 8a               [ 2] 	txa
f2bc : 99000b           [ 5] 	sta df_rtstck,y
f2bf : 88               [ 2] 	dey
f2c0 : 84ac             [ 3] 	sty df_rtstop
f2c2 : 60               [ 6] 	rts
                             
                             ;****************************************
                             ;* Pop a word off runtime stack
                             ;* X,A = word lo,hi
                             ;****************************************
f2c3 :                       df_rst_popWord
f2c3 : a4ac             [ 3] 	ldy df_rtstop
f2c5 : c8               [ 2] 	iny
f2c6 : be000b           [ 4] 	ldx df_rtstck,y
f2c9 : c8               [ 2] 	iny
f2ca : b9000b           [ 4] 	lda df_rtstck,y
f2cd : 84ac             [ 3] 	sty df_rtstop
f2cf : 60               [ 6] 	rts
                             
                             ;****************************************
AS65 Assembler for R6502 [1.42].                                     Page  194
---------------------------------- bank1.s -----------------------------------

                             ;* Push a string pointer on to parm stack
                             ;* X,A - int
                             ;****************************************
f2d0 :                       df_ost_pushStr
f2d0 : a004             [ 2] 	ldy #DFST_STR
f2d2 : d009             [ 3] 	bne df_ost_pushParmX		; ALWAYS!
                             
                             ;****************************************
                             ;* Push a general pointer on to parm stack
                             ;* X,A - int
                             ;****************************************
f2d4 :                       df_ost_pushPtr
f2d4 : a0ff             [ 2] 	ldy #DFST_PTR
f2d6 : d005             [ 3] 	bne df_ost_pushParmX		; ALWAYS!
                             	
                             ;****************************************
                             ;* Push A on to parm stack
                             ;* X,A - int
                             ;****************************************
f2d8 :                       df_ost_pushIntA
f2d8 : aa               [ 2] 	tax
f2d9 : a900             [ 2] 	lda #0
                             	; ***FALLS THROUGH TO NEXT ROUTINE***
                             
                             ;****************************************
                             ;* Push an int on to parm stack
                             ;* X,A - int
                             ;****************************************
f2db :                       df_ost_pushInt
f2db : a003             [ 2] 	ldy #DFST_INT
                             	; ***FALLS THROUGH TO NEXT ROUTINE***
                             
                             ;****************************************
                             ;* Push a parameter on to parm stack
                             ;* X,A - int
                             ;* Y - type
                             ;****************************************
f2dd :                       df_ost_pushParmX
f2dd : 48               [ 3] 	pha				; Save A
f2de : 5a               [ 3] 	phy				; Save Y
                             ;	sty tmp_d		; Save Type
f2df : a4ad             [ 3] 	ldy df_parmtop	; Get stack index
                             	; push high byte first (A)
f2e1 : 99000b           [ 5] 	sta df_rtstck,y
f2e4 : c8               [ 2] 	iny
                             	; push low byte next (X)
f2e5 : 8a               [ 2] 	txa
f2e6 : 99000b           [ 5] 	sta df_rtstck,y
f2e9 : c8               [ 2] 	iny
                             ;	lda tmp_d		; get Type
f2ea : 68               [ 4] 	pla				; Get Type
f2eb : 99000b           [ 5] 	sta df_rtstck,y
f2ee : c8               [ 2] 	iny
                             	; save new top of stack
f2ef : 84ad             [ 3] 	sty df_parmtop
f2f1 : 68               [ 4] 	pla				; restore A
f2f2 : 60               [ 6] 	rts
                             
                             ;****************************************
                             ;* Pop a string pointer off parm stack
                             ;* X,A - int
                             ;****************************************
AS65 Assembler for R6502 [1.42].                                     Page  195
---------------------------------- bank1.s -----------------------------------

f2f3 :                       df_ost_popStr
f2f3 : a904             [ 2] 	lda #DFST_STR
f2f5 : d006             [ 3] 	bne df_ost_popParmX			; ALWAYS!
                             	
                             ;****************************************
                             ;* Pop a general pointer off parm stack
                             ;* X,A - int
                             ;****************************************
f2f7 :                       df_ost_popPtr
f2f7 : a9ff             [ 2] 	lda #0xff
f2f9 : d002             [ 3] 	bne df_ost_popParmX			; ALWAYS!
                             		
                             ;****************************************
                             ;* Pop an int off parm stack
                             ;* X,A - int
                             ;****************************************
f2fb :                       df_ost_popInt
f2fb : a903             [ 2] 	lda #DFST_INT
                             	; ***FALL THROUGH TO NEXT ROUTINE***
                             
                             ;****************************************
                             ;* Pop parameter from the stack
                             ;* X,A - int
                             ;* A - type expected
                             ;****************************************
f2fd :                       df_ost_popParmX
f2fd : a4ad             [ 3] 	ldy df_parmtop
                             	; pull type first
f2ff : 88               [ 2] 	dey
f300 : 39000b           [ 4] 	and df_rtstck,y
f303 : f00b             [ 3] 	beq df_st_typemismatcherr
                             	; pull low byte first
f305 : 88               [ 2] 	dey
f306 : be000b           [ 4] 	ldx df_rtstck,y
                             	; pull high byte next
f309 : 88               [ 2] 	dey
f30a : b9000b           [ 4] 	lda df_rtstck,y
                             	; save new top of stack
f30d : 84ad             [ 3] 	sty df_parmtop
f30f : 60               [ 6] 	rts
f310 :                       df_st_typemismatcherr
                             	SWBRK DFERR_TYPEMISM
                             
                             
                             ;****************************************
                             ;* Return type on top of stack
                             ;* A - type
                             ;****************************************
f312 :                       df_ost_peekType
f312 : a4ad             [ 3] 	ldy df_parmtop
f314 : b9ff0a           [ 4] 	lda df_rtstck-1,y
f317 : 60               [ 6] 	rts
                             
                             ;****************************************
                             ;* Allocate space on the heap
                             ;* X, A = Number of bytes to allocate
                             ;* X, A return address of allocated space
                             ;****************************************
f318 :                       df_st_malloc
                             	; save A in Y
f318 : a8               [ 2] 	tay
                             	; save old starend
AS65 Assembler for R6502 [1.42].                                     Page  196
---------------------------------- bank1.s -----------------------------------

f319 : a5ab             [ 3] 	lda df_starend+1
f31b : 48               [ 3] 	pha
f31c : a5aa             [ 3] 	lda df_starend
f31e : 48               [ 3] 	pha
                             	; restore A from Y
f31f : 98               [ 2] 	tya
                             	; add X,A to starend
f320 : 48               [ 3] 	pha
f321 : 8a               [ 2] 	txa
f322 : 18               [ 2] 	clc
f323 : 65aa             [ 3] 	adc df_starend
f325 : 85aa             [ 3] 	sta df_starend
f327 : 68               [ 4] 	pla
f328 : 65ab             [ 3] 	adc df_starend+1
f32a : 85ab             [ 3] 	sta df_starend+1
                             	; return old starend as start of space
f32c : 68               [ 4] 	pla
f32d : aa               [ 2] 	tax
f32e : 68               [ 4] 	pla
f32f : 60               [ 6] 	rts
                             	
                             
                             ;****************************************
                             ;* df_init
                             ;* Initialise dflat language settings
                             ;****************************************
f330 :                       df_init
                             	; Initialise top of memory to default
                             	; This can be overridden by himem command
f330 : a900             [ 2] 	lda #lo(DF_MEMTOP)
f332 : 8db40c           [ 4] 	sta df_memtop
f335 : a9c0             [ 2] 	lda #hi(DF_MEMTOP)
f337 : 8db50c           [ 4] 	sta df_memtop+1
                             
                             	; Init program space
f33a : 203df3           [ 6] 	jsr df_clear
                             
                             	; Initialise assembler
                             ;	jsr asm_init
                             
                             ;	rts
                             
                             
                             ;****************************************
                             ;* df_clear
                             ;* Initialise program space
                             ;****************************************
f33d :                       df_clear
                             	; Start of program space
f33d : a9b6             [ 2] 	lda #lo(DF_PROGSTART)
f33f : 859b             [ 3] 	sta df_prgstrt
f341 : 859d             [ 3] 	sta df_prgend
f343 : a90c             [ 2] 	lda #hi(DF_PROGSTART)
f345 : 859c             [ 3] 	sta df_prgstrt+1
f347 : 859e             [ 3] 	sta df_prgend+1
                             	; Terminal value in prog space
f349 : a900             [ 2] 	lda #0
f34b : a8               [ 2] 	tay
f34c : 919b             [ 5] 	sta (df_prgstrt),y
                             	; No variables - zero the count
f34e : 85a7             [ 3] 	sta df_varcnt
                             
AS65 Assembler for R6502 [1.42].                                     Page  197
---------------------------------- bank1.s -----------------------------------

                             	; Variable value table
                             	; Grows down from mem top
f350 : adb40c           [ 4] 	lda df_memtop
f353 : 85a3             [ 3] 	sta df_vvtstrt
f355 : 85a5             [ 3] 	sta df_vvtend
f357 : adb50c           [ 4] 	lda df_memtop+1
f35a : 85a4             [ 3] 	sta df_vvtstrt+1
f35c : 85a6             [ 3] 	sta df_vvtend+1
                             
                             	; Variable name table
                             	; Grows down from mem top
f35e : a5a3             [ 3] 	lda df_vvtstrt
f360 : 859f             [ 3] 	sta df_vntstrt
f362 : 85a1             [ 3] 	sta df_vntend
f364 : a5a4             [ 3] 	lda df_vvtstrt+1
f366 : 85a0             [ 3] 	sta df_vntstrt+1
f368 : 85a2             [ 3] 	sta df_vntend+1
                             
                             	; String accumulator
f36a : a900             [ 2] 	lda #lo(scratch)
f36c : 85b0             [ 3] 	sta df_sevalptr
f36e : a909             [ 2] 	lda #hi(scratch)
f370 : 85b1             [ 3] 	sta df_sevalptr+1
                             
f372 : 60               [ 6] 	rts
                             
f373 :                       mod_sz_dflat_e
                             
                             	include "dflat\error.s"
                             ;************************************************
                             ;*
                             ;*	BBC128
                             ;*	Dolo Miah (@6502Nerd)
                             ;*	Copyright (c) 2020
                             ;*  Free to use for any non-commercial purpose su
                             ;*  credit of original my authorship please!
                             ;*
                             ;*  ERROR.S
                             ;*  Error handling module.
                             ;*  Whan an error is thrown using BRK, this modul
                             ;*  displaying the error plus any associated line
                             ;*  if it was running a program.  It then resets 
                             ;*  settings and takes the system back to program
                             ;*  mode.  The message uses the general IO handle
                             ;*  output must be set to the right place else fo
                             ;*	the error message will be written to tape!
                             ;*
                             ;************************************************
                             
                             	; ROM code
                             	code
                             	include "dflat/error.i"
                             ;************************************************
                             ;*
                             ;*	BBC128
                             ;*	Dolo Miah (@6502Nerd)
                             ;*	Copyright (c) 2020
                             ;*  Free to use for any non-commercial purpose su
                             ;*  credit of original my authorship please!
                             ;*
                             ;*  ERROR.I
                             ;*  Error definitions file.
AS65 Assembler for R6502 [1.42].                                     Page  198
---------------------------------- bank1.s -----------------------------------

                             ;*  The macro to throw an error is elswhere, but 
                             ;*  It issues a 6502 BRK commmand with the next b
                             ;*  the error code.  The BRK handler then picks u
                             ;*  code and shows the appropriate message plus a
                             ;*  number if a program was running.
                             ;*
                             ;************************************************
                             
                             	; ROM code
                             	code  
                             
                             ; Error message numbers
0000 =                       DFERR_OK		=	0
0001 =                       DFERR_SYNTAX	=	1
0002 =                       DFERR_TYPEMISM	=	2
0003 =                       DFERR_DIM		=	3
0004 =                       DFERR_UNTIL		=	4
0005 =                       DFERR_NOPROC	=	5
0006 =                       DFERR_PROCPARM	=	6
0007 =                       DFERR_IMMEDIATE	=	7
0008 =                       DFERR_UNCLOSEDIF=	8
0009 =                       DFERR_NOIF		=	9
000a =                       DFERR_NEXTFOR	=	10
000b =                       DFERR_FNAME		=	11
000c =                       DFERR_STRLONG	=	12
000d =                       DFERR_BREAK		=	13
000e =                       DFERR_NODATA	=	14
000f =                       DFERR_WEND		=	15
0010 =                       DFERR_NOLINE	=	16
0011 =                       DFERR_RETURN	=	17
0012 =                       DFERR_ABORT		=	18
0013 =                       DFERR_QUANTITY	=	19
0014 =                       DFERR_NOORG		=	20
                             
                             
                             
                             
                             
                             ; Error message table, each msg null terminated
f373 :                       df_tk_errortab
f373 : 4f6b00                	db	"Ok", 0
f376 : 53796e74617800        	db	"Syntax", 0
f37d : 5479706500            	db	"Type", 0
f382 : 52652d64696d00        	db	"Re-dim", 0
f389 : 4e6f2072657065..      	db	"No repeat", 0
f393 : 4e6f206465666e00      	db	"No defn", 0
f39b : 5061726d00            	db	"Parm", 0
f3a0 : 456e64656400          	db	"Ended", 0
f3a6 : 4e6f20656e6469..      	db	"No endif", 0
f3af : 4e6f20696600          	db	"No if", 0
f3b5 : 4e6f20666f7200        	db	"No for", 0
f3bc : 4e6f7420666f75..      	db	"Not found", 0
f3c6 : 546f6f206c6f6e..      	db	"Too long", 0
f3cf : 427265616b00          	db	"Break", 0
f3d5 : 4e6f206461746100      	db	"No data", 0
f3dd : 4e6f207768696c..      	db	"No while", 0
f3e6 : 4e6f206c696e6500      	db	"No line", 0
f3ee : 4e6f2072657475..      	db	"No return ", 0
f3f9 : 41626f7274656400      	db	"Aborted", 0
f401 : 426f756e647300        	db	"Bounds", 0
f408 : 4e6f206f726700        	db	"No org", 0
f40f : 00                    	db	0
AS65 Assembler for R6502 [1.42].                                     Page  199
---------------------------------- bank1.s -----------------------------------

                             
f410 :                       df_tk_error_inline
f410 : 20696e206c696e..      	db	" in line ", 0
f41a :                       df_tk_error_atpos
f41a : 20706f732000          	db	" pos ", 0
f420 :                       df_tk_error_error
f420 : 206572726f7200        	db	" error", 0
                             
                             ;****************************************
                             ;* df_trap_error
                             ;* Show an error message
                             ;* errno is error number
                             ;* currlin = Line number
                             ;* exeoff = offset
                             ;* at the end jump to program editor
                             ;****************************************
f427 :                       df_trap_error
                             	; set IO back to normal
f427 : 2075c5           [ 6] 	jsr io_set_default
f42a : 58               [ 2] 	cli
                             
f42b : a973             [ 2] 	lda #lo(df_tk_errortab)
f42d : 85d7             [ 3] 	sta df_tmpptra
f42f : a9f3             [ 2] 	lda #hi(df_tk_errortab)
f431 : 85d8             [ 3] 	sta df_tmpptra+1
f433 : a693             [ 3] 	ldx errno				; 0 or >=128 goes to monitor
f435 : f002             [ 3] 	beq df_trap_go_monitor
f437 : 1003             [ 3] 	bpl df_trap_normal
f439 :                       df_trap_go_monitor
f439 : 4cb8f4           [ 3] 	jmp df_trap_monitor
f43c :                       df_trap_normal
f43c : a000             [ 2] 	ldy #0
f43e :                       df_show_err_find
                             	; If on a zero, then error table exhausted
                             	; so drop in to the monitor
f43e : b1d7             [ 5] 	lda (df_tmpptra),y
f440 : f076             [ 3] 	beq df_trap_monitor
                             	; Skip over this error text including zero termi
f442 :                       df_show_err_skip
                             	_incZPWord df_tmpptra
                             
f448 : b1d7             [ 5] 	lda (df_tmpptra),y
f44a : d0f6             [ 3] 	bne df_show_err_skip
                             	_incZPWord df_tmpptra
                             
f452 : ca               [ 2] 	dex
f453 : d0e9             [ 3] 	bne df_show_err_find
                             	; Error message found
f455 : a6d7             [ 3] 	ldx df_tmpptra
f457 : a5d8             [ 3] 	lda df_tmpptra+1
f459 : 20dec5           [ 6] 	jsr io_print_line
f45c : a220             [ 2] 	ldx #lo(df_tk_error_error)
f45e : a9f4             [ 2] 	lda #hi(df_tk_error_error)
f460 : 20dec5           [ 6] 	jsr io_print_line
                             	; if line number <> 0 then print it
f463 : a001             [ 2] 	ldy #DFTK_LINNUM
f465 : b1bc             [ 5] 	lda (df_currlin),y
f467 : aa               [ 2] 	tax
f468 : c8               [ 2] 	iny
f469 : b1bc             [ 5] 	lda (df_currlin),y
f46b : d004             [ 3] 	bne df_show_err_linnum
f46d : e000             [ 2] 	cpx #0x00
AS65 Assembler for R6502 [1.42].                                     Page  200
---------------------------------- bank1.s -----------------------------------

f46f : f011             [ 3] 	beq df_show_err_fin
f471 :                       df_show_err_linnum
                             	_println df_tk_error_inline
                             
f47e : 18               [ 2] 	clc
f47f : 2056cb           [ 6] 	jsr print_a_to_d
f482 :                       df_show_err_fin
f482 : a4b2             [ 3] 	ldy df_linoff
f484 : f02b             [ 3] 	beq df_show_err_done
                             	_println df_tk_error_atpos
                             
f493 : 98               [ 2] 	tya
f494 : aa               [ 2] 	tax
f495 : a900             [ 2] 	lda #0
f497 : 18               [ 2] 	clc
f498 : 2056cb           [ 6] 	jsr print_a_to_d
f49b : 209fc8           [ 6] 	jsr utilPrintCRLF
f49e : a000             [ 2] 	ldy #0
                             	; Show the error line with error pos inverse
f4a0 :                       def_show_err_line
f4a0 : b9000a           [ 4] 	lda df_linbuff,y
f4a3 : f00c             [ 3] 	beq df_show_err_done
f4a5 : c4b2             [ 3] 	cpy df_linoff
f4a7 : d002             [ 3] 	bne def_show_err_line_skip
f4a9 : 0980             [ 2] 	ora #0x80
f4ab :                       def_show_err_line_skip
f4ab : 2093c5           [ 6] 	jsr io_put_ch
f4ae : c8               [ 2] 	iny
f4af : d0ef             [ 3] 	bne def_show_err_line	; Always
f4b1 :                       df_show_err_done
f4b1 : 209fc8           [ 6] 	jsr utilPrintCRLF
f4b4 : 18               [ 2] 	clc
                             	; back to editor
f4b5 : 4c5cd8           [ 3] 	jmp df_pg_dflat
                             
                             
                             ; For unknown errors, jump to monitor
f4b8 :                       df_trap_monitor
                             	; Print PC
                             	_println_low df_msg_pc
                             
f4bf : a599             [ 3] 	lda df_brkpc+1
f4c1 : 20a7c8           [ 6] 	jsr utilPrintA
f4c4 : a598             [ 3] 	lda df_brkpc
f4c6 : 20a7c8           [ 6] 	jsr utilPrintA
f4c9 : 2097c8           [ 6] 	jsr utilPrintSPC
                             
                             	; Print A
                             	_println_low df_msg_acc
                             
f4d3 : a579             [ 3] 	lda num_a
f4d5 : 20a7c8           [ 6] 	jsr utilPrintA
f4d8 : 2097c8           [ 6] 	jsr utilPrintSPC
                             
                             	; Print X
                             	_println_low df_msg_xreg
                             
f4e2 : a57a             [ 3] 	lda num_a+1
f4e4 : 20a7c8           [ 6] 	jsr utilPrintA
f4e7 : 2097c8           [ 6] 	jsr utilPrintSPC
                             
                             	; Print Y
AS65 Assembler for R6502 [1.42].                                     Page  201
---------------------------------- bank1.s -----------------------------------

                             	_println_low df_msg_yreg
                             
f4f1 : a57b             [ 3] 	lda num_a+2
f4f3 : 20a7c8           [ 6] 	jsr utilPrintA
f4f6 : 209fc8           [ 6] 	jsr utilPrintCRLF
                             
f4f9 : 20dbe0           [ 6] 	jsr df_rt_monitor
                             	; back to editor
f4fc : 4c5cd8           [ 3] 	jmp df_pg_dflat
                             
f4ff :                       df_msg_pc
f4ff : 50433a00              	db "PC:\x0"
f503 :                       df_msg_acc
f503 : 413a00                	db "A:\x0"
f506 :                       df_msg_xreg
f506 : 583a00                	db "X:\x0"
f509 :                       df_msg_yreg
f509 : 593a00                	db "Y:\x0"
                             
                             	include	"dflat\asm.s"
                             ;************************************************
                             ;*
                             ;*	BBC-128 HOMEBREW COMPUTER
                             ;*	Hardware and software design by @6502Nerd (Dol
                             ;*	Copyright 2014-20
                             ;*  Free to use for any non-commercial purpose su
                             ;*  appropriate credit of my authorship please!
                             ;*
                             ;*  ASM.S
                             ;*  This is the main controller code file for the
                             ;*  This file includes all the required source fi
                             ;*	in addition to dflat.s
                             ;*
                             ;************************************************
                             
                             	; ROM code
                             	code  
                             
f50c :                       mod_sz_asm_s
                             
                             	;	dflat.s is already included, so just the addit
                             	include "dflat\asm.i"
                             ;*	BBC-128 BREADBOARD COMPUTER
                             ;*	Hardware and software design by @6502Nerd (Dol
                             ;*	Copyright 2014-20
                             ;*  Free to use for any non-commercial purpose su
                             ;*  appropriate credit of my authorship please!
                             
                             ;* Addressing modes - 15 in total, 16 with direct
                             ;*  0   Nothing
                             ;*	1 	Absolute			XXX <word>
                             ;*	2 	Absolute,X			XXX <word>,x
                             ;*	3 	Absolute,Y			XXX <word>,y
                             ;*	4	Zeropage			XXX	<byte>
                             ;*	5	Zeropage,X			XXX	<byte>,x
                             ;*	6	Zeropage,Y			XXX	<byte>,y
                             ;*	7	Indirect			XXX	(<byte>)
                             ;*	8	Indirect,X			XXX	(<byte>,x)
                             ;*	9	Indirect,Y			XXX	(<byte>),y
                             ;*	A	Absolute indirect	XXX	(<word>)
                             ;*	B	Absolute indirect,x	XXX	(<word>,x)
                             ;*	C	Immediate			XXX #<byte>
AS65 Assembler for R6502 [1.42].                                     Page  202
---------------------------------- bank1.s -----------------------------------

                             ;*	D	Accumulator			XXX (same as implied)
                             ;*	E	Implied				XXX
                             ;*	F	Relative			XXX	<byte>
                             ;*	10	Assembler directive	XXX .......
                             
0000 =                       AM_NONE		= 0
0001 =                       AM_ABS	 	= 1
0002 =                       AM_ABSX		= 2
0003 =                       AM_ABSY		= 3
0004 =                       AM_ZP		= 4
0005 =                       AM_ZPX		= 5
0006 =                       AM_ZPY		= 6
0007 =                       AM_ZPIND	= 7
0008 =                       AM_ZPINDX	= 8
0009 =                       AM_ZPINDY	= 9
000a =                       AM_ABSIND	= 10
000b =                       AM_ABSINDX	= 11
000c =                       AM_IMM		= 12
000d =                       AM_ACC		= 13
000d =                       AM_IMP		= AM_ACC
000f =                       AM_REL		= 15
0010 =                       AM_DIR		= 16
                             
                             
                             
                             	include "dflat\tkasm.s"
                             ;************************************************
                             ;*
                             ;*	BBC-128 HOMEBREW COMPUTER
                             ;*	Hardware and software design by @6502Nerd (Dol
                             ;*	Copyright 2014-20
                             ;*  Free to use for any non-commercial purpose su
                             ;*  appropriate credit of my authorship please!
                             ;*
                             ;*  ASM.S
                             ;*	Module that implements tokenisation of the ass
                             ;* 	The assembler is an extension to dflat, almos
                             ;*	almost a language within a language, as it has
                             ;*	own symbol tables to allow adding new keywords
                             ;*	running out of space in the main symtol table 
                             ;*	for normal 6502 asembler syntax which is at od
                             ;*	regular dflat.
                             ;*	Hence, this module has to do its own additiona
                             ;*	to tokenise the assembly.
                             ;*
                             ;************************************************
                             
                             	; ROM code
                             	code  
                             
f50c :                       mod_sz_tkasm_s
                             
                             	; if didn't find regular keywords then try assen
f50c :                       df_tk_asm_parse_command
                             ;	; skip the white space after the dot
                             ;	jsr df_tk_skip_ws
                             	; find the assembler symbol
f50c : 2041f5           [ 6] 	jsr df_tk_asm_matchtok
                             	; if no match with asm token they maybe a label?
f50f : b01d             [ 3] 	bcs df_tk_asm_label
f511 :                       df_tk_asm_found_command
                             	; Before asm keyword, put the asm handler token
AS65 Assembler for R6502 [1.42].                                     Page  203
---------------------------------- bank1.s -----------------------------------

f511 : a997             [ 2] 	lda #DFRT_ASM
f513 : 208cce           [ 6] 	jsr df_tk_put_tok
                             	; Set the MSB of found symbol index
f516 : a5b9             [ 3] 	lda df_symoff
f518 : 0980             [ 2] 	ora #0x80
f51a : 208cce           [ 6] 	jsr df_tk_put_tok
                             	; check the first addressing mode code
                             	; remember to jump over the offset byte
f51d : a001             [ 2] 	ldy #1
f51f : b1b7             [ 5] 	lda (df_symtab),y
                             	; Directive?
f521 : c910             [ 2] 	cmp #AM_DIR
f523 : d006             [ 3] 	bne df_tk_asm_mnemonic
                             	; if directive then process it
f525 : a5b9             [ 3] 	lda df_symoff
f527 : 4c98f5           [ 3] 	jmp df_tk_asm_exec_parser
f52a :                       df_tk_asm_parse_command_err
f52a : 60               [ 6] 	rts
f52b :                       df_tk_asm_mnemonic
                             	; for all nmemonics, work out the addressing mod
f52b : 4c9df5           [ 3] 	jmp df_tk_asm_addr_mode
                             
                             ; try to tokenise a label
f52e :                       df_tk_asm_label
                             	; labels must start with '.'
f52e : a92e             [ 2] 	lda #'.'
f530 : 20ffce           [ 6] 	jsr df_tk_expect
f533 : b0f5             [ 3] 	bcs df_tk_asm_parse_command_err
                             	; Before asm label, put the asm handler token
f535 : a997             [ 2] 	lda #DFRT_ASM
f537 : 208cce           [ 6] 	jsr df_tk_put_tok
f53a : e6b2             [ 5] 	inc df_linoff			;Skip the '.'
                             	; Tokenise a variable
f53c : a900             [ 2] 	lda #0
f53e : 4cc3cf           [ 3] 	jmp df_tk_var
                             
                             
                             ;****************************************
                             ;* df_tk_asm_matchtok
                             ;* Try and find a token match against the table d
                             ;* Input:
                             ;*			Current df_linbuff and df_linoff
                             ;* Return: 	CC = No Error, CS = Error
                             ;*			df_linoff points to next char if CC else unc
                             ;****************************************
f541 :                       df_tk_asm_matchtok
                             	; Start at token symbols beginning
f541 : a92b             [ 2] 	lda #lo(df_asm_tokensyms)
f543 : 85b7             [ 3] 	sta df_symtab
f545 : a9f9             [ 2] 	lda #hi(df_asm_tokensyms)
f547 : 85b8             [ 3] 	sta df_symtab+1
f549 : a900             [ 2] 	lda #0
f54b : 85b9             [ 3] 	sta df_symoff
f54d : a200             [ 2] 	ldx #0
f54f :                       df_tk_asm_checknexttok
                             	; From the line buffer current pointer
                             	; Check for a token match
f54f : a4b2             [ 3] 	ldy df_linoff
f551 :                       df_tk_asm_checktokch
                             	; Get symtable char
f551 : a1b7             [ 6] 	lda (df_symtab,x)
                             	; if less than ascii ' ' then reached end of
AS65 Assembler for R6502 [1.42].                                     Page  204
---------------------------------- bank1.s -----------------------------------

                             	; this symbol and everything matched so found!
f553 : c920             [ 2] 	cmp #' '
f555 : 9033             [ 3] 	bcc df_tk_asm_symfound
                             	; Else compare with current line buffer char
f557 : d9000a           [ 4] 	cmp df_linbuff,y
                             	; If chars not match then this symbol fails
f55a : d00a             [ 3] 	bne df_tk_asm_symnomatch
                             	; else more chars to match
                             	; so increment line buffer pointers
                             	_incZPWord df_symtab
                             
f562 : c8               [ 2] 	iny
f563 : 4c51f5           [ 3] 	jmp df_tk_asm_checktokch
f566 :                       df_tk_asm_symnomatch
                             	; Increment symbol counter to next symbol
f566 : e6b9             [ 5] 	inc df_symoff
f568 :                       df_tk_asm_symnextentry
f568 : a1b7             [ 6] 	lda (df_symtab,x)
                             	; End of symbol is < ' '
f56a : c920             [ 2] 	cmp #' '
f56c : 9009             [ 3] 	bcc  df_tk_asm_foundsymend
                             	_incZPWord df_symtab
                             
f574 : 4c68f5           [ 3] 	jmp df_tk_asm_symnextentry
f577 :                       df_tk_asm_foundsymend
                             	; Now at the offset to jump over addressing
                             	; mode and opcode values. Add offset to ptr
                             	; remember than C is clear and A has offset
                             	; set C so always jump over the offset
f577 : 38               [ 2] 	sec
f578 : 65b7             [ 3] 	adc df_symtab
f57a : 85b7             [ 3] 	sta df_symtab
f57c : a5b8             [ 3] 	lda df_symtab+1
f57e : 6900             [ 2] 	adc #0
f580 : 85b8             [ 3] 	sta df_symtab+1
                             	; If next char is not zero then
                             	; try and match with line buffer
f582 : a1b7             [ 6] 	lda (df_symtab,x)
f584 : d0c9             [ 3] 	bne df_tk_asm_checknexttok
                             	; else symbol table exhausted
                             	; so no match found
                             	; Zero symbol counter
f586 : 85b9             [ 3] 	sta df_symoff		; Relies on A=0
                             	; Set C to indicate error (no match)
f588 : 38               [ 2] 	sec
f589 : 60               [ 6] 	rts
f58a :                       df_tk_asm_symfound
                             	; Full match with keyword in symtable but
                             	; check the next buffer char is not alphanum
                             	; as this could be part of a symbol
                             	; Point to next buffer char in any case
                             	; y already points to char after keyword
f58a : b9000a           [ 4] 	lda df_linbuff,y
                             	; if it is an alphanum then
f58d : 20d1ce           [ 6] 	jsr df_tk_isalphanum
                             	; do not count as a match
f590 : b0d4             [ 3] 	bcs df_tk_asm_symnomatch
                             	; Save line buffer pointer (points to next char)
                             	; Clear C to indicate success (match)
f592 : 84b2             [ 3] 	sty df_linoff
f594 : a5b9             [ 3] 	lda df_symoff
                             	; df_symtab points to the offset
AS65 Assembler for R6502 [1.42].                                     Page  205
---------------------------------- bank1.s -----------------------------------

f596 :                       df_tk_asm_addr_mode_ok
f596 : 18               [ 2] 	clc
f597 : 60               [ 6] 	rts
                             
                             ;****************************************
                             ;* df_tk_asm_exec_parser
                             ;* Execute parse routine for this statement
                             ;* Input: a is the token found
                             ;* Return: CC = Parsed ok, CS = Error
                             ;****************************************
f598 :                       df_tk_asm_exec_parser
f598 : 0a               [ 2] 	asl a
f599 : aa               [ 2] 	tax
f59a : 7c9cfc           [ 6] 	jmp (df_tk_asm_tokenjmp,x)
                             
                             
                             ;****************************************
                             ;* df_tk_asm_addr_mode
                             ;* Tokenise the addressing mode
                             ;* Input: a is the token found
                             ;* Return: CC = Parsed ok, CS = Error
                             ;****************************************
f59d :                       df_tk_asm_addr_mode
f59d : 20ddce           [ 6] 	jsr df_tk_skip_ws		;Skip whitespace
f5a0 : c900             [ 2] 	cmp #0					;End of line?
f5a2 : f0f2             [ 3] 	beq df_tk_asm_addr_mode_ok
f5a4 : c93a             [ 2] 	cmp #':'				;End of statement?
f5a6 : f0ee             [ 3] 	beq df_tk_asm_addr_mode_ok
f5a8 : a923             [ 2] 	lda #'#'				; Check for immediate
f5aa : 200dcf           [ 6] 	jsr df_tk_expect_tok
f5ad : b003             [ 3] 	bcs df_tk_asm_addr_mode_1
f5af : 4cd4f5           [ 3] 	jmp df_tk_imm		; Process immediate
f5b2 :                       df_tk_asm_addr_mode_1
f5b2 : a928             [ 2] 	lda #'('				; One of indirect modes?
f5b4 : 200dcf           [ 6] 	jsr df_tk_expect_tok
f5b7 : b003             [ 3] 	bcs df_tk_asm_addr_mode_2
f5b9 : 4cd9f5           [ 3] 	jmp df_tk_indirect
f5bc :                       df_tk_asm_addr_mode_2
                             	; here just a regular address
                             	; Just one expression expected
f5bc : 200ad1           [ 6] 	jsr df_tk_expression
                             	; Is there a comma after the expression
f5bf : a92c             [ 2] 	lda #','
f5c1 : 200dcf           [ 6] 	jsr df_tk_expect_tok
f5c4 : b0d0             [ 3] 	bcs df_tk_asm_addr_mode_ok
                             	; must be x or y
f5c6 : a978             [ 2] 	lda #'x'
f5c8 : 200dcf           [ 6] 	jsr df_tk_expect_tok
f5cb : 90c9             [ 3] 	bcc df_tk_asm_addr_mode_ok
                             	; got to here, must be y
f5cd : a979             [ 2] 	lda #'y'
f5cf : 2018cf           [ 6] 	jsr df_tk_expect_tok_err
f5d2 : 18               [ 2] 	clc
f5d3 : 60               [ 6] 	rts
                             	
                             	
                             ;* Toeknise immediate addressing mode	
f5d4 :                       df_tk_imm
                             	; Just one expression expected
f5d4 : 200ad1           [ 6] 	jsr df_tk_expression
f5d7 : 18               [ 2] 	clc
f5d8 : 60               [ 6] 	rts
AS65 Assembler for R6502 [1.42].                                     Page  206
---------------------------------- bank1.s -----------------------------------

                             	
                             ;* Tokenise indirect
f5d9 :                       df_tk_indirect
                             	; Just one expression expected
f5d9 : 200ad1           [ 6] 	jsr df_tk_expression
                             	; Is there a comma after the expression
f5dc : a92c             [ 2] 	lda #','
f5de : 200dcf           [ 6] 	jsr df_tk_expect_tok
                             	; if not then might be indirect Y
f5e1 : b00c             [ 3] 	bcs df_tk_indirect_y
                             	; Else must have be indirect "x)"
f5e3 : a978             [ 2] 	lda #'x'
f5e5 : 2018cf           [ 6] 	jsr df_tk_expect_tok_err
f5e8 : a929             [ 2] 	lda #')'
f5ea : 2018cf           [ 6] 	jsr df_tk_expect_tok_err
f5ed : 18               [ 2] 	clc
f5ee : 60               [ 6] 	rts
                             	
f5ef :                       df_tk_indirect_y
                             	; Definitely has a close bracket
f5ef : a929             [ 2] 	lda #')'
f5f1 : 2018cf           [ 6] 	jsr df_tk_expect_tok_err
                             	; Is there a comma after the expression
f5f4 : a92c             [ 2] 	lda #','
f5f6 : 200dcf           [ 6] 	jsr df_tk_expect_tok
f5f9 : b007             [ 4] 	bcs df_tk_indirect_done
                             	; if comma then must be indirect y
f5fb : a979             [ 2] 	lda #'y'
f5fd : 2018cf           [ 6] 	jsr df_tk_expect_tok_err
f600 : 18               [ 2] 	clc
f601 : 60               [ 6] 	rts
                             
f602 :                       df_tk_indirect_done
f602 : 18               [ 2] 	clc
f603 : 60               [ 6] 	rts
                             	
                             
                             	
                             
                             
                             ;************************************************
                             ;*           TOKENISATION SUBROUTINES
                             ;************************************************
                             
                             
                             ;* HANDLE DIRECTIVES
                             
                             ;* All tokenisation is part of regular toksub rou
                             
                             
                             
                             
                             
                             
                             
                             
                             
                             
                             
                             
                             
                             
AS65 Assembler for R6502 [1.42].                                     Page  207
---------------------------------- bank1.s -----------------------------------

                             
                             
                             
                             
                             
                             
                             
                             
                             
                             
                             
                             
                             
                             
f604 :                       mod_sz_tkasm_e
                             
                             
                             	include "dflat\rtasm.s"
                             ;************************************************
                             ;*
                             ;*	BBC128
                             ;*	Dolo Miah (@6502Nerd)
                             ;*	Copyright (c) 2020
                             ;*  Free to use for any non-commercial purpose su
                             ;*  credit of original my authorship please!
                             ;*
                             ;*  RTASM.S
                             ;*  Module that implements the runtime execution 
                             ;*  assembler.
                             ;*
                             ;************************************************
                             
                             	; ROM code
                             	code  
                             
f604 :                       mod_sz_rtasm_s
                             
f604 :                       df_rt_asm_assemble
                             	; check if >=0x80 (directive or mnemonic)
f604 : a4be             [ 3] 	ldy df_exeoff
f606 : b1bc             [ 5] 	lda (df_currlin),y
f608 : 1009             [ 3] 	bpl df_rt_asm_do_label
f60a : 2017f6           [ 6] 	jsr df_rt_asm_command
f60d : 200ff8           [ 6] 	jsr df_rt_asm_printCR
f610 : 4c16f6           [ 3] 	jmp df_rt_asm_assemble_done
f613 :                       df_rt_asm_do_label
f613 : 203bf6           [ 6] 	jsr df_rt_asm_label
f616 :                       df_rt_asm_assemble_done
                             	; any clean up here
f616 : 60               [ 6] 	rts
                             
                             ; Jump to mnemonic or 
                             ; directive with index in A ignoring MSB
f617 :                       df_rt_asm_command
f617 : 297f             [ 2] 	and #0x7f
f619 : 48               [ 3] 	pha
f61a : aa               [ 2] 	tax
                             	; Point to Xth symtable entry of addr modes and 
f61b : 20ddf8           [ 6] 	jsr df_rt_asm_skip_to_sym
                             
                             	; Get first addressing mode (ignoring offset byt
f61e : a001             [ 2] 	ldy #1
AS65 Assembler for R6502 [1.42].                                     Page  208
---------------------------------- bank1.s -----------------------------------

f620 : b1b7             [ 5] 	lda (df_symtab),y
                             	; is it a directive?
f622 : c910             [ 2] 	cmp #AM_DIR
                             	; if directive
f624 : f003             [ 3] 	beq df_rt_asm_dir
                             	; Else must be a normal mnemonic
f626 : 4c03f7           [ 3] 	jmp df_rt_asm_mnem
                             
                             ; Jump to the appropriate directive
f629 :                       df_rt_asm_dir
                             	; Get the index and *2
                             	; to get jump vector
f629 : 68               [ 4] 	pla
f62a : 0a               [ 2] 	asl a
f62b : aa               [ 2] 	tax
                             	; jump over directive code
f62c : e6be             [ 5] 	inc df_exeoff
                             	; jump to directive handler
f62e : bda6fc           [ 4] 	lda df_rt_asm_tokenjmp,x
f631 : 85d7             [ 3] 	sta df_tmpptra
f633 : bda7fc           [ 4] 	lda df_rt_asm_tokenjmp+1,x
f636 : 85d8             [ 3] 	sta df_tmpptra+1
f638 : 6cd700           [ 6] 	jmp (df_tmpptra)
                             
                             ; Process label
                             ; Set the label to the PC
f63b :                       df_rt_asm_label
                             	; Get the address of the variable in A,X
f63b : 203ce6           [ 6] 	jsr df_rt_generate_lvar
f63e : 86d4             [ 3] 	stx df_asmoprnd
f640 : 85d5             [ 3] 	sta df_asmoprnd+1
                             	; Assign to value of PC
f642 : a000             [ 2] 	ldy #0
f644 : a5cf             [ 3] 	lda df_asmpc
f646 : 91d4             [ 5] 	sta (df_asmoprnd),y
f648 : a5d0             [ 3] 	lda df_asmpc+1
f64a : c8               [ 2] 	iny
f64b : 91d4             [ 5] 	sta (df_asmoprnd),y
f64d : 60               [ 6] 	rts	
                             
                             ;* Set the code origin
f64e :                       df_rt_asm_org
                             	; Get the address from expression
f64e : 20baf8           [ 6] 	jsr df_rt_asm_get_operand
                             	; Put this in to PC
f651 : a5d4             [ 3] 	lda df_asmoprnd
f653 : 85cf             [ 3] 	sta df_asmpc
f655 : a5d5             [ 3] 	lda df_asmoprnd+1
f657 : 85d0             [ 3] 	sta df_asmpc+1
f659 : a903             [ 2] 	lda #3
f65b : 85d6             [ 3] 	sta df_asmlen
f65d : 4cd1f7           [ 3] 	jmp df_rt_asm_printPC
                             
                             ; Set the assembly option
                             ; Bit 0 set = Print code to console
                             ; But 1 set = Write code to memory
                             ; Be sure to run 2 non-write passes
                             ; before a write pass
                             ; First pass may result in ZP used a lot
                             ; Second pass resolves forward refs to ABS
                             ; Final write pass then stores the code
f660 :                       df_rt_asm_opt
AS65 Assembler for R6502 [1.42].                                     Page  209
---------------------------------- bank1.s -----------------------------------

                             	; Get the value from expression
f660 : 20baf8           [ 6] 	jsr df_rt_asm_get_operand
                             	; Put this in to OPT
f663 : a5d4             [ 3] 	lda df_asmoprnd
f665 : 85d1             [ 3] 	sta df_asmopt
f667 : 60               [ 6] 	rts
                             
                             ; dw and db handled here
                             ; keep going through comma separated
                             ; list and write bytes or words
                             ; string expansion also handled
f668 :                       df_rt_asm_db
f668 : a902             [ 2] 	lda #2
f66a : 2c                    	db	0x2c			; BIT abs to ignore next 2 bytes
f66b :                       df_rt_asm_dw
f66b : a903             [ 2] 	lda #3
f66d :                       df_rt_asm_db_start
f66d : 85d6             [ 3] 	sta df_asmlen
f66f : 20d1f7           [ 6] 	jsr df_rt_asm_printPC
f672 : 20ecf7           [ 6] 	jsr df_rt_asm_printSPC
f675 :                       df_rt_asm_data
f675 : 207fd9           [ 6] 	jsr df_rt_neval		; Evaluate expression
                             	_df_ost_peekType	; What is the type
                             
f67d : 2904             [ 2] 	and #DFST_STR
f67f : d00d             [ 3] 	bne df_rt_asm_string; If string
f681 : 20fbf2           [ 6] 	jsr df_ost_popInt	; else get number in A,X
f684 : 86d4             [ 3] 	stx df_asmoprnd		; store low value
f686 : 85d5             [ 3] 	sta df_asmoprnd+1	; store high value
f688 : 20b6f6           [ 6] 	jsr df_rt_asm_data_write
f68b : 4cabf6           [ 3] 	jmp df_rt_asm_data_next
f68e :                       df_rt_asm_string
f68e : 20f7f2           [ 6] 	jsr df_ost_popPtr	; pop string pointer
f691 : 86d7             [ 3] 	stx df_tmpptra		; save pointer to tmpa
f693 : 85d8             [ 3] 	sta df_tmpptra+1
f695 :                       df_rt_asm_string_ch
f695 : a000             [ 2] 	ldy #0
f697 : b1d7             [ 5] 	lda (df_tmpptra),y	; Get string char, 0=done
f699 : f010             [ 3] 	beq df_rt_asm_data_next
f69b : 85d4             [ 3] 	sta df_asmoprnd		; Save as operand
f69d : 84d5             [ 3] 	sty df_asmoprnd+1	; High is always zero
f69f : 20b6f6           [ 6] 	jsr df_rt_asm_data_write
                             	_incZPWord df_tmpptra
                             
f6a8 : 4c95f6           [ 3] 	jmp df_rt_asm_string_ch
f6ab :                       df_rt_asm_data_next
f6ab : 206ee6           [ 6] 	jsr df_rt_eos		; End?
f6ae : b005             [ 3] 	bcs df_rt_asm_data_done
f6b0 : e6be             [ 5] 	inc df_exeoff		; Jump over ','
f6b2 : 4c75f6           [ 3] 	jmp df_rt_asm_data
f6b5 :                       df_rt_asm_data_done
f6b5 : 60               [ 6] 	rts	
                             
                             ; Write one db or dw value
                             ; Check for value too big for db
                             ; Advance PC by df_asmlen
f6b6 :                       df_rt_asm_data_write
f6b6 : 20f5f7           [ 6] 	jsr df_rt_asm_printOPR
f6b9 :                       df_rt_asm_data_write_skip1
f6b9 : a902             [ 2] 	lda #2
f6bb : 25d1             [ 3] 	and df_asmopt
f6bd : f017             [ 3] 	beq df_rt_asm_data_write_skip2
AS65 Assembler for R6502 [1.42].                                     Page  210
---------------------------------- bank1.s -----------------------------------

f6bf : a5d4             [ 3] 	lda df_asmoprnd
f6c1 : a000             [ 2] 	ldy #0
f6c3 : 91cf             [ 5] 	sta (df_asmpc),y
f6c5 : c8               [ 2] 	iny
f6c6 : a902             [ 2] 	lda #2
f6c8 : c5d6             [ 3] 	cmp df_asmlen
f6ca : d006             [ 3] 	bne df_rt_asm_data_write_hi
f6cc : a5d5             [ 3] 	lda df_asmoprnd+1
f6ce : d014             [ 3] 	bne df_rt_asm_data_write_err
f6d0 : f004             [ 3] 	beq df_rt_asm_data_write_skip2
f6d2 :                       df_rt_asm_data_write_hi
f6d2 : a5d5             [ 3] 	lda df_asmoprnd+1
f6d4 : 91cf             [ 5] 	sta (df_asmpc),y
f6d6 :                       df_rt_asm_data_write_skip2
f6d6 : a4d6             [ 3] 	ldy df_asmlen
f6d8 : 88               [ 2] 	dey					; Add 1 less!
f6d9 : 98               [ 2] 	tya
f6da : 18               [ 2] 	clc
f6db : 65cf             [ 3] 	adc df_asmpc
f6dd : 85cf             [ 3] 	sta df_asmpc
                             	_bcc 2
                             
f6e1 : e6d0             [ 5] 	inc df_asmpc+1
f6e3 : 60               [ 6] 	rts
f6e4 :                       df_rt_asm_data_write_err	
                             	SWBRK DFERR_QUANTITY
                             
                             	
                             	
f6e6 :                       df_rt_asm_ds
f6e6 : 20d1f7           [ 6] 	jsr df_rt_asm_printPC
f6e9 : 20ecf7           [ 6] 	jsr df_rt_asm_printSPC
                             	; Get the address from expression
f6ec : 20baf8           [ 6] 	jsr df_rt_asm_get_operand
                             	; ADD this in to PC
f6ef : 18               [ 2] 	clc
f6f0 : a5d4             [ 3] 	lda df_asmoprnd
f6f2 : 65cf             [ 3] 	adc df_asmpc
f6f4 : 85cf             [ 3] 	sta df_asmpc
f6f6 : a5d5             [ 3] 	lda df_asmoprnd+1
f6f8 : 65d0             [ 3] 	adc df_asmpc+1
f6fa : 85d0             [ 3] 	sta df_asmpc+1
                             	; len=1 for printing
f6fc : a903             [ 2] 	lda #3
f6fe : 85d6             [ 3] 	sta df_asmlen
f700 : 4cf5f7           [ 3] 	jmp df_rt_asm_printOPR
                             
                             
                             ; Process a normal assembler mnemonic
f703 :                       df_rt_asm_mnem
f703 : 68               [ 4] 	pla				; Throw away previous temp variable
                             	; jump over mnemonic code
f704 : e6be             [ 5] 	inc df_exeoff
                             	; work out the addressing mode and get operand
f706 : 203df8           [ 6] 	jsr df_rt_asm_addrmode
                             
f709 :                       df_rt_asm_mnem_try
f709 : a5d2             [ 3] 	lda df_asmadmd					; With the addressing mode
f70b : 20c5f8           [ 6] 	jsr df_rt_asm_find_addr_mode	; Find it for this 
f70e : c900             [ 2] 	cmp #AM_NONE					; Exists?
f710 : d014             [ 3] 	bne	df_rt_asm_mnem_chk			; If does then check it
f712 :                       df_rt_asm_check_alt
AS65 Assembler for R6502 [1.42].                                     Page  211
---------------------------------- bank1.s -----------------------------------

f712 : a6d2             [ 3] 	ldx df_asmadmd					; Use ad mode as an index
f714 : bd1af9           [ 4] 	lda df_asm_altaddrmode,x		; Else get alternate
f717 : c900             [ 2] 	cmp #AM_NONE					; Is there an alternate?
f719 : f02d             [ 3] 	beq df_rt_asm_mnem_err			; If no then error
f71b : 20c5f8           [ 6] 	jsr df_rt_asm_find_addr_mode	; Check does mode e
f71e : c900             [ 2] 	cmp #AM_NONE					; this instruction
f720 : f026             [ 3] 	beq df_rt_asm_mnem_err			; if no then error
f722 : c5d2             [ 3] 	cmp df_asmadmd					; Same as the original?
f724 : f00e             [ 3] 	beq df_rt_asm_mnem_done			; if so then done
f726 :                       df_rt_asm_mnem_chk
f726 : 85d2             [ 3] 	sta df_asmadmd					; This is the final mode
f728 : aa               [ 2] 	tax								; Get the length
f729 : bd09f9           [ 4] 	lda df_asm_length,x
f72c : a6d5             [ 3] 	ldx df_asmoprnd+1				; Is operand hi non-zero?
f72e : f004             [ 3] 	beq df_rt_asm_mnem_done			; If zero then done
f730 : c903             [ 2] 	cmp #3							; Else must be len 3?
f732 : d0de             [ 3] 	bne df_rt_asm_check_alt			; Try an alternate
f734 :                       df_rt_asm_mnem_done
f734 : a6d2             [ 3] 	ldx df_asmadmd					; Get the final mode index
f736 : bd09f9           [ 4] 	lda df_asm_length,x				; Get the length
f739 : 85d6             [ 3] 	sta df_asmlen
f73b : a5d2             [ 3] 	lda df_asmadmd					; Get the final mode
f73d : 20c5f8           [ 6] 	jsr df_rt_asm_find_addr_mode	; Get the Y index o
                             	; Ok now get the opcode
f740 : c8               [ 2] 	iny
f741 : b1b7             [ 5] 	lda (df_symtab),y
f743 : 85d3             [ 3] 	sta df_asmopcde
                             	; Now have all information to assemble
f745 : 4c4af7           [ 3] 	jmp df_rt_asm_encode
                             	
f748 :                       df_rt_asm_mnem_err
                             	SWBRK DFERR_SYNTAX
                             
                             	
                             ; Take assembler data and encode it
                             ; depending on the current option
                             ; Option 0 = No write
                             ; Option 1 = No write, Print
                             ; Option 2 = Write
                             ; Option 3 = Write, Print
f74a :                       df_rt_asm_encode
                             	; If relative then need to calculate offset
f74a : a5d2             [ 3] 	lda df_asmadmd
f74c : c90f             [ 2] 	cmp #AM_REL
f74e : d033             [ 3] 	bne df_rt_asm_encode_skiprel
                             	; If high byte is 0 then do nothing
f750 : a5d5             [ 3] 	lda df_asmoprnd+1
f752 : f02f             [ 3] 	beq df_rt_asm_encode_skiprel
                             	; else calculate distance from PC
                             	; first take 2 off operand
f754 : 38               [ 2] 	sec
f755 : a5d4             [ 3] 	lda df_asmoprnd
f757 : e902             [ 2] 	sbc #2
f759 : 85d4             [ 3] 	sta df_asmoprnd
f75b : a5d5             [ 3] 	lda df_asmoprnd+1
f75d : e900             [ 2] 	sbc #0
f75f : 85d5             [ 3] 	sta df_asmoprnd+1
                             	; now calculate current operand-PC
f761 : 38               [ 2] 	sec
f762 : a5d4             [ 3] 	lda df_asmoprnd
f764 : e5cf             [ 3] 	sbc df_asmpc
f766 : 85d4             [ 3] 	sta df_asmoprnd
AS65 Assembler for R6502 [1.42].                                     Page  212
---------------------------------- bank1.s -----------------------------------

f768 : a5d5             [ 3] 	lda df_asmoprnd+1
f76a : e5d0             [ 3] 	sbc df_asmpc+1
                             	; put 0 in high operand storage
                             	; but A contains result of subtraction
                             	; so check that for out of range
f76c : a000             [ 2] 	ldy #0
f76e : 84d5             [ 3] 	sty df_asmoprnd+1
                             	; detect too far; high byte is either 0 or 255
                             	; else it's an error
f770 : a8               [ 2] 	tay
f771 : f00a             [ 3] 	beq df_rt_asm_encode_relpos
f773 : c9ff             [ 2] 	cmp #0xff
f775 : d00a             [ 3] 	bne df_rt_asm_encode_relfar
                             	; if high is ff then low must be same -ve
f777 : a5d4             [ 3] 	lda df_asmoprnd
f779 : 3008             [ 3] 	bmi df_rt_asm_encode_skiprel
                             	; else error
f77b : 1004             [ 3] 	bpl df_rt_asm_encode_relfar
f77d :                       df_rt_asm_encode_relpos
                             	; if high is 00 then low must be same +ve
f77d : a5d4             [ 3] 	lda df_asmoprnd
f77f : 1002             [ 3] 	bpl df_rt_asm_encode_skiprel
                             	; else error
f781 :                       df_rt_asm_encode_relfar
                             	; set to non-zero value, dec because it is zero 
f781 : c6d5             [ 5] 	dec df_asmoprnd+1
f783 :                       df_rt_asm_encode_skiprel
                             	; Only write the code if bit 1=1
f783 : a902             [ 2] 	lda #0x02
f785 : 25d1             [ 3] 	and df_asmopt
f787 : f028             [ 3] 	beq df_rt_asm_encode_print
f789 : a000             [ 2] 	ldy #0
f78b : a5d3             [ 3] 	lda df_asmopcde
f78d : 91cf             [ 5] 	sta (df_asmpc),y
f78f : a5d6             [ 3] 	lda df_asmlen
f791 : c901             [ 2] 	cmp #1						; No operand
f793 : f01c             [ 3] 	beq df_rt_asm_encode_print
f795 : c903             [ 2] 	cmp #3						; Word operand
f797 : f00e             [ 3] 	beq df_rt_asm_encode_writeword
                             	; byte operand, high byte must be zero
f799 : a5d5             [ 3] 	lda df_asmoprnd+1
f79b : f002             [ 3] 	beq df_rt_asm_encode_writebyte
                             	SWBRK DFERR_QUANTITY
                             
f79f :                       df_rt_asm_encode_writebyte
f79f : c8               [ 2] 	iny 
f7a0 : a5d4             [ 3] 	lda df_asmoprnd
f7a2 : 91cf             [ 5] 	sta (df_asmpc),y
f7a4 : 4cb1f7           [ 3] 	jmp df_rt_asm_encode_print
f7a7 :                       df_rt_asm_encode_writeword
f7a7 : c8               [ 2] 	iny 
f7a8 : a5d4             [ 3] 	lda df_asmoprnd
f7aa : 91cf             [ 5] 	sta (df_asmpc),y
f7ac : c8               [ 2] 	iny 
f7ad : a5d5             [ 3] 	lda df_asmoprnd+1
f7af : 91cf             [ 5] 	sta (df_asmpc),y	
f7b1 :                       df_rt_asm_encode_print
f7b1 : 20c1f7           [ 6] 	jsr df_rt_asm_print_mmen
                             	; advance pc
f7b4 : 18               [ 2] 	clc
f7b5 : a5cf             [ 3] 	lda df_asmpc
f7b7 : 65d6             [ 3] 	adc df_asmlen
AS65 Assembler for R6502 [1.42].                                     Page  213
---------------------------------- bank1.s -----------------------------------

f7b9 : 85cf             [ 3] 	sta df_asmpc
                             	_bcc 2
                             
f7bd : e6d0             [ 5] 	inc df_asmpc+1
f7bf : 18               [ 2] 	clc
f7c0 : 60               [ 6] 	rts
                             
                             
                             ; Print the full 1,2,3 byte instruction
                             ; depends on df_asmopt
f7c1 :                       df_rt_asm_print_mmen
f7c1 : 20d1f7           [ 6] 	jsr df_rt_asm_printPC
f7c4 : 20ecf7           [ 6] 	jsr df_rt_asm_printSPC
f7c7 : 20e1f7           [ 6] 	jsr df_rt_asm_printOPC
f7ca : 20ecf7           [ 6] 	jsr df_rt_asm_printSPC
f7cd : 20f5f7           [ 6] 	jsr df_rt_asm_printOPR
f7d0 :                       df_rt_asm_print_rts			; Hopefully subs can get he
f7d0 : 60               [ 6] 	rts
                             
f7d1 :                       df_rt_asm_printPC
                             	; Check the option bit 0 (Print)
f7d1 : a901             [ 2] 	lda #0x01
f7d3 : 25d1             [ 3] 	and df_asmopt
f7d5 : f0f9             [ 3] 	beq df_rt_asm_print_rts
                             	; Print current PC
f7d7 : a5d0             [ 3] 	lda df_asmpc+1
f7d9 : 20a7c8           [ 6] 	jsr utilPrintA
f7dc : a5cf             [ 3] 	lda df_asmpc
f7de : 4ca7c8           [ 3] 	jmp utilPrintA
                             
f7e1 :                       df_rt_asm_printOPC
                             	; Check the option bit 0 (Print)
f7e1 : a901             [ 2] 	lda #0x01
f7e3 : 25d1             [ 3] 	and df_asmopt
f7e5 : f0e9             [ 3] 	beq df_rt_asm_print_rts
f7e7 : a5d3             [ 3] 	lda df_asmopcde
f7e9 : 4ca7c8           [ 3] 	jmp utilPrintA
                             
f7ec :                       df_rt_asm_printSPC
                             	; Check the option bit 0 (Print)
f7ec : a901             [ 2] 	lda #0x01
f7ee : 25d1             [ 3] 	and df_asmopt
f7f0 : f0de             [ 3] 	beq df_rt_asm_print_rts
f7f2 : 4c97c8           [ 3] 	jmp utilPrintSPC
                             	
f7f5 :                       df_rt_asm_printOPR
                             	; Check the option bit 0 (Print)
f7f5 : a901             [ 2] 	lda #0x01
f7f7 : 25d1             [ 3] 	and df_asmopt
f7f9 : f0d5             [ 3] 	beq df_rt_asm_print_rts	
f7fb : a5d6             [ 3] 	lda df_asmlen				; check how may operand bytes
f7fd : c901             [ 2] 	cmp #1						; if only opcode, done
f7ff : f0cf             [ 3] 	beq df_rt_asm_print_rts	
f801 : c902             [ 2] 	cmp #2
f803 : f005             [ 3] 	beq df_rt_asm_printOPR_1	; if only 2 do low byte
f805 : a5d5             [ 3] 	lda df_asmoprnd+1
f807 : 20a7c8           [ 6] 	jsr utilPrintA
f80a :                       df_rt_asm_printOPR_1
f80a : a5d4             [ 3] 	lda df_asmoprnd
f80c : 4ca7c8           [ 3] 	jmp utilPrintA
                             
f80f :                       df_rt_asm_printCR
AS65 Assembler for R6502 [1.42].                                     Page  214
---------------------------------- bank1.s -----------------------------------

                             	; Check the option bit 0 (Print)
f80f : a901             [ 2] 	lda #0x01
f811 : 25d1             [ 3] 	and df_asmopt
f813 : f0bb             [ 4] 	beq df_rt_asm_print_rts
f815 : 4c9fc8           [ 3] 	jmp utilPrintCRLF
                             
f818 :                       df_rt_asm_printCH
f818 : 8539             [ 3] 	sta tmp_d
                             	; Check the option bit 0 (Print)
f81a : a901             [ 2] 	lda #0x01
f81c : 25d1             [ 3] 	and df_asmopt
f81e : f0b0             [ 4] 	beq df_rt_asm_print_rts
f820 : a539             [ 3] 	lda tmp_d
f822 : 4c93c5           [ 3] 	jmp io_put_ch
                             
                             ; Print an entire line, but save df_exeoff
f825 :                       df_rt_asm_printline
                             	; Check the option bit 0 (Print)
f825 : a901             [ 2] 	lda #0x01
f827 : 25d1             [ 3] 	and df_asmopt
f829 : f0a5             [ 4] 	beq df_rt_asm_print_rts
f82b : a5be             [ 3] 	lda df_exeoff
f82d : 48               [ 3] 	pha
                             	; use df_tmpptra
                             	_cpyZPWord df_currlin, df_tmpptra
                             
f836 : 20dce7           [ 6] 	jsr df_rt_list_line_only
f839 : 68               [ 4] 	pla
f83a : 85be             [ 3] 	sta df_exeoff
f83c : 60               [ 6] 	rts
                             
                             
                             ; Calculate the addressing mode
                             ; Populate the operand as needed
                             ; A and df_asmadmd contain Addressing Mode
f83d :                       df_rt_asm_addrmode	
                             	; Store nothing in address mode
f83d : a900             [ 2] 	lda #AM_NONE
f83f : 85d2             [ 3] 	sta df_asmadmd
                             	; zero out the operand
f841 : a900             [ 2] 	lda #0
f843 : 85d4             [ 3] 	sta df_asmoprnd
f845 : 85d5             [ 3] 	sta df_asmoprnd+1
f847 : 206ee6           [ 6] 	jsr df_rt_eos			; End of statement?
f84a : b00d             [ 3] 	bcs df_rt_asm_AM_IMP
                             	; jump over whitespace
f84c : 20b2dd           [ 6] 	jsr df_rt_skip_ws
                             	; Check what it is
f84f : c923             [ 2] 	cmp #'#'				; Immediate?
f851 : f034             [ 3] 	beq df_rt_asm_AM_IMM
f853 : c928             [ 2] 	cmp #'('				; Indirect something?
f855 : f03a             [ 3] 	beq df_rt_asm_AM_INDIRECT
                             	; Must be ABS,ZP or REL
f857 : d005             [ 3] 	bne df_rt_asm_ABSREL
                             ; Process IMP/ACC
f859 :                       df_rt_asm_AM_IMP
f859 : a90d             [ 2] 	lda #AM_IMP
f85b : 85d2             [ 3] 	sta df_asmadmd
f85d : 60               [ 6] 	rts
                             ; Process ABS or REL
f85e :                       df_rt_asm_ABSREL	
                             	; Evaluate operand
AS65 Assembler for R6502 [1.42].                                     Page  215
---------------------------------- bank1.s -----------------------------------

f85e : 20baf8           [ 6] 	jsr df_rt_asm_get_operand
                             
f861 : 206ee6           [ 6] 	jsr df_rt_eos			; End of statement?
f864 : b00f             [ 3] 	bcs df_rt_asm_AM_ABS
f866 : c8               [ 2] 	iny						; Jump over ","
f867 : b1bc             [ 5] 	lda (df_currlin),y		; Load X or Y
f869 : c8               [ 2] 	iny						; Jump over index reg
f86a : 85be             [ 3] 	sta df_exeoff			; Save exe offset
f86c : c978             [ 2] 	cmp #'x'				; Indirect X?
f86e : f012             [ 3] 	beq df_rt_asm_AM_ABSX
                             ; Process ABSY
f870 :                       df_rt_asm_AM_ABSY
f870 : a906             [ 2] 	lda #AM_ZPY				; Go for smallest modes
f872 : 85d2             [ 3] 	sta df_asmadmd
f874 : 60               [ 6] 	rts
                             ; Process what looks like pure ABS, could be REL
f875 :                       df_rt_asm_AM_ABS
f875 : a001             [ 2] 	ldy #1					; Check first addressing mode
f877 : b1b7             [ 5] 	lda (df_symtab),y
f879 : c90f             [ 2] 	cmp #AM_REL
f87b : f002             [ 3] 	beq df_rt_asm_AM_REL
f87d : a904             [ 2] 	lda #AM_ZP				; Go for smallest modes
f87f :                       df_rt_asm_AM_REL
f87f : 85d2             [ 3] 	sta df_asmadmd
f881 : 60               [ 6] 	rts
                             ; Process ABSX
f882 :                       df_rt_asm_AM_ABSX
f882 : a905             [ 2] 	lda #AM_ZPX				; Go for smallest modes
f884 : 85d2             [ 3] 	sta df_asmadmd
f886 : 60               [ 6] 	rts
                             ; Process Immediate
f887 :                       df_rt_asm_AM_IMM
                             	; skip over #
f887 : e6be             [ 5] 	inc df_exeoff
                             	; Get operand
f889 : 20baf8           [ 6] 	jsr df_rt_asm_get_operand
                             	; Mark as immediate
f88c : a90c             [ 2] 	lda #AM_IMM
f88e : 85d2             [ 3] 	sta df_asmadmd
f890 : 60               [ 6] 	rts
                             ; Process indirect
f891 :                       df_rt_asm_AM_INDIRECT
                             	; skip over (
f891 : e6be             [ 5] 	inc df_exeoff
                             	; Calculate the operand
f893 : 20baf8           [ 6] 	jsr df_rt_asm_get_operand
                             	; what is next char?
f896 : a4be             [ 3] 	ldy df_exeoff
f898 : b1bc             [ 5] 	lda (df_currlin),y
f89a : c929             [ 2] 	cmp #')'			; Could be IND or INDY
f89c : f009             [ 3] 	beq df_rt_asm_AM_ZPINDORY
                             	; else must be INDX
                             	; skip 'x)'
f89e : c8               [ 2] 	iny
f89f : c8               [ 2] 	iny
f8a0 : 84be             [ 3] 	sty df_exeoff
f8a2 : a908             [ 2] 	lda #AM_ZPINDX
f8a4 : 85d2             [ 3] 	sta df_asmadmd
f8a6 : 60               [ 6] 	rts
                             ; Pure indirect mode found
f8a7 :                       df_rt_asm_AM_ZPINDORY
f8a7 : a907             [ 2] 	lda #AM_ZPIND			; Assume ZPIND
AS65 Assembler for R6502 [1.42].                                     Page  216
---------------------------------- bank1.s -----------------------------------

f8a9 : c8               [ 2] 	iny
f8aa : 84be             [ 3] 	sty df_exeoff
                             	; if at end of line/statement then pure indirect
f8ac : 206ee6           [ 6] 	jsr df_rt_eos			; End of statement?
f8af : b006             [ 3] 	bcs df_rt_asm_AM_ZPIND
                             	; else must be INDY
f8b1 : a909             [ 2] 	lda #AM_ZPINDY
                             	; skip ',Y'
f8b3 : c8               [ 2] 	iny
f8b4 : c8               [ 2] 	iny
f8b5 : 84be             [ 3] 	sty df_exeoff
f8b7 :                       df_rt_asm_AM_ZPIND
f8b7 : 85d2             [ 3] 	sta df_asmadmd
f8b9 : 60               [ 6] 	rts
                             
                             ; Get and save the operand
                             ; df_asmoprnd contains the result
f8ba :                       df_rt_asm_get_operand
                             	; evaluate
f8ba : 207fd9           [ 6] 	jsr df_rt_neval
                             	; Get the parameter from stack
f8bd : 20fbf2           [ 6] 	jsr df_ost_popInt
                             	; put in the operand
f8c0 : 86d4             [ 3] 	stx df_asmoprnd
f8c2 : 85d5             [ 3] 	sta df_asmoprnd+1
f8c4 : 60               [ 6] 	rts
                             	
                             ; From current symtab entry, find addressing
                             ; mode in A.  AM_NONE=Not found, Y=index
f8c5 :                       df_rt_asm_find_addr_mode
                             	; save A in tmp
f8c5 : 8539             [ 3] 	sta tmp_d
                             	; Start first entry (1) - 2 = 0xff
f8c7 : a0ff             [ 2] 	ldy #0xff
f8c9 : a200             [ 2] 	ldx #0
f8cb :                       df_rt_asm_find_addr_mode_loop
                             	; next entry
f8cb : c8               [ 2] 	iny
f8cc : c8               [ 2] 	iny
                             	; if current index > num entries then error
f8cd : 98               [ 2] 	tya
f8ce : 38               [ 2] 	sec
f8cf : e1b7             [ 6] 	sbc (df_symtab,x)
f8d1 : b007             [ 3] 	bcs df_rt_asm_find_addr_mode_err
                             	; is symtab addressing mode what we want?
f8d3 : b1b7             [ 5] 	lda (df_symtab),y
f8d5 : c539             [ 3] 	cmp tmp_d
f8d7 : d0f2             [ 3] 	bne df_rt_asm_find_addr_mode_loop
                             	; done A=mode, y=index in to df_symtab
f8d9 : 60               [ 6] 	rts
f8da :                       df_rt_asm_find_addr_mode_err
f8da : a900             [ 2] 	lda #AM_NONE
f8dc :                       df_rt_asm_skip_to_sym_done; Used by function belo
f8dc : 60               [ 6] 	rts
                             
                             
                             ; Skip X amount of symbols in table
                             ; A contains how many addr mode and op code bytes
                             ; df_symtab points to offset byte
f8dd :                       df_rt_asm_skip_to_sym
f8dd : e8               [ 2] 	inx				; so done when X=0
                             	; Start at token symbols beginning
AS65 Assembler for R6502 [1.42].                                     Page  217
---------------------------------- bank1.s -----------------------------------

f8de : a92b             [ 2] 	lda #lo(df_asm_tokensyms)
f8e0 : 85b7             [ 3] 	sta df_symtab
f8e2 : a9f9             [ 2] 	lda #hi(df_asm_tokensyms)
f8e4 : 85b8             [ 3] 	sta df_symtab+1
f8e6 : a900             [ 2] 	lda #0
f8e8 : 85b9             [ 3] 	sta df_symoff
f8ea : a8               [ 2] 	tay
f8eb :                       df_rt_asm_skip_to_sym_next
                             	; Get symtable char
f8eb : b1b7             [ 5] 	lda (df_symtab),y
                             	; if < ' ' then jumped over symbol chars
f8ed : c920             [ 2] 	cmp #' '
f8ef : 9009             [ 3] 	bcc df_rt_asm_skip_to_sym_end
                             	;else next smy tab char
                             	_incZPWord df_symtab
                             
f8f7 : 4cebf8           [ 3] 	jmp df_rt_asm_skip_to_sym_next
                             	; Found end of symbol
f8fa :                       df_rt_asm_skip_to_sym_end
                             	;if done then return
f8fa : ca               [ 2] 	dex
f8fb : f0df             [ 3] 	beq df_rt_asm_skip_to_sym_done
                             	;jump over addr and op code by A bytes
f8fd : 38               [ 2] 	sec
f8fe : 65b7             [ 3] 	adc df_symtab
f900 : 85b7             [ 3] 	sta df_symtab
                             	_bcc 2
                             
f904 : e6b8             [ 5] 	inc df_symtab+1
f906 : 4cebf8           [ 3] 	jmp df_rt_asm_skip_to_sym_next
                             
f909 :                       mod_sz_rtasm_e
                             
                             
                             	include "dflat\asmsymtab.s"
                             ;************************************************
                             ;*
                             ;*	BBC-128 HOMEBREW COMPUTER
                             ;*	Hardware and software design by @6502Nerd (Dol
                             ;*	Copyright 2014-20
                             ;*  Free to use for any non-commercial purpose su
                             ;*  appropriate credit of my authorship please!
                             ;*
                             ;*  ASMSYMTAB.S
                             ;*
                             ;************************************************
                             
                             	; ROM code
                             	code  
                             
                             	;* Length of each addressing mode
                             	;* ORDER significant!
f909 :                       df_asm_length
f909 : 00030303020202..      	db	0,3,3,3,2,2,2,2,2,2,3,3,2,1,1,2,0
                             
                             	; Always try for lowest addressing mode, but
                             	; this table maps to alternative
f91a :                       df_asm_altaddrmode
f91a : 00                    	db AM_NONE		;AM_NONE	= 0
f91b : 00                    	db AM_NONE		;AM_ABS	 	= 1
f91c : 00                    	db AM_NONE		;AM_ABSX	= 2
f91d : 00                    	db AM_NONE		;AM_ABSY	= 3
AS65 Assembler for R6502 [1.42].                                     Page  218
---------------------------------- bank1.s -----------------------------------

f91e : 01                    	db AM_ABS		;AM_ZP		= 4
f91f : 02                    	db AM_ABSX		;AM_ZPX		= 5
f920 : 03                    	db AM_ABSY		;AM_ZPY		= 6
f921 : 0a                    	db AM_ABSIND	;AM_ZPIND	= 7
f922 : 0b                    	db AM_ABSINDX	;AM_ZPINDX	= 8
f923 : 09                    	db AM_ZPINDY	;AM_ZPINDY	= 9
f924 : 00                    	db AM_NONE		;AM_ABSIND	= 10
f925 : 00                    	db AM_NONE		;AM_ABSINDX	= 11
f926 : 00                    	db AM_NONE		;AM_IMM		= 12
f927 : 00                    	db AM_NONE		;AM_ACC		= 13
f928 : 00                    	db AM_NONE		;AM_IMP		= AM_ACC
f929 : 0f                    	db AM_REL		;AM_REL		= 15
f92a : 00                    	db AM_NONE		;AM_DIR		= 16
                             
                             
                             	;*	Mnemonic/	How many addressing modes /
                             	;* 	Mode		Opcode for mode
f92b :                       df_asm_tokensyms
                             	;* Start with directives
f92b : 2e6f726702            	db	".org",		1*2
f930 : 1000                  	db	AM_DIR,		0x00
f932 : 2e6f707402            	db	".opt",		1*2
f937 : 1000                  	db	AM_DIR,		0x00
f939 : 2e646202              	db	".db",		1*2
f93d : 1000                  	db	AM_DIR,		0x00
f93f : 2e647702              	db	".dw",		1*2
f943 : 1000                  	db	AM_DIR,		0x00
f945 : 2e647302              	db	".ds",		1*2
f949 : 1000                  	db	AM_DIR,		0x00	
                             
f94b : 61646312              	db	"adc",		9*2
f94f : 0c69                  	db	AM_IMM,		0x69
f951 : 0465                  	db	AM_ZP,		0x65
f953 : 0575                  	db	AM_ZPX,		0x75
f955 : 016d                  	db	AM_ABS,		0x6d
f957 : 027d                  	db	AM_ABSX,	0x7d
f959 : 0379                  	db	AM_ABSY,	0x79
f95b : 0861                  	db	AM_ZPINDX,	0x61
f95d : 0971                  	db	AM_ZPINDY,	0x71
f95f : 0772                  	db	AM_ZPIND,	0x72
                             	
f961 : 616e6412              	db	"and",		9*2
f965 : 0c29                  	db	AM_IMM,		0x29
f967 : 0425                  	db	AM_ZP,		0x25
f969 : 0535                  	db	AM_ZPX,		0x35
f96b : 012d                  	db	AM_ABS,		0x2d
f96d : 023d                  	db	AM_ABSX,	0x3d
f96f : 0339                  	db	AM_ABSY,	0x39
f971 : 0821                  	db	AM_ZPINDX,	0x21
f973 : 0931                  	db	AM_ZPINDY,	0x31
f975 : 0732                  	db	AM_ZPIND,	0x32
                             
f977 : 636d7012              	db	"cmp",		9*2
f97b : 0cc9                  	db	AM_IMM,		0xc9
f97d : 04c5                  	db	AM_ZP,		0xc5
f97f : 05d5                  	db	AM_ZPX,		0xd5
f981 : 01cd                  	db	AM_ABS,		0xcd
f983 : 02dd                  	db	AM_ABSX,	0xdd
f985 : 03d9                  	db	AM_ABSY,	0xd9
f987 : 08c1                  	db	AM_ZPINDX,	0xc1
f989 : 09d1                  	db	AM_ZPINDY,	0xd1
f98b : 07d2                  	db	AM_ZPIND,	0xd2
AS65 Assembler for R6502 [1.42].                                     Page  219
---------------------------------- bank1.s -----------------------------------

                             
f98d : 656f7212              	db	"eor",		9*2
f991 : 0c49                  	db	AM_IMM,		0x49
f993 : 0445                  	db	AM_ZP,		0x45
f995 : 0555                  	db	AM_ZPX,		0x55
f997 : 014d                  	db	AM_ABS,		0x4d
f999 : 025d                  	db	AM_ABSX,	0x5d
f99b : 0359                  	db	AM_ABSY,	0x59
f99d : 0841                  	db	AM_ZPINDX,	0x41
f99f : 0951                  	db	AM_ZPINDY,	0x51
f9a1 : 0752                  	db	AM_ZPIND,	0x52
                             
f9a3 : 6c646112              	db	"lda",		9*2
f9a7 : 0ca9                  	db	AM_IMM,		0xa9
f9a9 : 04a5                  	db	AM_ZP,		0xa5
f9ab : 05b5                  	db	AM_ZPX,		0xb5
f9ad : 01ad                  	db	AM_ABS,		0xad
f9af : 02bd                  	db	AM_ABSX,	0xbd
f9b1 : 03b9                  	db	AM_ABSY,	0xb9
f9b3 : 08a1                  	db	AM_ZPINDX,	0xa1
f9b5 : 09b1                  	db	AM_ZPINDY,	0xb1
f9b7 : 07b2                  	db	AM_ZPIND,	0xb2
                             
f9b9 : 6f726112              	db	"ora",		9*2
f9bd : 0c09                  	db	AM_IMM,		0x09
f9bf : 0405                  	db	AM_ZP,		0x05
f9c1 : 0515                  	db	AM_ZPX,		0x15
f9c3 : 010d                  	db	AM_ABS,		0x0d
f9c5 : 021d                  	db	AM_ABSX,	0x1d
f9c7 : 0319                  	db	AM_ABSY,	0x19
f9c9 : 0801                  	db	AM_ZPINDX,	0x01
f9cb : 0911                  	db	AM_ZPINDY,	0x11
f9cd : 0712                  	db	AM_ZPIND,	0x12
                             
f9cf : 73626312              	db	"sbc",		9*2
f9d3 : 0ce9                  	db	AM_IMM,		0xe9
f9d5 : 04e5                  	db	AM_ZP,		0xe5
f9d7 : 05f5                  	db	AM_ZPX,		0xf5
f9d9 : 01ed                  	db	AM_ABS,		0xed
f9db : 02fd                  	db	AM_ABSX,	0xfd
f9dd : 03f9                  	db	AM_ABSY,	0xf9
f9df : 08e1                  	db	AM_ZPINDX,	0xe1
f9e1 : 09f1                  	db	AM_ZPINDY,	0xf1
f9e3 : 07f2                  	db	AM_ZPIND,	0xf2
                             
f9e5 : 73746110              	db	"sta",		8*2
f9e9 : 0485                  	db	AM_ZP,		0x85
f9eb : 0595                  	db	AM_ZPX,		0x95
f9ed : 018d                  	db	AM_ABS,		0x8d
f9ef : 029d                  	db	AM_ABSX,	0x9d
f9f1 : 0399                  	db	AM_ABSY,	0x99
f9f3 : 0881                  	db	AM_ZPINDX,	0x81
f9f5 : 0991                  	db	AM_ZPINDY,	0x91
f9f7 : 0792                  	db	AM_ZPIND,	0x92
                             
f9f9 : 61736c0a              	db	"asl",		5*2
f9fd : 0d0a                  	db	AM_IMP,		0x0a
f9ff : 0406                  	db	AM_ZP,		0x06
fa01 : 0516                  	db	AM_ZPX,		0x16
fa03 : 010e                  	db	AM_ABS,		0x0e
fa05 : 021e                  	db	AM_ABSX,	0x1e
fa07 : 6465630a              	db	"dec",		5*2
AS65 Assembler for R6502 [1.42].                                     Page  220
---------------------------------- bank1.s -----------------------------------

fa0b : 0d3a                  	db	AM_IMP,		0x3a
fa0d : 04c6                  	db	AM_ZP,		0xc6
fa0f : 05d6                  	db	AM_ZPX,		0xd6
fa11 : 01ce                  	db	AM_ABS,		0xce
fa13 : 02de                  	db	AM_ABSX,	0xde
fa15 : 696e630a              	db	"inc",		5*2
fa19 : 0d1a                  	db	AM_IMP,		0x1a
fa1b : 04e6                  	db	AM_ZP,		0xe6
fa1d : 05f6                  	db	AM_ZPX,		0xf6
fa1f : 01ee                  	db	AM_ABS,		0xee
fa21 : 02fe                  	db	AM_ABSX,	0xfe
fa23 : 6c73720a              	db	"lsr",		5*2
fa27 : 0d4a                  	db	AM_IMP,		0x4a
fa29 : 0446                  	db	AM_ZP,		0x46
fa2b : 0556                  	db	AM_ZPX,		0x56
fa2d : 014e                  	db	AM_ABS,		0x4e
fa2f : 025e                  	db	AM_ABSX,	0x5e
fa31 : 726f6c0a              	db	"rol",		5*2
fa35 : 0d2a                  	db	AM_IMP,		0x2a
fa37 : 0426                  	db	AM_ZP,		0x26
fa39 : 0536                  	db	AM_ZPX,		0x36
fa3b : 012e                  	db	AM_ABS,		0x2e
fa3d : 023e                  	db	AM_ABSX,	0x3e
fa3f : 726f720a              	db	"ror",		5*2
fa43 : 0d6a                  	db	AM_IMP,		0x6a
fa45 : 0466                  	db	AM_ZP,		0x66
fa47 : 0576                  	db	AM_ZPX,		0x76
fa49 : 016e                  	db	AM_ABS,		0x6e
fa4b : 027e                  	db	AM_ABSX,	0x7e
                             
fa4d : 6269740a              	db	"bit",		5*2
fa51 : 0c89                  	db	AM_IMM,		0x89
fa53 : 0424                  	db	AM_ZP,		0x24
fa55 : 0534                  	db	AM_ZPX,		0x34
fa57 : 012c                  	db	AM_ABS,		0x2c
fa59 : 023c                  	db	AM_ABSX,	0x3c
                             	
fa5b : 62726b02              	db	"brk",		1*2
fa5f : 0d00                  	db	AM_IMP,		0x00
fa61 : 73747002              	db	"stp",		1*2
fa65 : 0ddb                  	db	AM_IMP,		0xdb
fa67 : 77616902              	db	"wai",		1*2
fa6b : 0dcb                  	db	AM_IMP,		0xcb
                             	
fa6d : 636c6302              	db	"clc",		1*2
fa71 : 0d18                  	db	AM_IMP,		0x18
fa73 : 636c6402              	db	"cld",		1*2
fa77 : 0dd8                  	db	AM_IMP,		0xd8
fa79 : 636c6902              	db	"cli",		1*2
fa7d : 0d58                  	db	AM_IMP,		0x58
fa7f : 636c7602              	db	"clv",		1*2
fa83 : 0db8                  	db	AM_IMP,		0xb8
fa85 : 73656302              	db	"sec",		1*2
fa89 : 0d38                  	db	AM_IMP,		0x38
fa8b : 73656402              	db	"sed",		1*2
fa8f : 0df8                  	db	AM_IMP,		0xf8
fa91 : 73656902              	db	"sei",		1*2
fa95 : 0d78                  	db	AM_IMP,		0x78
                             	
fa97 : 63707806              	db	"cpx",		3*2
fa9b : 0ce0                  	db	AM_IMM,		0xe0
fa9d : 04e4                  	db	AM_ZP,		0xe4
AS65 Assembler for R6502 [1.42].                                     Page  221
---------------------------------- bank1.s -----------------------------------

fa9f : 01ec                  	db	AM_ABS,		0xec
faa1 : 63707906              	db	"cpy",		3*2
faa5 : 0cc0                  	db	AM_IMM,		0xc0
faa7 : 04c4                  	db	AM_ZP,		0xc4
faa9 : 01cc                  	db	AM_ABS,		0xcc
faab : 64657802              	db	"dex",		1*2
faaf : 0dca                  	db	AM_IMP,		0xca
fab1 : 64657902              	db	"dey",		1*2
fab5 : 0d88                  	db	AM_IMP,		0x88
fab7 : 696e7802              	db	"inx",		1*2
fabb : 0de8                  	db	AM_IMP,		0xe8
fabd : 696e7902              	db	"iny",		1*2
fac1 : 0dc8                  	db	AM_IMP,		0xc8
fac3 : 6c64780a              	db	"ldx",		5*2
fac7 : 0ca2                  	db	AM_IMM,		0xa2
fac9 : 04a6                  	db	AM_ZP,		0xa6
facb : 06b6                  	db	AM_ZPY,		0xb6
facd : 01ae                  	db	AM_ABS,		0xae
facf : 03be                  	db	AM_ABSY,	0xbe
fad1 : 6c64790a              	db	"ldy",		5*2
fad5 : 0ca0                  	db	AM_IMM,		0xa0
fad7 : 04a4                  	db	AM_ZP,		0xa4
fad9 : 05b4                  	db	AM_ZPX,		0xb4
fadb : 01ac                  	db	AM_ABS,		0xac
fadd : 02bc                  	db	AM_ABSX,	0xbc
fadf : 73747806              	db	"stx",		3*2
fae3 : 0486                  	db	AM_ZP,		0x86
fae5 : 0696                  	db	AM_ZPY,		0x96
fae7 : 018e                  	db	AM_ABS,		0x8e
fae9 : 73747906              	db	"sty",		3*2
faed : 0484                  	db	AM_ZP,		0x84
faef : 0594                  	db	AM_ZPX,		0x94
faf1 : 018c                  	db	AM_ABS,		0x8c
faf3 : 73747a08              	db	"stz",		4*2
faf7 : 0464                  	db	AM_ZP,		0x64
faf9 : 0574                  	db	AM_ZPX,		0x74
fafb : 019c                  	db	AM_ABS,		0x9c
fafd : 029e                  	db	AM_ABSX,	0x9e
                             	
                             
faff : 62636302              	db	"bcc",		1*2
fb03 : 0f90                  	db	AM_REL,		0x90
fb05 : 62637302              	db	"bcs",		1*2
fb09 : 0fb0                  	db	AM_REL,		0xb0
fb0b : 62657102              	db	"beq",		1*2
fb0f : 0ff0                  	db	AM_REL,		0xf0
fb11 : 626d6902              	db	"bmi",		1*2
fb15 : 0f30                  	db	AM_REL,		0x30
fb17 : 626e6502              	db	"bne",		1*2
fb1b : 0fd0                  	db	AM_REL,		0xd0
fb1d : 62706c02              	db	"bpl",		1*2
fb21 : 0f10                  	db	AM_REL,		0x10
fb23 : 62726102              	db	"bra",		1*2
fb27 : 0f80                  	db	AM_REL,		0x80
fb29 : 62766302              	db	"bvc",		1*2
fb2d : 0f50                  	db	AM_REL,		0x50
fb2f : 62767302              	db	"bvs",		1*2
fb33 : 0f70                  	db	AM_REL,		0x70
fb35 : 6a6d7006              	db	"jmp",		3*2
fb39 : 014c                  	db	AM_ABS,		0x4c
fb3b : 0a6c                  	db	AM_ABSIND,	0x6c
fb3d : 0b7c                  	db	AM_ABSINDX,	0x7c
AS65 Assembler for R6502 [1.42].                                     Page  222
---------------------------------- bank1.s -----------------------------------

fb3f : 6a737202              	db	"jsr",		1*2
fb43 : 0120                  	db	AM_ABS,		0x20
                             	
fb45 : 6e6f7002              	db	"nop",		1*2
fb49 : 0dea                  	db	AM_IMP,		0xea
fb4b : 70686102              	db	"pha",		1*2
fb4f : 0d48                  	db	AM_IMP,		0x48
fb51 : 70687002              	db	"php",		1*2
fb55 : 0d08                  	db	AM_IMP,		0x08
fb57 : 70687802              	db	"phx",		1*2
fb5b : 0dda                  	db	AM_IMP,		0xda
fb5d : 70687902              	db	"phy",		1*2
fb61 : 0d5a                  	db	AM_IMP,		0x5a
fb63 : 706c6102              	db	"pla",		1*2
fb67 : 0d68                  	db	AM_IMP,		0x68
fb69 : 706c7002              	db	"plp",		1*2
fb6d : 0d28                  	db	AM_IMP,		0x28
fb6f : 706c7802              	db	"plx",		1*2
fb73 : 0dfa                  	db	AM_IMP,		0xfa
fb75 : 706c7902              	db	"ply",		1*2
fb79 : 0d7a                  	db	AM_IMP,		0x7a
fb7b : 72746902              	db	"rti",		1*2
fb7f : 0d40                  	db	AM_IMP,		0x40
fb81 : 72747302              	db	"rts",		1*2
fb85 : 0d60                  	db	AM_IMP,		0x60
fb87 : 74617802              	db	"tax",		1*2
fb8b : 0daa                  	db	AM_IMP,		0xaa
fb8d : 74617902              	db	"tay",		1*2
fb91 : 0da8                  	db	AM_IMP,		0xa8
fb93 : 74737802              	db	"tsx",		1*2
fb97 : 0dba                  	db	AM_IMP,		0xba
fb99 : 74786102              	db	"txa",		1*2
fb9d : 0d8a                  	db	AM_IMP,		0x8a
fb9f : 74787302              	db	"txs",		1*2
fba3 : 0d9a                  	db	AM_IMP,		0x9a
fba5 : 74796102              	db	"tya",		1*2
fba9 : 0d98                  	db	AM_IMP,		0x98
                             	
fbab : 74726204              	db	"trb",		2*2
fbaf : 0414                  	db	AM_ZP,		0x14
fbb1 : 011c                  	db	AM_ABS,		0x1c
fbb3 : 74736204              	db	"tsb",		2*2
fbb7 : 0404                  	db	AM_ZP,		0x04
fbb9 : 010c                  	db	AM_ABS,		0x0c
                             	
fbbb : 6262723002            	db	"bbr0",		1*2
fbc0 : 0f0f                  	db	AM_REL,		0x0f
fbc2 : 6262723102            	db	"bbr1",		1*2
fbc7 : 0f1f                  	db	AM_REL,		0x1f
fbc9 : 6262723202            	db	"bbr2",		1*2
fbce : 0f2f                  	db	AM_REL,		0x2f
fbd0 : 6262723302            	db	"bbr3",		1*2
fbd5 : 0f3f                  	db	AM_REL,		0x3f
fbd7 : 6262723402            	db	"bbr4",		1*2
fbdc : 0f4f                  	db	AM_REL,		0x4f
fbde : 6262723502            	db	"bbr5",		1*2
fbe3 : 0f5f                  	db	AM_REL,		0x5f
fbe5 : 6262723602            	db	"bbr6",		1*2
fbea : 0f6f                  	db	AM_REL,		0x6f
fbec : 6262723702            	db	"bbr7",		1*2
fbf1 : 0f7f                  	db	AM_REL,		0x7f
fbf3 : 6262733002            	db	"bbs0",		1*2
AS65 Assembler for R6502 [1.42].                                     Page  223
---------------------------------- bank1.s -----------------------------------

fbf8 : 0f8f                  	db	AM_REL,		0x8f
fbfa : 6262733102            	db	"bbs1",		1*2
fbff : 0f9f                  	db	AM_REL,		0x9f
fc01 : 6262733202            	db	"bbs2",		1*2
fc06 : 0faf                  	db	AM_REL,		0xaf
fc08 : 6262733302            	db	"bbs3",		1*2
fc0d : 0fbf                  	db	AM_REL,		0xbf
fc0f : 6262733402            	db	"bbs4",		1*2
fc14 : 0fcf                  	db	AM_REL,		0xcf
fc16 : 6262733502            	db	"bbs5",		1*2
fc1b : 0fdf                  	db	AM_REL,		0xdf
fc1d : 6262733602            	db	"bbs6",		1*2
fc22 : 0fef                  	db	AM_REL,		0xef
fc24 : 6262733702            	db	"bbs7",		1*2
fc29 : 0fff                  	db	AM_REL,		0xff
fc2b : 726d623002            	db	"rmb0",		1*2
fc30 : 0f07                  	db	AM_REL,		0x07
fc32 : 726d623102            	db	"rmb1",		1*2
fc37 : 0f17                  	db	AM_REL,		0x17
fc39 : 726d623202            	db	"rmb2",		1*2
fc3e : 0f27                  	db	AM_REL,		0x27
fc40 : 726d623302            	db	"rmb3",		1*2
fc45 : 0f37                  	db	AM_REL,		0x37
fc47 : 726d623402            	db	"rmb4",		1*2
fc4c : 0f47                  	db	AM_REL,		0x47
fc4e : 726d623502            	db	"rmb5",		1*2
fc53 : 0f57                  	db	AM_REL,		0x57
fc55 : 726d623602            	db	"rmb6",		1*2
fc5a : 0f67                  	db	AM_REL,		0x67
fc5c : 726d623702            	db	"rmb7",		1*2
fc61 : 0f77                  	db	AM_REL,		0x77
fc63 : 736d623002            	db	"smb0",		1*2
fc68 : 0f87                  	db	AM_REL,		0x87
fc6a : 736d623102            	db	"smb1",		1*2
fc6f : 0f97                  	db	AM_REL,		0x97
fc71 : 736d623202            	db	"smb2",		1*2
fc76 : 0fa7                  	db	AM_REL,		0xa7
fc78 : 736d623302            	db	"smb3",		1*2
fc7d : 0fb7                  	db	AM_REL,		0xb7
fc7f : 736d623402            	db	"smb4",		1*2
fc84 : 0fc7                  	db	AM_REL,		0xc7
fc86 : 736d623502            	db	"smb5",		1*2
fc8b : 0fd7                  	db	AM_REL,		0xd7
fc8d : 736d623602            	db	"smb6",		1*2
fc92 : 0fe7                  	db	AM_REL,		0xe7
fc94 : 736d623702            	db	"smb7",		1*2
fc99 : 0ff7                  	db	AM_REL,		0xf7
                             	
                             	;* Terminates with a zero
fc9b : 00                    	db	0
                             
                             	include	"dflat\asmjmptab.s"
                             ;************************************************
                             ;*
                             ;*	BBC-128 HOMEBREW COMPUTER
                             ;*	Hardware and software design by @6502Nerd (Dol
                             ;*	Copyright 2014-20
                             ;*  Free to use for any non-commercial purpose su
                             ;*  appropriate credit of my authorship please!
                             ;*
                             ;*  ASMJUMPTAB.S
                             ;*  Runtime token jump table for assembler.
AS65 Assembler for R6502 [1.42].                                     Page  224
---------------------------------- bank1.s -----------------------------------

                             ;*  dflat uses four key tables to tokenise and ru
                             ;*  - df_tokensyms    - table of token symbols
                             ;*  - df_tk_tokentype - table of token types
                             ;*  - df_tk_tokenjmp  - table of tokenising routi
                             ;*  - df_rt_tokenjmp  - table of runtime routines
                             ;*  The key is the token symbols.  When a line is
                             ;*  in to the raw (untokenised) buffer, df_tokens
                             ;*  used to identify tokens.  The position of the
                             ;*  token is used to then look up type and jump v
                             ;*  in the other tables.
                             ;*
                             ;************************************************
                             
                             	; ROM code
                             	code  
                             
                             ; Tokeniser jump table
                             ; Only directives needed as all opcodes are handl
                             ; through a single routine
fc9c :                       df_tk_asm_tokenjmp
fc9c : 5dd7                  	dw	df_tk_asm_org
fc9e : 5dd7                  	dw	df_tk_asm_opt
fca0 : a8d6                  	dw	df_tk_asm_db
fca2 : a8d6                  	dw	df_tk_asm_dw
fca4 : 5dd7                  	dw	df_tk_asm_ds
                             
fca6 :                       df_rt_asm_tokenjmp
fca6 : 4ef6                  	dw	df_rt_asm_org
fca8 : 60f6                  	dw	df_rt_asm_opt
fcaa : 68f6                  	dw	df_rt_asm_db
fcac : 6bf6                  	dw	df_rt_asm_dw
fcae : e6f6                  	dw	df_rt_asm_ds
                             
                             
                             ;****************************************
                             ;* as_init
                             ;* Initialise assembler settings
                             ;****************************************
fcb0 :                       asm_init
                             	; Zero the PC
fcb0 : 64cf             [ 3] 	stz df_asmpc
fcb2 : 64d0             [ 3] 	stz df_asmpc+1
                             	; Zero the option
fcb4 : 64d1             [ 3] 	stz df_asmopt
fcb6 : 60               [ 6] 	rts
                             	
fcb7 :                       mod_sz_asm_e
                             
                             
                             	; End of Code
fcb7 :                       _bank1_end
                             	
                             
No errors in pass 2.
Wrote binary from address $c000 through $ffff.
Total size 16384 bytes.
